Customer ID,Age,Gender,Item Purchased,Category,Purchase Amount (USD),Location,Size,Color,Season,Review Rating,Subscription Status,Shipping Type,Discount Applied,Promo Code Used,Previous Purchases,Payment Method,Frequency of Purchases,purchase_cadence_days,est_annual_orders,est_annual_value,tenure_orders,is_high_tenure,lifetime_value_proxy,promo_dependency_score,is_promo_dependent,is_organic_high_value,satisfaction_score,is_at_risk_dissatisfied,customer_value_score,value_tier,category_role
1,55,Male,Blouse,Clothing,53,Kentucky,L,Gray,Winter,3.1,True,Express,True,True,14,Venmo,Fortnightly,14,26.071428571428573,1381.79,14,False,795,3,True,False,3.1,False,48.3,Silver,Entry-Point Category
2,19,Male,Sweater,Clothing,64,Maine,L,Maroon,Winter,3.1,True,Express,True,True,2,Cash,Fortnightly,14,26.071428571428573,1668.57,2,False,192,3,True,False,3.1,False,43.3,Silver,Entry-Point Category
3,50,Male,Jeans,Clothing,73,Massachusetts,S,Maroon,Spring,3.1,True,Free Shipping,True,True,23,Credit Card,Weekly,7,52.142857142857146,3806.43,23,False,1752,3,True,False,3.1,False,66.0,Gold,Entry-Point Category
4,21,Male,Sandals,Footwear,90,Rhode Island,M,Maroon,Spring,3.5,True,Next Day Air,True,True,49,PayPal,Weekly,7,52.142857142857146,4692.86,49,True,4500,3,True,False,3.5,False,86.3,Platinum,Entry-Point Category
5,45,Male,Blouse,Clothing,49,Oregon,M,Turquoise,Spring,2.7,True,Free Shipping,True,True,31,PayPal,Annually,365,1.0,49.0,31,False,1568,3,True,False,2.7,False,22.8,Bronze,Entry-Point Category
6,46,Male,Sneakers,Footwear,20,Wyoming,M,White,Summer,2.9,True,Standard,True,True,14,Venmo,Weekly,7,52.142857142857146,1042.86,14,False,300,3,True,False,2.9,False,42.9,Silver,Entry-Point Category
7,63,Male,Shirt,Clothing,85,Montana,M,Gray,Fall,3.2,True,Free Shipping,True,True,49,Cash,Quarterly,90,4.055555555555555,344.72,49,True,4250,3,True,False,3.2,False,54.6,Silver,Entry-Point Category
8,27,Male,Shorts,Clothing,34,Louisiana,L,Charcoal,Winter,3.2,True,Free Shipping,True,True,19,Credit Card,Weekly,7,52.142857142857146,1772.86,19,False,680,3,True,False,3.2,False,55.4,Gold,Entry-Point Category
9,26,Male,Coat,Outerwear,97,West Virginia,L,Silver,Summer,2.6,True,Express,True,True,8,Venmo,Annually,365,1.0,97.0,8,False,873,3,True,False,2.6,False,13.2,Bronze,Entry-Point Category
10,57,Male,Handbag,Accessories,31,Missouri,M,Pink,Spring,4.8,True,2-Day Shipping,True,True,4,Cash,Quarterly,90,4.055555555555555,125.72,4,False,155,3,True,False,4.8,False,30.2,Silver,Retention Category
11,53,Male,Shoes,Footwear,34,Arkansas,L,Purple,Fall,4.1,True,Store Pickup,True,True,26,Bank Transfer,Bi-Weekly,14,26.071428571428573,886.43,26,False,918,3,True,False,4.1,False,57.8,Gold,Entry-Point Category
12,30,Male,Shorts,Clothing,68,Hawaii,S,Olive,Winter,4.9,True,Store Pickup,True,True,10,Bank Transfer,Fortnightly,14,26.071428571428573,1772.86,10,False,748,3,True,False,4.9,False,63.7,Gold,Entry-Point Category
13,61,Male,Coat,Outerwear,72,Delaware,M,Gold,Winter,4.5,True,Express,True,True,37,Venmo,Fortnightly,14,26.071428571428573,1877.14,37,False,2736,3,True,False,4.5,False,77.9,Gold,Entry-Point Category
14,65,Male,Dress,Clothing,51,New Hampshire,M,Violet,Spring,4.7,True,Express,True,True,31,PayPal,Weekly,7,52.142857142857146,2659.29,31,False,1632,3,True,False,4.7,False,82.2,Platinum,Entry-Point Category
15,64,Male,Coat,Outerwear,53,New York,L,Teal,Winter,4.7,True,Free Shipping,True,True,34,Debit Card,Weekly,7,52.142857142857146,2763.57,34,False,1855,3,True,False,4.7,False,84.3,Platinum,Entry-Point Category
16,64,Male,Skirt,Clothing,81,Rhode Island,M,Teal,Winter,2.8,True,Store Pickup,True,True,8,PayPal,Monthly,30,12.166666666666666,985.5,8,False,729,3,True,False,2.8,False,38.0,Silver,Entry-Point Category
17,25,Male,Sunglasses,Accessories,36,Alabama,S,Gray,Spring,4.1,True,Next Day Air,True,True,44,Debit Card,Bi-Weekly,14,26.071428571428573,938.57,44,True,1620,3,True,False,4.1,False,69.3,Gold,Retention Category
18,53,Male,Dress,Clothing,38,Mississippi,XL,Lavender,Winter,4.7,True,2-Day Shipping,True,True,36,Venmo,Quarterly,90,4.055555555555555,154.11,36,False,1406,3,True,False,4.7,False,50.1,Silver,Entry-Point Category
19,52,Male,Sweater,Clothing,48,Montana,S,Black,Summer,4.6,True,Free Shipping,True,True,17,Cash,Weekly,7,52.142857142857146,2502.86,17,False,864,3,True,False,4.6,False,71.7,Gold,Entry-Point Category
20,66,Male,Pants,Clothing,90,Rhode Island,M,Green,Summer,3.3,True,Standard,True,True,46,Debit Card,Bi-Weekly,14,26.071428571428573,2346.43,46,True,4230,3,True,False,3.3,False,77.1,Gold,Entry-Point Category
21,21,Male,Pants,Clothing,51,Louisiana,M,Black,Winter,2.8,True,Express,True,True,50,Cash,Every 3 Months,90,4.055555555555555,206.83,50,True,2601,3,True,False,2.8,False,45.1,Silver,Entry-Point Category
22,31,Male,Pants,Clothing,62,North Carolina,M,Charcoal,Winter,4.1,True,Store Pickup,True,True,22,Debit Card,Quarterly,90,4.055555555555555,251.44,22,False,1426,3,True,False,4.1,False,40.9,Silver,Entry-Point Category
23,56,Male,Pants,Clothing,37,California,M,Peach,Summer,3.2,True,Store Pickup,True,True,32,Debit Card,Annually,365,1.0,37.0,32,False,1221,3,True,False,3.2,False,26.3,Bronze,Entry-Point Category
24,31,Male,Pants,Clothing,88,Oklahoma,XL,White,Winter,4.4,True,Express,True,True,40,Credit Card,Weekly,7,52.142857142857146,4588.57,40,True,3608,3,True,False,4.4,False,88.1,Platinum,Entry-Point Category
25,18,Male,Jacket,Outerwear,22,Florida,M,Green,Fall,2.9,True,Store Pickup,True,True,16,Debit Card,Weekly,7,52.142857142857146,1147.14,16,False,374,3,True,False,2.9,False,45.6,Silver,Entry-Point Category
26,18,Male,Hoodie,Clothing,25,Texas,M,Silver,Summer,3.6,True,Express,True,True,14,PayPal,Annually,365,1.0,25.0,14,False,375,3,True,False,3.6,False,17.4,Bronze,Entry-Point Category
27,38,Male,Jewelry,Accessories,20,Nevada,M,Red,Spring,3.6,True,Next Day Air,True,True,13,Credit Card,Annually,365,1.0,20.0,13,False,280,3,True,False,3.6,False,16.3,Bronze,Retention Category
28,56,Male,Shorts,Clothing,56,Kentucky,L,Cyan,Summer,5.0,True,Next Day Air,True,True,7,Bank Transfer,Every 3 Months,90,4.055555555555555,227.11,7,False,448,3,True,False,5.0,False,37.8,Silver,Entry-Point Category
29,54,Male,Handbag,Accessories,94,North Carolina,M,Gray,Fall,4.4,True,Free Shipping,True,True,41,PayPal,Every 3 Months,90,4.055555555555555,381.22,41,True,3948,3,True,False,4.4,False,61.4,Gold,Retention Category
30,31,Male,Dress,Clothing,48,Wyoming,S,Black,Fall,4.1,True,Store Pickup,True,True,14,Credit Card,Weekly,7,52.142857142857146,2502.86,14,False,720,3,True,False,4.1,False,66.0,Gold,Entry-Point Category
31,57,Male,Jewelry,Accessories,31,North Carolina,L,Black,Winter,4.7,True,Standard,True,True,16,Credit Card,Monthly,30,12.166666666666666,377.17,16,False,527,3,True,False,4.7,False,48.5,Silver,Retention Category
32,33,Male,Dress,Clothing,79,West Virginia,L,Brown,Winter,4.7,True,Store Pickup,True,True,45,Venmo,Monthly,30,12.166666666666666,961.17,45,True,3634,3,True,False,4.7,False,74.9,Gold,Entry-Point Category
33,36,Male,Jacket,Outerwear,67,Kansas,M,Silver,Summer,4.9,True,Free Shipping,True,True,37,Venmo,Annually,365,1.0,67.0,37,False,2546,3,True,False,4.9,False,45.6,Silver,Entry-Point Category
34,54,Male,Pants,Clothing,38,Colorado,L,Green,Summer,3.3,True,Store Pickup,True,True,45,Cash,Quarterly,90,4.055555555555555,154.11,45,True,1748,3,True,False,3.3,False,43.9,Silver,Entry-Point Category
35,36,Male,T-shirt,Clothing,91,North Dakota,L,Violet,Spring,4.6,True,2-Day Shipping,True,True,38,PayPal,Quarterly,90,4.055555555555555,369.06,38,True,3549,3,True,False,4.6,False,60.6,Gold,Entry-Point Category
36,54,Male,Blouse,Clothing,33,Massachusetts,M,Cyan,Summer,4.0,True,2-Day Shipping,True,True,48,Credit Card,Bi-Weekly,14,26.071428571428573,860.36,48,True,1617,3,True,False,4.0,False,69.9,Gold,Entry-Point Category
37,35,Male,T-shirt,Clothing,69,Illinois,M,Maroon,Winter,4.6,True,Free Shipping,True,True,44,PayPal,Fortnightly,14,26.071428571428573,1798.93,44,True,3105,3,True,False,4.6,False,82.0,Platinum,Entry-Point Category
38,35,Male,Jeans,Clothing,45,Indiana,S,Cyan,Summer,2.8,True,Store Pickup,True,True,10,PayPal,Weekly,7,52.142857142857146,2346.43,10,False,495,3,True,False,2.8,False,51.6,Silver,Entry-Point Category
39,29,Male,Dress,Clothing,37,Florida,M,Red,Winter,3.8,True,2-Day Shipping,True,True,44,Venmo,Every 3 Months,90,4.055555555555555,150.06,44,True,1665,3,True,False,3.8,False,47.1,Silver,Entry-Point Category
40,70,Male,Pants,Clothing,60,Arizona,S,Turquoise,Summer,4.2,True,Express,True,True,18,Credit Card,Monthly,30,12.166666666666666,730.0,18,False,1140,3,True,False,4.2,False,51.5,Silver,Entry-Point Category
41,69,Male,Handbag,Accessories,76,Louisiana,L,Beige,Winter,4.6,True,Next Day Air,True,True,31,Debit Card,Quarterly,90,4.055555555555555,308.22,31,False,2432,3,True,False,4.6,False,53.3,Silver,Retention Category
42,67,Male,Scarf,Accessories,39,Alaska,M,Orange,Spring,4.5,True,Standard,True,True,40,Venmo,Annually,365,1.0,39.0,40,True,1599,3,True,False,4.5,False,41.8,Silver,Retention Category
43,20,Male,Coat,Outerwear,100,Tennessee,M,Beige,Spring,4.1,True,Free Shipping,True,True,15,PayPal,Annually,365,1.0,100.0,15,False,1600,3,True,False,4.1,False,29.9,Bronze,Entry-Point Category
44,25,Male,Scarf,Accessories,69,Ohio,L,Lavender,Fall,3.7,True,Store Pickup,True,True,19,PayPal,Fortnightly,14,26.071428571428573,1798.93,19,False,1380,3,True,False,3.7,False,59.7,Gold,Retention Category
45,39,Male,Hat,Accessories,53,Kentucky,S,Silver,Summer,4.6,True,Free Shipping,True,True,45,PayPal,Weekly,7,52.142857142857146,2763.57,45,True,2438,3,True,False,4.6,False,89.7,Platinum,Retention Category
46,50,Male,Socks,Clothing,21,Tennessee,XL,Indigo,Fall,2.9,True,2-Day Shipping,True,True,25,PayPal,Annually,365,1.0,21.0,25,False,546,3,True,False,2.9,False,18.0,Bronze,Entry-Point Category
47,57,Male,Shirt,Clothing,43,California,L,White,Summer,2.9,True,Store Pickup,True,True,45,Cash,Quarterly,90,4.055555555555555,174.39,45,True,1978,3,True,False,2.9,False,41.7,Silver,Entry-Point Category
48,55,Male,Jewelry,Accessories,54,Montana,M,Charcoal,Winter,4.5,True,Free Shipping,True,True,36,Cash,Weekly,7,52.142857142857146,2815.71,36,False,1998,3,True,False,4.5,False,83.8,Platinum,Retention Category
49,42,Male,Shirt,Clothing,55,Nevada,M,Orange,Summer,2.7,True,Store Pickup,True,True,38,Cash,Monthly,30,12.166666666666666,669.17,38,True,2145,3,True,False,2.7,False,50.7,Silver,Entry-Point Category
50,68,Male,Hoodie,Clothing,30,New Jersey,S,Indigo,Spring,4.6,True,Next Day Air,True,True,34,Debit Card,Bi-Weekly,14,26.071428571428573,782.14,34,False,1050,3,True,False,4.6,False,65.5,Gold,Entry-Point Category
51,49,Male,Blouse,Clothing,28,Maryland,M,Red,Spring,3.8,True,Store Pickup,True,True,39,Debit Card,Bi-Weekly,14,26.071428571428573,730.0,39,True,1120,3,True,False,3.8,False,60.9,Gold,Entry-Point Category
52,59,Male,Skirt,Clothing,59,Vermont,XL,Gray,Winter,4.7,True,2-Day Shipping,True,True,7,Credit Card,Quarterly,90,4.055555555555555,239.28,7,False,472,3,True,False,4.7,False,36.3,Silver,Entry-Point Category
53,42,Male,T-shirt,Clothing,20,Alaska,M,Green,Summer,2.6,True,Free Shipping,True,True,26,Credit Card,Weekly,7,52.142857142857146,1042.86,26,False,540,3,True,False,2.6,False,47.8,Silver,Entry-Point Category
54,29,Male,Skirt,Clothing,24,Mississippi,S,Peach,Winter,3.9,True,Next Day Air,True,True,35,Credit Card,Weekly,7,52.142857142857146,1251.43,35,False,864,3,True,False,3.9,False,66.5,Gold,Entry-Point Category
55,47,Male,Coat,Outerwear,94,New Mexico,M,Brown,Summer,4.2,True,Next Day Air,True,True,35,Debit Card,Bi-Weekly,14,26.071428571428573,2450.71,35,False,3384,3,True,False,4.2,False,79.2,Gold,Entry-Point Category
56,40,Male,Jacket,Outerwear,28,South Carolina,M,Lavender,Winter,3.0,True,2-Day Shipping,True,True,49,Credit Card,Annually,365,1.0,28.0,49,True,1400,3,True,False,3.0,False,33.8,Silver,Entry-Point Category
57,41,Male,Backpack,Accessories,73,Mississippi,XL,Brown,Summer,4.7,True,Store Pickup,True,True,46,Credit Card,Weekly,7,52.142857142857146,3806.43,46,True,3431,3,True,False,4.7,False,92.7,Platinum,Retention Category
58,21,Male,Coat,Outerwear,64,West Virginia,M,White,Summer,4.4,True,Store Pickup,True,True,17,Debit Card,Fortnightly,14,26.071428571428573,1668.57,17,False,1152,3,True,False,4.4,False,62.9,Gold,Entry-Point Category
59,69,Male,Hoodie,Clothing,54,Missouri,M,Charcoal,Summer,4.2,True,Free Shipping,True,True,29,Venmo,Monthly,30,12.166666666666666,657.0,29,False,1620,3,True,False,4.2,False,57.4,Gold,Entry-Point Category
60,63,Male,Belt,Accessories,79,Louisiana,L,Yellow,Spring,4.6,True,Standard,True,True,4,Debit Card,Weekly,7,52.142857142857146,4119.29,4,False,395,3,True,False,4.6,False,67.3,Gold,Retention Category
61,50,Male,Sweater,Clothing,37,Idaho,L,Brown,Summer,4.0,True,Express,True,True,17,Cash,Weekly,7,52.142857142857146,1929.29,17,False,666,3,True,False,4.0,False,62.0,Gold,Entry-Point Category
62,55,Male,Scarf,Accessories,68,Texas,M,Orange,Winter,4.7,True,Store Pickup,True,True,21,Credit Card,Every 3 Months,90,4.055555555555555,275.78,21,False,1496,3,True,False,4.7,False,46.3,Silver,Retention Category
63,30,Male,Sneakers,Footwear,21,Mississippi,S,Magenta,Spring,3.8,True,Free Shipping,True,True,31,Credit Card,Fortnightly,14,26.071428571428573,547.5,31,False,672,3,True,False,3.8,False,53.4,Silver,Entry-Point Category
64,33,Male,Sunglasses,Accessories,79,Arizona,L,Lavender,Winter,2.7,True,2-Day Shipping,True,True,43,Credit Card,Weekly,7,52.142857142857146,4119.29,43,True,3476,3,True,False,2.7,False,75.2,Gold,Retention Category
65,65,Male,Boots,Footwear,83,Alabama,S,Green,Fall,4.8,True,Standard,True,True,18,Debit Card,Fortnightly,14,26.071428571428573,2163.93,18,False,1577,3,True,False,4.8,False,70.8,Gold,Entry-Point Category
66,65,Male,Backpack,Accessories,36,New Jersey,M,Purple,Spring,4.8,True,2-Day Shipping,True,True,44,Venmo,Every 3 Months,90,4.055555555555555,146.0,44,True,1620,3,True,False,4.8,False,55.0,Gold,Retention Category
67,31,Male,Blouse,Clothing,94,Pennsylvania,S,Magenta,Winter,4.7,True,2-Day Shipping,True,True,3,Venmo,Every 3 Months,90,4.055555555555555,381.22,3,False,376,3,True,False,4.7,False,40.9,Silver,Entry-Point Category
68,45,Male,Coat,Outerwear,33,Connecticut,L,Gray,Winter,4.4,True,Store Pickup,True,True,49,Debit Card,Monthly,30,12.166666666666666,401.5,49,True,1650,3,True,False,4.4,False,67.5,Gold,Entry-Point Category
69,57,Male,Handbag,Accessories,46,Utah,L,Silver,Summer,3.9,True,Next Day Air,True,True,21,Cash,Every 3 Months,90,4.055555555555555,186.56,21,False,1012,3,True,False,3.9,False,36.0,Silver,Retention Category
70,48,Male,Belt,Accessories,70,Tennessee,S,Cyan,Summer,4.4,True,Express,True,True,5,Cash,Weekly,7,52.142857142857146,3650.0,5,False,420,3,True,False,4.4,False,65.8,Gold,Retention Category
71,22,Male,Belt,Accessories,29,Alabama,M,Magenta,Fall,4.2,True,Express,True,True,32,Debit Card,Every 3 Months,90,4.055555555555555,117.61,32,False,957,3,True,False,4.2,False,42.1,Silver,Retention Category
72,36,Male,Dress,Clothing,48,Virginia,L,Gold,Summer,2.9,True,Express,True,True,34,Bank Transfer,Annually,365,1.0,48.0,34,False,1680,3,True,False,2.9,False,26.1,Bronze,Entry-Point Category
73,18,Male,Dress,Clothing,26,Georgia,M,Olive,Winter,2.9,True,Store Pickup,True,True,21,Bank Transfer,Every 3 Months,90,4.055555555555555,105.44,21,False,572,3,True,False,2.9,False,24.1,Bronze,Entry-Point Category
74,48,Male,Pants,Clothing,85,Hawaii,M,Teal,Spring,2.7,True,Free Shipping,True,True,43,Bank Transfer,Bi-Weekly,14,26.071428571428573,2216.07,43,True,3740,3,True,False,2.7,False,69.5,Gold,Entry-Point Category
75,49,Male,Gloves,Accessories,58,Indiana,L,Violet,Spring,4.5,True,Express,True,True,3,Cash,Monthly,30,12.166666666666666,705.67,3,False,232,3,True,False,4.5,False,44.8,Silver,Retention Category
76,64,Male,Scarf,Accessories,85,Utah,M,Blue,Summer,2.7,True,Free Shipping,True,True,21,Credit Card,Annually,365,1.0,85.0,21,False,1870,3,True,False,2.7,False,19.9,Bronze,Retention Category
77,50,Male,Hat,Accessories,43,Delaware,S,Teal,Summer,4.2,True,Free Shipping,True,True,32,Venmo,Monthly,30,12.166666666666666,523.17,32,False,1419,3,True,False,4.2,False,57.2,Gold,Retention Category
78,22,Male,Dress,Clothing,53,Delaware,L,Gold,Summer,3.3,True,Next Day Air,True,True,36,Debit Card,Fortnightly,14,26.071428571428573,1381.79,36,False,1961,3,True,False,3.3,False,63.2,Gold,Entry-Point Category
79,50,Male,Skirt,Clothing,91,Nebraska,M,Maroon,Spring,4.7,True,Free Shipping,True,True,50,Venmo,Fortnightly,14,26.071428571428573,2372.5,50,True,4641,3,True,False,4.7,False,91.3,Platinum,Entry-Point Category
80,38,Male,Jacket,Outerwear,96,Iowa,M,Olive,Winter,2.6,True,2-Day Shipping,True,True,43,Bank Transfer,Every 3 Months,90,4.055555555555555,389.33,43,True,4224,3,True,False,2.6,False,48.4,Silver,Entry-Point Category
81,19,Male,Sandals,Footwear,72,New York,XL,Blue,Summer,3.8,True,Store Pickup,True,True,24,Credit Card,Every 3 Months,90,4.055555555555555,292.0,24,False,1800,3,True,False,3.8,False,41.5,Silver,Entry-Point Category
82,67,Male,Shoes,Footwear,96,Virginia,L,Maroon,Summer,2.6,True,Express,True,True,36,Credit Card,Every 3 Months,90,4.055555555555555,389.33,36,False,3552,3,True,False,2.6,False,44.4,Silver,Entry-Point Category
83,19,Male,Pants,Clothing,28,Georgia,S,Olive,Spring,4.0,True,2-Day Shipping,True,True,21,Credit Card,Every 3 Months,90,4.055555555555555,113.56,21,False,616,3,True,False,4.0,False,33.5,Silver,Entry-Point Category
84,36,Male,Dress,Clothing,40,Texas,M,Turquoise,Summer,4.1,True,Standard,True,True,34,Bank Transfer,Weekly,7,52.142857142857146,2085.71,34,False,1400,3,True,False,4.1,False,74.6,Gold,Entry-Point Category
85,52,Male,Coat,Outerwear,32,Arizona,S,Peach,Spring,4.4,True,Standard,True,True,42,Bank Transfer,Every 3 Months,90,4.055555555555555,129.78,42,True,1376,3,True,False,4.4,False,50.0,Silver,Entry-Point Category
86,53,Male,Sunglasses,Accessories,95,New Mexico,M,Charcoal,Winter,4.5,True,Next Day Air,True,True,2,Debit Card,Bi-Weekly,14,26.071428571428573,2476.79,2,False,285,3,True,False,4.5,False,61.8,Gold,Retention Category
87,24,Male,Hoodie,Clothing,41,Nevada,L,Pink,Spring,3.7,True,2-Day Shipping,True,True,47,Cash,Bi-Weekly,14,26.071428571428573,1068.93,47,True,1968,3,True,False,3.7,False,69.4,Gold,Entry-Point Category
88,52,Male,Shoes,Footwear,53,Ohio,M,Green,Fall,3.7,True,2-Day Shipping,True,True,44,Debit Card,Fortnightly,14,26.071428571428573,1381.79,44,True,2385,3,True,False,3.7,False,71.0,Gold,Entry-Point Category
89,33,Male,T-shirt,Clothing,47,Wyoming,M,Orange,Fall,3.5,True,Free Shipping,True,True,35,Credit Card,Monthly,30,12.166666666666666,571.83,35,False,1692,3,True,False,3.5,False,53.8,Silver,Entry-Point Category
90,47,Male,Jacket,Outerwear,83,California,XL,Pink,Fall,3.6,True,Next Day Air,True,True,15,Cash,Quarterly,90,4.055555555555555,336.61,15,False,1328,3,True,False,3.6,False,37.0,Silver,Entry-Point Category
91,25,Male,Hat,Accessories,48,South Carolina,L,Violet,Summer,2.9,True,Express,True,True,29,Credit Card,Monthly,30,12.166666666666666,584.0,29,False,1440,3,True,False,2.9,False,45.4,Silver,Retention Category
92,44,Male,Scarf,Accessories,99,South Carolina,S,Green,Winter,4.6,True,Standard,True,True,18,Credit Card,Every 3 Months,90,4.055555555555555,401.5,18,False,1881,3,True,False,4.6,False,50.3,Silver,Retention Category
93,61,Male,Jacket,Outerwear,87,Texas,M,Olive,Winter,4.4,True,2-Day Shipping,True,True,13,Venmo,Every 3 Months,90,4.055555555555555,352.83,13,False,1218,3,True,False,4.4,False,43.1,Silver,Entry-Point Category
94,37,Male,Sweater,Clothing,62,Florida,M,Purple,Fall,4.5,True,Standard,True,True,46,Credit Card,Weekly,7,52.142857142857146,3232.86,46,True,2914,3,True,False,4.5,False,90.3,Platinum,Entry-Point Category
95,58,Male,Skirt,Clothing,76,Nevada,S,Silver,Spring,4.6,True,Free Shipping,True,True,28,Credit Card,Weekly,7,52.142857142857146,3962.86,28,False,2204,3,True,False,4.6,False,81.5,Platinum,Entry-Point Category
96,37,Male,Sneakers,Footwear,100,Missouri,L,Pink,Fall,3.8,True,Free Shipping,True,True,48,PayPal,Monthly,30,12.166666666666666,1216.67,48,True,4900,3,True,False,3.8,False,73.0,Gold,Entry-Point Category
97,32,Male,Gloves,Accessories,73,Delaware,S,Gold,Spring,3.8,True,Express,True,True,43,Venmo,Every 3 Months,90,4.055555555555555,296.06,43,True,3212,3,True,False,3.8,False,53.2,Silver,Retention Category
98,21,Male,Shoes,Footwear,92,Virginia,M,Teal,Winter,4.8,True,Store Pickup,True,True,37,Cash,Annually,365,1.0,92.0,37,False,3496,3,True,False,4.8,False,47.4,Silver,Entry-Point Category
99,20,Male,Jeans,Clothing,67,New York,XL,Teal,Spring,2.6,True,Next Day Air,True,True,20,Bank Transfer,Annually,365,1.0,67.0,20,False,1407,3,True,False,2.6,False,16.8,Bronze,Entry-Point Category
100,26,Male,Hoodie,Clothing,40,Missouri,XL,Indigo,Summer,3.7,True,Express,True,True,33,Debit Card,Quarterly,90,4.055555555555555,162.22,33,False,1360,3,True,False,3.7,False,40.7,Silver,Entry-Point Category
101,62,Male,Sunglasses,Accessories,98,South Dakota,M,Maroon,Fall,2.7,True,Express,True,True,31,Cash,Fortnightly,14,26.071428571428573,2555.0,31,False,3136,3,True,False,2.7,False,65.4,Gold,Retention Category
102,27,Male,Coat,Outerwear,85,North Dakota,XL,White,Spring,4.6,True,Express,True,True,50,Credit Card,Bi-Weekly,14,26.071428571428573,2216.07,50,True,4335,3,True,False,4.6,False,89.0,Platinum,Entry-Point Category
103,51,Male,Socks,Clothing,67,Oklahoma,L,Violet,Winter,4.8,True,Next Day Air,True,True,35,Credit Card,Quarterly,90,4.055555555555555,271.72,35,False,2412,3,True,False,4.8,False,55.5,Gold,Entry-Point Category
104,54,Male,Boots,Footwear,89,West Virginia,L,Red,Winter,4.0,True,Next Day Air,True,True,22,Venmo,Bi-Weekly,14,26.071428571428573,2320.36,22,False,2047,3,True,False,4.0,False,68.4,Gold,Entry-Point Category
105,55,Male,Sunglasses,Accessories,24,New Hampshire,L,Pink,Spring,4.4,True,2-Day Shipping,True,True,1,PayPal,Monthly,30,12.166666666666666,292.0,1,False,48,3,True,False,4.4,False,32.7,Silver,Retention Category
106,69,Male,Backpack,Accessories,96,New York,M,Charcoal,Fall,3.6,True,Next Day Air,True,True,4,Bank Transfer,Annually,365,1.0,96.0,4,False,480,3,True,False,3.6,False,18.6,Bronze,Retention Category
107,64,Male,Jacket,Outerwear,35,Minnesota,L,White,Summer,3.7,True,Standard,True,True,31,Credit Card,Monthly,30,12.166666666666666,425.83,31,False,1120,3,True,False,3.7,False,51.4,Silver,Entry-Point Category
108,28,Male,Sneakers,Footwear,67,Maryland,L,Olive,Winter,3.1,True,Next Day Air,True,True,46,PayPal,Fortnightly,14,26.071428571428573,1746.79,46,True,3149,3,True,False,3.1,False,70.5,Gold,Entry-Point Category
109,70,Male,Socks,Clothing,79,Montana,L,Purple,Spring,3.4,True,Next Day Air,True,True,32,Bank Transfer,Bi-Weekly,14,26.071428571428573,2059.64,32,False,2607,3,True,False,3.4,False,67.3,Gold,Entry-Point Category
110,58,Male,T-shirt,Clothing,85,Alabama,M,Violet,Spring,2.6,True,Next Day Air,True,True,43,Bank Transfer,Fortnightly,14,26.071428571428573,2216.07,43,True,3740,3,True,False,2.6,False,68.7,Gold,Entry-Point Category
111,56,Male,Backpack,Accessories,26,New York,M,Black,Summer,4.0,True,Standard,True,True,26,Venmo,Fortnightly,14,26.071428571428573,677.86,26,False,702,3,True,False,4.0,False,54.2,Silver,Retention Category
112,26,Male,Belt,Accessories,75,Massachusetts,L,Purple,Summer,5.0,True,Free Shipping,True,True,9,Credit Card,Annually,365,1.0,75.0,9,False,750,3,True,False,5.0,False,30.0,Silver,Retention Category
113,37,Male,Gloves,Accessories,65,Florida,M,Red,Spring,4.3,True,Free Shipping,True,True,28,PayPal,Bi-Weekly,14,26.071428571428573,1694.64,28,False,1885,3,True,False,4.3,False,69.1,Gold,Retention Category
114,44,Male,Hat,Accessories,54,New Jersey,L,Maroon,Winter,3.1,True,Next Day Air,True,True,20,PayPal,Quarterly,90,4.055555555555555,219.0,20,False,1134,3,True,False,3.1,False,29.9,Bronze,Retention Category
115,70,Male,Coat,Outerwear,95,Massachusetts,S,Blue,Summer,3.7,True,Store Pickup,True,True,9,Cash,Weekly,7,52.142857142857146,4953.57,9,False,950,3,True,False,3.7,False,64.3,Gold,Entry-Point Category
116,53,Male,Skirt,Clothing,94,Wyoming,M,Gray,Spring,3.8,True,Standard,True,True,48,Debit Card,Every 3 Months,90,4.055555555555555,381.22,48,True,4606,3,True,False,3.8,False,60.6,Gold,Entry-Point Category
117,55,Male,Shoes,Footwear,86,Virginia,S,Blue,Spring,3.4,True,Free Shipping,True,True,12,Venmo,Annually,365,1.0,86.0,12,False,1118,3,True,False,3.4,False,20.3,Bronze,Entry-Point Category
118,50,Male,Sandals,Footwear,32,South Dakota,L,Yellow,Summer,4.6,True,Express,True,True,29,Cash,Fortnightly,14,26.071428571428573,834.29,29,False,960,3,True,False,4.6,False,63.0,Gold,Entry-Point Category
119,50,Male,Sweater,Clothing,45,Kentucky,L,Orange,Fall,4.8,True,2-Day Shipping,True,True,27,Cash,Bi-Weekly,14,26.071428571428573,1173.21,27,False,1260,3,True,False,4.8,False,68.1,Gold,Entry-Point Category
120,38,Male,Coat,Outerwear,76,Wyoming,M,Orange,Fall,4.3,True,Express,True,True,44,Cash,Annually,365,1.0,76.0,44,True,3420,3,True,False,4.3,False,45.7,Silver,Entry-Point Category
121,64,Male,Hat,Accessories,84,West Virginia,L,Red,Summer,4.0,True,Express,True,True,32,Bank Transfer,Annually,365,1.0,84.0,32,False,2772,3,True,False,4.0,False,37.1,Silver,Retention Category
122,19,Male,Shorts,Clothing,72,Virginia,M,Olive,Winter,4.2,True,Standard,True,True,11,Cash,Fortnightly,14,26.071428571428573,1877.14,11,False,864,3,True,False,4.2,False,59.8,Gold,Entry-Point Category
123,40,Male,Backpack,Accessories,40,Washington,L,Brown,Spring,4.8,True,2-Day Shipping,True,True,44,Cash,Fortnightly,14,26.071428571428573,1042.86,44,True,1800,3,True,False,4.8,False,76.2,Gold,Retention Category
124,57,Male,Sweater,Clothing,89,Louisiana,L,Brown,Fall,3.1,True,Free Shipping,True,True,46,Cash,Weekly,7,52.142857142857146,4640.71,46,True,4183,3,True,False,3.1,False,81.1,Platinum,Entry-Point Category
125,44,Male,Sweater,Clothing,86,Nevada,M,Gray,Spring,3.1,True,Next Day Air,True,True,50,PayPal,Annually,365,1.0,86.0,50,True,4386,3,True,False,3.1,False,40.7,Silver,Entry-Point Category
126,49,Male,Shorts,Clothing,54,California,M,Indigo,Winter,3.6,True,Next Day Air,True,True,45,Venmo,Every 3 Months,90,4.055555555555555,219.0,45,True,2484,3,True,False,3.6,False,48.9,Silver,Entry-Point Category
127,43,Male,Shorts,Clothing,36,Mississippi,L,Pink,Spring,3.9,True,Store Pickup,True,True,48,Cash,Every 3 Months,90,4.055555555555555,146.0,48,True,1764,3,True,False,3.9,False,50.3,Silver,Entry-Point Category
128,24,Male,Sweater,Clothing,89,Mississippi,M,Gray,Winter,4.8,True,Next Day Air,True,True,26,Credit Card,Weekly,7,52.142857142857146,4640.71,26,False,2403,3,True,False,4.8,False,82.9,Platinum,Entry-Point Category
129,20,Male,Scarf,Accessories,32,California,M,Gold,Spring,4.7,True,Standard,True,True,21,Credit Card,Fortnightly,14,26.071428571428573,834.29,21,False,704,3,True,False,4.7,False,59.0,Gold,Retention Category
130,24,Male,Dress,Clothing,67,Pennsylvania,XL,Olive,Summer,4.2,True,2-Day Shipping,True,True,49,PayPal,Bi-Weekly,14,26.071428571428573,1746.79,49,True,3350,3,True,False,4.2,False,81.4,Platinum,Entry-Point Category
131,44,Male,Scarf,Accessories,39,Kentucky,L,Violet,Fall,3.7,True,Next Day Air,True,True,13,PayPal,Fortnightly,14,26.071428571428573,1016.79,13,False,546,3,True,False,3.7,False,48.4,Silver,Retention Category
132,28,Male,Skirt,Clothing,29,Maine,L,Indigo,Summer,3.9,True,Standard,True,True,46,Credit Card,Weekly,7,52.142857142857146,1512.14,46,True,1363,3,True,False,3.9,False,75.0,Gold,Entry-Point Category
133,30,Male,Backpack,Accessories,58,New Mexico,M,Orange,Fall,4.7,True,2-Day Shipping,True,True,42,PayPal,Weekly,7,52.142857142857146,3024.29,42,True,2494,3,True,False,4.7,False,89.2,Platinum,Retention Category
134,52,Male,Sweater,Clothing,65,Montana,M,Violet,Winter,2.5,True,Next Day Air,True,True,25,Venmo,Annually,365,1.0,65.0,25,False,1690,3,True,False,2.5,True,19.1,Bronze,Entry-Point Category
135,43,Male,Hat,Accessories,94,Texas,L,Gray,Fall,4.9,True,Store Pickup,True,True,25,Cash,Monthly,30,12.166666666666666,1143.67,25,False,2444,3,True,False,4.9,False,67.0,Gold,Retention Category
136,43,Male,Sandals,Footwear,81,Kansas,M,Purple,Fall,4.1,True,Express,True,True,12,PayPal,Quarterly,90,4.055555555555555,328.5,12,False,1053,3,True,False,4.1,False,38.9,Silver,Entry-Point Category
137,39,Male,Blouse,Clothing,86,South Carolina,M,White,Winter,3.3,True,Free Shipping,True,True,4,Debit Card,Quarterly,90,4.055555555555555,348.78,4,False,430,3,True,False,3.3,False,28.5,Bronze,Entry-Point Category
138,68,Male,Sneakers,Footwear,43,Colorado,M,Turquoise,Spring,4.7,True,Free Shipping,True,True,38,PayPal,Weekly,7,52.142857142857146,2242.14,38,True,1677,3,True,False,4.7,False,82.9,Platinum,Entry-Point Category
139,68,Male,Skirt,Clothing,29,Georgia,M,Maroon,Winter,4.4,True,Store Pickup,True,True,42,Bank Transfer,Weekly,7,52.142857142857146,1512.14,42,True,1247,3,True,False,4.4,False,76.9,Gold,Entry-Point Category
140,49,Male,Coat,Outerwear,95,Florida,M,White,Fall,3.8,True,Store Pickup,True,True,30,Venmo,Annually,365,1.0,95.0,30,False,2945,3,True,False,3.8,False,35.6,Silver,Entry-Point Category
141,63,Male,Shirt,Clothing,28,North Carolina,L,Yellow,Fall,3.9,True,2-Day Shipping,True,True,50,Credit Card,Weekly,7,52.142857142857146,1460.0,50,True,1428,3,True,False,3.9,False,77.0,Gold,Entry-Point Category
142,56,Male,Gloves,Accessories,46,Virginia,M,Turquoise,Fall,4.9,True,Free Shipping,True,True,45,PayPal,Weekly,7,52.142857142857146,2398.57,45,True,2116,3,True,False,4.9,False,90.0,Platinum,Retention Category
143,37,Male,Jacket,Outerwear,58,Nebraska,L,Violet,Fall,3.1,True,Free Shipping,True,True,33,Credit Card,Fortnightly,14,26.071428571428573,1512.14,33,False,1972,3,True,False,3.1,False,61.0,Gold,Entry-Point Category
144,30,Male,Coat,Outerwear,48,Missouri,M,Beige,Fall,2.7,True,Store Pickup,True,True,25,PayPal,Quarterly,90,4.055555555555555,194.67,25,False,1248,3,True,False,2.7,False,29.0,Bronze,Entry-Point Category
145,19,Male,Shoes,Footwear,43,New Jersey,M,Silver,Fall,3.2,True,Express,True,True,25,Cash,Monthly,30,12.166666666666666,523.17,25,False,1118,3,True,False,3.2,False,44.6,Silver,Entry-Point Category
146,24,Male,Jewelry,Accessories,95,Missouri,M,Teal,Fall,4.5,True,Standard,True,True,44,Debit Card,Quarterly,90,4.055555555555555,385.28,44,True,4275,3,True,False,4.5,False,64.1,Gold,Retention Category
147,52,Male,Skirt,Clothing,30,Colorado,S,Black,Fall,4.0,True,Standard,True,True,21,Venmo,Fortnightly,14,26.071428571428573,782.14,21,False,660,3,True,False,4.0,False,52.6,Silver,Entry-Point Category
148,63,Male,Shoes,Footwear,64,Idaho,M,Purple,Summer,3.5,True,2-Day Shipping,True,True,31,Bank Transfer,Fortnightly,14,26.071428571428573,1668.57,31,False,2048,3,True,False,3.5,False,64.1,Gold,Entry-Point Category
149,37,Male,Gloves,Accessories,90,Wyoming,M,Gray,Fall,2.6,True,Store Pickup,True,True,47,Debit Card,Annually,365,1.0,90.0,47,True,4320,3,True,False,2.6,False,35.4,Silver,Retention Category
150,38,Male,Pants,Clothing,76,Delaware,M,White,Summer,3.2,True,Free Shipping,True,True,14,PayPal,Monthly,30,12.166666666666666,924.67,14,False,1140,3,True,False,3.2,False,43.7,Silver,Entry-Point Category
151,35,Male,Boots,Footwear,96,California,L,Cyan,Fall,4.9,True,Standard,True,True,17,Debit Card,Every 3 Months,90,4.055555555555555,389.33,17,False,1728,3,True,False,4.9,False,51.3,Silver,Entry-Point Category
152,28,Male,Sunglasses,Accessories,47,North Dakota,L,Turquoise,Fall,4.5,True,Next Day Air,True,True,3,Venmo,Annually,365,1.0,47.0,3,False,188,3,True,False,4.5,False,20.2,Bronze,Retention Category
153,30,Male,Shirt,Clothing,85,South Carolina,S,Brown,Summer,4.3,True,Express,True,True,42,Venmo,Annually,365,1.0,85.0,42,True,3655,3,True,False,4.3,False,45.5,Silver,Entry-Point Category
154,69,Male,Hoodie,Clothing,55,North Carolina,M,Maroon,Winter,3.2,True,Standard,True,True,22,Debit Card,Annually,365,1.0,55.0,22,False,1265,3,True,False,3.2,False,21.8,Bronze,Entry-Point Category
155,41,Male,Dress,Clothing,98,Oklahoma,M,Charcoal,Fall,3.6,True,Next Day Air,True,True,21,Venmo,Quarterly,90,4.055555555555555,397.44,21,False,2156,3,True,False,3.6,False,43.8,Silver,Entry-Point Category
156,63,Male,Socks,Clothing,77,Maine,S,Olive,Spring,4.3,True,Free Shipping,True,True,21,Bank Transfer,Quarterly,90,4.055555555555555,312.28,21,False,1694,3,True,False,4.3,False,45.1,Silver,Entry-Point Category
157,35,Male,Shorts,Clothing,26,Missouri,M,Lavender,Fall,4.0,True,Standard,True,True,40,Debit Card,Annually,365,1.0,26.0,40,True,1066,3,True,False,4.0,False,36.5,Silver,Entry-Point Category
158,36,Male,Hat,Accessories,68,Vermont,S,Yellow,Fall,3.0,True,Next Day Air,True,True,1,Bank Transfer,Fortnightly,14,26.071428571428573,1772.86,1,False,136,3,True,False,3.0,False,43.0,Silver,Retention Category
159,25,Male,Shirt,Clothing,73,Connecticut,XL,Teal,Fall,4.1,True,Standard,True,True,50,Bank Transfer,Monthly,30,12.166666666666666,888.17,50,True,3723,3,True,False,4.1,False,72.2,Gold,Entry-Point Category
160,58,Male,Gloves,Accessories,27,New Hampshire,M,Charcoal,Fall,3.8,True,Store Pickup,True,True,39,Bank Transfer,Every 3 Months,90,4.055555555555555,109.5,39,True,1080,3,True,False,3.8,False,42.4,Silver,Retention Category
161,27,Male,Gloves,Accessories,23,Texas,M,Orange,Summer,4.6,True,Free Shipping,True,True,34,Venmo,Monthly,30,12.166666666666666,279.83,34,False,805,3,True,False,4.6,False,53.7,Silver,Retention Category
162,65,Male,Backpack,Accessories,49,North Dakota,M,Olive,Fall,3.0,True,Express,True,True,29,Venmo,Fortnightly,14,26.071428571428573,1277.5,29,False,1470,3,True,False,3.0,False,55.7,Gold,Retention Category
163,54,Male,Sunglasses,Accessories,74,California,M,Turquoise,Summer,3.0,True,Store Pickup,True,True,31,PayPal,Bi-Weekly,14,26.071428571428573,1929.29,31,False,2368,3,True,False,3.0,False,62.4,Gold,Retention Category
164,54,Male,Skirt,Clothing,67,Virginia,M,Purple,Summer,3.4,True,Standard,True,True,8,Debit Card,Weekly,7,52.142857142857146,3493.57,8,False,603,3,True,False,3.4,False,59.2,Gold,Entry-Point Category
165,59,Male,Handbag,Accessories,65,Delaware,S,Purple,Spring,2.6,True,Free Shipping,True,True,5,Credit Card,Fortnightly,14,26.071428571428573,1694.64,5,False,390,3,True,False,2.6,False,41.6,Silver,Retention Category
166,42,Male,Handbag,Accessories,60,Kentucky,S,Yellow,Winter,2.8,True,Store Pickup,True,True,7,Cash,Monthly,30,12.166666666666666,730.0,7,False,480,3,True,False,2.8,False,33.8,Silver,Retention Category
167,46,Male,Sneakers,Footwear,31,Delaware,XL,Indigo,Fall,4.0,True,Store Pickup,True,True,30,Cash,Monthly,30,12.166666666666666,377.17,30,False,961,3,True,False,4.0,False,51.3,Silver,Entry-Point Category
168,33,Male,Gloves,Accessories,27,Arkansas,M,Green,Fall,4.0,True,Express,True,True,14,Credit Card,Every 3 Months,90,4.055555555555555,109.5,14,False,405,3,True,False,4.0,False,29.1,Bronze,Retention Category
169,34,Male,Shoes,Footwear,80,Louisiana,M,Magenta,Summer,3.0,True,Express,True,True,5,Cash,Fortnightly,14,26.071428571428573,2085.71,5,False,480,3,True,False,3.0,False,48.1,Silver,Entry-Point Category
170,27,Male,Jacket,Outerwear,30,Nevada,S,Gold,Summer,3.3,True,Standard,True,True,3,PayPal,Every 3 Months,90,4.055555555555555,121.67,3,False,120,3,True,False,3.3,False,17.2,Bronze,Entry-Point Category
171,52,Male,Shirt,Clothing,25,Wyoming,M,Maroon,Fall,2.6,True,Store Pickup,True,True,46,Venmo,Bi-Weekly,14,26.071428571428573,651.79,46,True,1175,3,True,False,2.6,False,54.4,Silver,Entry-Point Category
172,29,Male,Shorts,Clothing,35,Virginia,M,Blue,Summer,3.6,True,Store Pickup,True,True,4,Credit Card,Weekly,7,52.142857142857146,1825.0,4,False,175,3,True,False,3.6,False,50.3,Silver,Entry-Point Category
173,54,Male,Jewelry,Accessories,67,Nebraska,M,Violet,Summer,3.9,True,Next Day Air,True,True,42,Credit Card,Bi-Weekly,14,26.071428571428573,1746.79,42,True,2881,3,True,False,3.9,False,74.7,Gold,Retention Category
174,25,Male,Hat,Accessories,46,Hawaii,M,Turquoise,Fall,3.4,True,Standard,True,True,30,Cash,Annually,365,1.0,46.0,30,False,1426,3,True,False,3.4,False,27.4,Bronze,Retention Category
175,41,Male,Shoes,Footwear,35,Vermont,L,Brown,Winter,3.5,True,Express,True,True,37,Venmo,Annually,365,1.0,35.0,37,False,1330,3,True,False,3.5,False,31.4,Silver,Entry-Point Category
176,53,Male,Coat,Outerwear,86,Oklahoma,L,Violet,Fall,2.8,True,Next Day Air,True,True,2,Bank Transfer,Annually,365,1.0,86.0,2,False,258,3,True,False,2.8,False,9.5,Bronze,Entry-Point Category
177,53,Male,Backpack,Accessories,81,New Hampshire,L,Black,Spring,2.7,True,Next Day Air,True,True,30,Credit Card,Quarterly,90,4.055555555555555,328.5,30,False,2511,3,True,False,2.7,False,38.3,Silver,Retention Category
178,21,Male,Hoodie,Clothing,42,Kansas,L,Magenta,Fall,3.7,True,Next Day Air,True,True,47,Bank Transfer,Monthly,30,12.166666666666666,511.0,47,True,2016,3,True,False,3.7,False,61.5,Gold,Entry-Point Category
179,61,Male,Skirt,Clothing,43,Idaho,L,Lavender,Fall,4.3,True,2-Day Shipping,True,True,21,PayPal,Quarterly,90,4.055555555555555,174.39,21,False,946,3,True,False,4.3,False,38.9,Silver,Entry-Point Category
180,64,Male,Boots,Footwear,31,Illinois,M,Violet,Fall,4.9,True,Store Pickup,True,True,9,Bank Transfer,Fortnightly,14,26.071428571428573,808.21,9,False,310,3,True,False,4.9,False,52.9,Silver,Entry-Point Category
181,51,Male,Sandals,Footwear,81,South Dakota,L,Green,Fall,3.3,True,Store Pickup,True,True,12,Debit Card,Fortnightly,14,26.071428571428573,2111.79,12,False,1053,3,True,False,3.3,False,54.7,Silver,Entry-Point Category
182,32,Male,Pants,Clothing,61,Massachusetts,M,Beige,Summer,4.7,True,Next Day Air,True,True,4,Bank Transfer,Weekly,7,52.142857142857146,3180.71,4,False,305,3,True,False,4.7,False,66.8,Gold,Entry-Point Category
183,38,Male,Gloves,Accessories,96,Alabama,XL,Purple,Summer,2.8,True,Store Pickup,True,True,10,Debit Card,Annually,365,1.0,96.0,10,False,1056,3,True,False,2.8,False,15.6,Bronze,Retention Category
184,58,Male,Skirt,Clothing,29,Ohio,XL,Beige,Spring,3.6,True,2-Day Shipping,True,True,26,Credit Card,Weekly,7,52.142857142857146,1512.14,26,False,783,3,True,False,3.6,False,60.7,Gold,Entry-Point Category
185,32,Male,Sneakers,Footwear,33,Hawaii,L,Cyan,Spring,3.0,True,Express,True,True,40,Cash,Fortnightly,14,26.071428571428573,860.36,40,True,1353,3,True,False,3.0,False,56.9,Gold,Entry-Point Category
186,46,Male,T-shirt,Clothing,32,Wisconsin,XL,Silver,Summer,4.5,True,Store Pickup,True,True,34,Bank Transfer,Fortnightly,14,26.071428571428573,834.29,34,False,1120,3,True,False,4.5,False,65.4,Gold,Entry-Point Category
187,39,Male,Backpack,Accessories,56,Minnesota,S,Lavender,Summer,2.9,True,Standard,True,True,31,Debit Card,Annually,365,1.0,56.0,31,False,1792,3,True,False,2.9,False,24.9,Bronze,Retention Category
188,19,Male,Shoes,Footwear,94,Georgia,S,Purple,Spring,3.3,True,Store Pickup,True,True,1,Bank Transfer,Bi-Weekly,14,26.071428571428573,2450.71,1,False,188,3,True,False,3.3,False,51.1,Silver,Entry-Point Category
189,50,Male,Hoodie,Clothing,53,Arkansas,M,Pink,Spring,3.1,True,Express,True,True,5,Bank Transfer,Bi-Weekly,14,26.071428571428573,1381.79,5,False,318,3,True,False,3.1,False,43.1,Silver,Entry-Point Category
190,36,Male,Blouse,Clothing,82,West Virginia,M,Maroon,Fall,4.4,True,Next Day Air,True,True,4,Credit Card,Weekly,7,52.142857142857146,4275.71,4,False,410,3,True,False,4.4,False,66.1,Gold,Entry-Point Category
191,65,Male,Coat,Outerwear,70,Indiana,XL,Beige,Fall,3.0,True,Free Shipping,True,True,48,Venmo,Quarterly,90,4.055555555555555,283.89,48,True,3430,3,True,False,3.0,False,49.1,Silver,Entry-Point Category
192,64,Male,Hat,Accessories,76,Utah,M,Gray,Fall,3.9,True,Free Shipping,True,True,29,Cash,Every 3 Months,90,4.055555555555555,308.22,29,False,2280,3,True,False,3.9,False,46.4,Silver,Retention Category
193,46,Male,Shoes,Footwear,29,Nebraska,L,Turquoise,Summer,2.9,True,Express,True,True,12,PayPal,Bi-Weekly,14,26.071428571428573,756.07,12,False,377,3,True,False,2.9,False,37.8,Silver,Entry-Point Category
194,36,Male,Belt,Accessories,100,North Dakota,S,Silver,Fall,3.0,True,Standard,True,True,29,Venmo,Annually,365,1.0,100.0,29,False,3000,3,True,False,3.0,False,29.3,Bronze,Retention Category
195,51,Male,Backpack,Accessories,94,Missouri,M,Olive,Spring,3.1,True,Express,True,True,15,Debit Card,Quarterly,90,4.055555555555555,381.22,15,False,1504,3,True,False,3.1,False,35.2,Silver,Retention Category
196,51,Male,Jacket,Outerwear,25,New York,M,Magenta,Fall,4.3,True,Free Shipping,True,True,34,Credit Card,Monthly,30,12.166666666666666,304.17,34,False,875,3,True,False,4.3,False,52.7,Silver,Entry-Point Category
197,38,Male,Boots,Footwear,88,Washington,M,Lavender,Summer,3.9,True,Next Day Air,True,True,41,Credit Card,Fortnightly,14,26.071428571428573,2294.29,41,True,3696,3,True,False,3.9,False,78.6,Gold,Entry-Point Category
198,59,Male,Scarf,Accessories,78,South Carolina,M,Black,Fall,3.2,True,2-Day Shipping,True,True,41,Credit Card,Monthly,30,12.166666666666666,949.0,41,True,3276,3,True,False,3.2,False,60.4,Gold,Retention Category
199,57,Male,Jewelry,Accessories,45,Utah,M,Turquoise,Winter,4.8,True,Standard,True,True,39,Credit Card,Fortnightly,14,26.071428571428573,1173.21,39,True,1800,3,True,False,4.8,False,75.2,Gold,Retention Category
200,54,Male,Hat,Accessories,73,Idaho,XL,Green,Summer,3.8,True,Express,True,True,32,Cash,Weekly,7,52.142857142857146,3806.43,32,False,2409,3,True,False,3.8,False,77.2,Gold,Retention Category
201,25,Male,Dress,Clothing,61,Pennsylvania,S,Teal,Summer,3.3,True,Next Day Air,True,True,29,Venmo,Monthly,30,12.166666666666666,742.17,29,False,1830,3,True,False,3.3,False,51.0,Silver,Entry-Point Category
202,69,Male,Blouse,Clothing,22,Missouri,S,Beige,Fall,4.3,True,Free Shipping,True,True,15,Bank Transfer,Annually,365,1.0,22.0,15,False,352,3,True,False,4.3,False,23.6,Bronze,Entry-Point Category
203,57,Male,Hat,Accessories,38,Nebraska,L,Magenta,Spring,2.7,True,Express,True,True,33,Venmo,Annually,365,1.0,38.0,33,False,1292,3,True,False,2.7,False,23.1,Bronze,Retention Category
204,70,Male,Scarf,Accessories,38,Indiana,S,Yellow,Fall,3.2,True,Next Day Air,True,True,18,Bank Transfer,Weekly,7,52.142857142857146,1981.43,18,False,722,3,True,False,3.2,False,56.4,Gold,Retention Category
205,24,Male,Sneakers,Footwear,100,Arizona,M,Yellow,Fall,4.0,True,Store Pickup,True,True,35,Cash,Bi-Weekly,14,26.071428571428573,2607.14,35,False,3600,3,True,False,4.0,False,78.9,Gold,Entry-Point Category
206,67,Male,Shirt,Clothing,64,Hawaii,M,Silver,Winter,3.0,True,Standard,True,True,25,PayPal,Weekly,7,52.142857142857146,3337.14,25,False,1664,3,True,False,3.0,False,65.9,Gold,Entry-Point Category
207,24,Male,T-shirt,Clothing,55,Wisconsin,L,Silver,Summer,4.2,True,Free Shipping,True,True,6,Venmo,Fortnightly,14,26.071428571428573,1433.93,6,False,385,3,True,False,4.2,False,53.2,Silver,Entry-Point Category
208,62,Male,Gloves,Accessories,91,Rhode Island,M,Silver,Summer,2.9,True,Express,True,True,17,Bank Transfer,Bi-Weekly,14,26.071428571428573,2372.5,17,False,1638,3,True,False,2.9,False,56.8,Gold,Retention Category
209,57,Male,Skirt,Clothing,38,Wisconsin,M,Gold,Spring,4.1,True,Store Pickup,True,True,17,Credit Card,Monthly,30,12.166666666666666,462.33,17,False,684,3,True,False,4.1,False,46.5,Silver,Entry-Point Category
210,55,Male,Sandals,Footwear,97,Minnesota,S,Olive,Winter,3.2,True,Store Pickup,True,True,44,Cash,Every 3 Months,90,4.055555555555555,393.39,44,True,4365,3,True,False,3.2,False,54.0,Silver,Entry-Point Category
211,45,Male,Jacket,Outerwear,22,Vermont,L,Teal,Fall,3.0,True,2-Day Shipping,True,True,6,PayPal,Fortnightly,14,26.071428571428573,573.57,6,False,154,3,True,False,3.0,False,32.6,Silver,Entry-Point Category
212,69,Male,Skirt,Clothing,92,South Dakota,L,Maroon,Fall,4.2,True,2-Day Shipping,True,True,45,Debit Card,Fortnightly,14,26.071428571428573,2398.57,45,True,4232,3,True,False,4.2,False,84.5,Platinum,Entry-Point Category
213,67,Male,Handbag,Accessories,84,Virginia,L,Blue,Fall,4.2,True,Express,True,True,7,Debit Card,Annually,365,1.0,84.0,7,False,672,3,True,False,4.2,False,23.8,Bronze,Retention Category
214,30,Male,Handbag,Accessories,93,Nevada,L,Peach,Fall,4.4,True,Store Pickup,True,True,11,Debit Card,Every 3 Months,90,4.055555555555555,377.17,11,False,1116,3,True,False,4.4,False,43.1,Silver,Retention Category
215,24,Male,Jacket,Outerwear,50,Hawaii,L,Blue,Summer,4.2,True,Next Day Air,True,True,41,Cash,Every 3 Months,90,4.055555555555555,202.78,41,True,2100,3,True,False,4.2,False,51.1,Silver,Entry-Point Category
216,62,Male,Scarf,Accessories,64,New Jersey,S,Orange,Spring,2.8,True,2-Day Shipping,True,True,24,PayPal,Bi-Weekly,14,26.071428571428573,1668.57,24,False,1600,3,True,False,2.8,False,54.2,Silver,Retention Category
217,43,Male,Shorts,Clothing,61,Massachusetts,L,Yellow,Spring,3.7,True,Free Shipping,True,True,21,Venmo,Weekly,7,52.142857142857146,3180.71,21,False,1342,3,True,False,3.7,False,68.7,Gold,Entry-Point Category
218,35,Male,Sunglasses,Accessories,48,Oklahoma,M,Purple,Winter,3.5,True,Next Day Air,True,True,24,Bank Transfer,Annually,365,1.0,48.0,24,False,1200,3,True,False,3.5,False,24.8,Bronze,Retention Category
219,28,Male,T-shirt,Clothing,45,California,S,Magenta,Spring,2.9,True,Store Pickup,True,True,8,Credit Card,Quarterly,90,4.055555555555555,182.5,8,False,405,3,True,False,2.9,False,20.0,Bronze,Entry-Point Category
220,32,Male,Belt,Accessories,88,Nevada,M,Cyan,Spring,3.0,True,Free Shipping,True,True,12,Cash,Fortnightly,14,26.071428571428573,2294.29,12,False,1144,3,True,False,3.0,False,53.9,Silver,Retention Category
221,39,Male,Sneakers,Footwear,57,Arizona,S,Indigo,Spring,3.7,True,Express,True,True,48,Debit Card,Fortnightly,14,26.071428571428573,1486.07,48,True,2793,3,True,False,3.7,False,74.4,Gold,Entry-Point Category
222,28,Male,Hat,Accessories,68,North Carolina,XL,Magenta,Summer,4.4,True,Store Pickup,True,True,6,Bank Transfer,Quarterly,90,4.055555555555555,275.78,6,False,476,3,True,False,4.4,False,35.2,Silver,Retention Category
223,47,Male,Gloves,Accessories,94,New York,XL,Gray,Spring,4.5,True,2-Day Shipping,True,True,14,PayPal,Fortnightly,14,26.071428571428573,2450.71,14,False,1410,3,True,False,4.5,False,68.8,Gold,Retention Category
224,20,Male,Pants,Clothing,41,Wyoming,M,Turquoise,Spring,4.8,True,Free Shipping,True,True,34,PayPal,Annually,365,1.0,41.0,34,False,1435,3,True,False,4.8,False,40.9,Silver,Entry-Point Category
225,63,Male,Socks,Clothing,83,South Dakota,S,Beige,Summer,2.9,True,Free Shipping,True,True,12,Cash,Every 3 Months,90,4.055555555555555,336.61,12,False,1079,3,True,False,2.9,False,29.5,Bronze,Entry-Point Category
226,25,Male,Jacket,Outerwear,22,Arkansas,M,Olive,Spring,3.2,True,Next Day Air,True,True,11,Bank Transfer,Annually,365,1.0,22.0,11,False,264,3,True,False,3.2,False,12.1,Bronze,Entry-Point Category
227,29,Male,Shoes,Footwear,74,Texas,L,Violet,Spring,3.3,True,Free Shipping,True,True,5,PayPal,Monthly,30,12.166666666666666,900.33,5,False,444,3,True,False,3.3,False,38.9,Silver,Entry-Point Category
228,50,Male,Jeans,Clothing,90,Rhode Island,M,Turquoise,Winter,4.2,True,Standard,True,True,25,Venmo,Fortnightly,14,26.071428571428573,2346.43,25,False,2340,3,True,False,4.2,False,72.1,Gold,Entry-Point Category
229,18,Male,Socks,Clothing,79,New Hampshire,M,White,Spring,2.9,True,Store Pickup,True,True,11,Credit Card,Annually,365,1.0,79.0,11,False,948,3,True,False,2.9,False,14.7,Bronze,Entry-Point Category
230,70,Male,Sandals,Footwear,28,Ohio,S,Silver,Spring,4.6,True,Next Day Air,True,True,27,PayPal,Every 3 Months,90,4.055555555555555,113.56,27,False,784,3,True,False,4.6,False,41.9,Silver,Entry-Point Category
231,66,Male,Scarf,Accessories,88,Utah,L,Olive,Fall,4.1,True,Standard,True,True,43,Credit Card,Annually,365,1.0,88.0,43,True,3872,3,True,False,4.1,False,44.9,Silver,Retention Category
232,28,Male,Blouse,Clothing,26,Tennessee,M,Blue,Spring,3.1,True,2-Day Shipping,True,True,18,Debit Card,Every 3 Months,90,4.055555555555555,105.44,18,False,494,3,True,False,3.1,False,23.8,Bronze,Entry-Point Category
233,54,Male,Jewelry,Accessories,27,Hawaii,L,Purple,Winter,4.2,True,Express,True,True,32,Bank Transfer,Bi-Weekly,14,26.071428571428573,703.93,32,False,891,3,True,False,4.2,False,59.9,Gold,Retention Category
234,19,Male,Sweater,Clothing,83,Arizona,XL,Yellow,Fall,4.5,True,Next Day Air,True,True,27,Bank Transfer,Every 3 Months,90,4.055555555555555,336.61,27,False,2324,3,True,False,4.5,False,51.6,Silver,Entry-Point Category
235,20,Male,Gloves,Accessories,39,South Dakota,S,Silver,Summer,3.7,True,Next Day Air,True,True,24,Credit Card,Weekly,7,52.142857142857146,2033.57,24,False,975,3,True,False,3.7,False,64.5,Gold,Retention Category
236,43,Male,Sunglasses,Accessories,89,New Jersey,M,Cyan,Winter,3.7,True,Free Shipping,True,True,31,Debit Card,Quarterly,90,4.055555555555555,360.94,31,False,2848,3,True,False,3.7,False,48.5,Silver,Retention Category
237,38,Male,Coat,Outerwear,68,North Dakota,L,Green,Winter,3.4,True,Next Day Air,True,True,39,PayPal,Fortnightly,14,26.071428571428573,1772.86,39,True,2720,3,True,False,3.4,False,69.1,Gold,Entry-Point Category
238,50,Male,Dress,Clothing,90,Iowa,M,Beige,Summer,3.0,True,Store Pickup,True,True,36,Debit Card,Fortnightly,14,26.071428571428573,2346.43,36,False,3330,3,True,False,3.0,False,68.9,Gold,Entry-Point Category
239,64,Male,Skirt,Clothing,34,Ohio,M,Peach,Fall,4.2,True,Free Shipping,True,True,5,Cash,Annually,365,1.0,34.0,5,False,204,3,True,False,4.2,False,18.0,Bronze,Entry-Point Category
240,49,Male,Pants,Clothing,51,Vermont,L,Yellow,Summer,2.9,True,Express,True,True,47,Credit Card,Bi-Weekly,14,26.071428571428573,1329.64,47,True,2448,3,True,False,2.9,False,66.0,Gold,Entry-Point Category
241,47,Male,Sweater,Clothing,45,Montana,XL,Turquoise,Winter,3.5,True,Free Shipping,True,True,29,Bank Transfer,Fortnightly,14,26.071428571428573,1173.21,29,False,1350,3,True,False,3.5,False,58.8,Gold,Entry-Point Category
242,36,Male,Hoodie,Clothing,88,Delaware,M,Peach,Winter,4.1,True,Free Shipping,True,True,43,Venmo,Bi-Weekly,14,26.071428571428573,2294.29,43,True,3872,3,True,False,4.1,False,81.5,Platinum,Entry-Point Category
243,55,Male,Coat,Outerwear,85,New York,L,Gray,Summer,4.3,True,Store Pickup,True,True,40,Debit Card,Every 3 Months,90,4.055555555555555,344.72,40,True,3485,3,True,False,4.3,False,58.3,Gold,Entry-Point Category
244,25,Male,Jewelry,Accessories,100,Kentucky,M,Olive,Winter,2.8,True,2-Day Shipping,True,True,4,Debit Card,Monthly,30,12.166666666666666,1216.67,4,False,500,3,True,False,2.8,False,38.6,Silver,Retention Category
245,53,Male,Belt,Accessories,42,Oregon,S,Indigo,Spring,4.9,True,2-Day Shipping,True,True,39,PayPal,Weekly,7,52.142857142857146,2190.0,39,True,1680,3,True,False,4.9,False,84.6,Platinum,Retention Category
246,49,Male,Sandals,Footwear,53,Rhode Island,L,Charcoal,Summer,3.3,True,Next Day Air,True,True,45,Venmo,Fortnightly,14,26.071428571428573,1381.79,45,True,2438,3,True,False,3.3,False,68.4,Gold,Entry-Point Category
247,35,Male,Sunglasses,Accessories,86,Nevada,XL,Beige,Spring,3.2,True,Express,True,True,20,Venmo,Bi-Weekly,14,26.071428571428573,2242.14,20,False,1806,3,True,False,3.2,False,59.8,Gold,Retention Category
248,29,Male,Sweater,Clothing,66,Montana,XL,Brown,Spring,4.4,True,Standard,True,True,14,Debit Card,Weekly,7,52.142857142857146,3441.43,14,False,990,3,True,False,4.4,False,70.8,Gold,Entry-Point Category
249,47,Male,Belt,Accessories,100,Pennsylvania,M,Blue,Winter,4.8,True,Express,True,True,33,PayPal,Weekly,7,52.142857142857146,5214.29,33,False,3400,3,True,False,4.8,False,88.2,Platinum,Retention Category
250,53,Male,Handbag,Accessories,47,Alaska,S,Teal,Fall,4.2,True,Standard,True,True,18,Credit Card,Annually,365,1.0,47.0,18,False,893,3,True,False,4.2,False,26.8,Bronze,Retention Category
251,33,Male,Skirt,Clothing,25,Mississippi,L,Black,Fall,4.0,True,Express,True,True,9,Bank Transfer,Weekly,7,52.142857142857146,1303.57,9,False,250,3,True,False,4.0,False,52.1,Silver,Entry-Point Category
252,21,Male,Handbag,Accessories,51,Wyoming,XL,Gold,Winter,2.5,True,Standard,True,True,34,PayPal,Annually,365,1.0,51.0,34,False,1785,3,True,False,2.5,True,23.5,Bronze,Retention Category
253,32,Male,Shorts,Clothing,41,Delaware,M,Violet,Summer,3.9,True,Free Shipping,True,True,33,Venmo,Fortnightly,14,26.071428571428573,1068.93,33,False,1394,3,True,False,3.9,False,63.0,Gold,Entry-Point Category
254,52,Male,Boots,Footwear,73,Oklahoma,L,Cyan,Winter,4.9,True,2-Day Shipping,True,True,15,Bank Transfer,Bi-Weekly,14,26.071428571428573,1903.21,15,False,1168,3,True,False,4.9,False,68.0,Gold,Entry-Point Category
255,67,Male,Sunglasses,Accessories,42,Indiana,M,White,Winter,3.5,True,Store Pickup,True,True,4,PayPal,Bi-Weekly,14,26.071428571428573,1095.0,4,False,210,3,True,False,3.5,False,42.6,Silver,Retention Category
256,43,Male,Scarf,Accessories,20,Maryland,M,Charcoal,Spring,4.2,True,Free Shipping,True,True,25,Debit Card,Annually,365,1.0,20.0,25,False,520,3,True,False,4.2,False,28.6,Bronze,Retention Category
257,58,Male,Jewelry,Accessories,30,South Dakota,XL,Violet,Spring,4.7,True,Express,True,True,20,Credit Card,Every 3 Months,90,4.055555555555555,121.67,20,False,630,3,True,False,4.7,False,38.8,Silver,Retention Category
258,20,Male,Handbag,Accessories,53,West Virginia,M,Red,Summer,4.5,True,Express,True,True,5,Credit Card,Quarterly,90,4.055555555555555,214.94,5,False,318,3,True,False,4.5,False,32.4,Silver,Retention Category
259,61,Male,Gloves,Accessories,74,Alabama,S,Lavender,Spring,2.8,True,Express,True,True,16,Cash,Quarterly,90,4.055555555555555,300.11,16,False,1258,3,True,False,2.8,False,29.1,Bronze,Retention Category
260,32,Male,Jeans,Clothing,57,Louisiana,M,Gold,Fall,2.9,True,Standard,True,True,13,Debit Card,Annually,365,1.0,57.0,13,False,798,3,True,False,2.9,False,14.1,Bronze,Entry-Point Category
261,38,Male,Hat,Accessories,57,Montana,S,Red,Winter,3.2,True,2-Day Shipping,True,True,11,Credit Card,Every 3 Months,90,4.055555555555555,231.17,11,False,684,3,True,False,3.2,False,25.8,Bronze,Retention Category
262,21,Male,Jeans,Clothing,77,California,L,Magenta,Winter,4.9,True,Standard,True,True,21,Credit Card,Annually,365,1.0,77.0,21,False,1694,3,True,False,4.9,False,36.7,Silver,Entry-Point Category
263,37,Male,Pants,Clothing,40,Hawaii,M,Teal,Summer,3.8,True,Next Day Air,True,True,6,Debit Card,Annually,365,1.0,40.0,6,False,280,3,True,False,3.8,False,15.9,Bronze,Entry-Point Category
264,27,Male,Shorts,Clothing,46,Iowa,M,Purple,Summer,4.3,True,Store Pickup,True,True,29,Venmo,Monthly,30,12.166666666666666,559.67,29,False,1380,3,True,False,4.3,False,56.5,Gold,Entry-Point Category
265,36,Male,Pants,Clothing,78,Colorado,S,Charcoal,Fall,3.9,True,Store Pickup,True,True,15,Cash,Annually,365,1.0,78.0,15,False,1248,3,True,False,3.9,False,25.2,Bronze,Entry-Point Category
266,32,Male,Backpack,Accessories,59,Michigan,M,Gray,Spring,3.2,True,2-Day Shipping,True,True,17,Bank Transfer,Bi-Weekly,14,26.071428571428573,1538.21,17,False,1062,3,True,False,3.2,False,52.1,Silver,Retention Category
267,51,Male,Jewelry,Accessories,75,Louisiana,L,White,Summer,3.1,True,Express,True,True,32,Credit Card,Weekly,7,52.142857142857146,3910.71,32,False,2475,3,True,False,3.1,False,71.8,Gold,Retention Category
268,64,Male,Sweater,Clothing,54,Maryland,M,Olive,Spring,3.9,True,2-Day Shipping,True,True,42,Venmo,Annually,365,1.0,54.0,42,True,2322,3,True,False,3.9,False,39.4,Silver,Entry-Point Category
269,68,Male,Shoes,Footwear,42,Georgia,M,Charcoal,Spring,2.6,True,Store Pickup,True,True,21,Cash,Monthly,30,12.166666666666666,511.0,21,False,924,3,True,False,2.6,False,37.2,Silver,Entry-Point Category
270,68,Male,Blouse,Clothing,44,Georgia,M,Charcoal,Winter,3.3,True,Next Day Air,True,True,9,Cash,Bi-Weekly,14,26.071428571428573,1147.14,9,False,440,3,True,False,3.3,False,44.6,Silver,Entry-Point Category
271,33,Male,Jeans,Clothing,52,North Dakota,XL,Orange,Fall,4.6,True,Free Shipping,True,True,16,Bank Transfer,Annually,365,1.0,52.0,16,False,884,3,True,False,4.6,False,29.2,Bronze,Entry-Point Category
272,65,Male,Sunglasses,Accessories,69,Maryland,XL,Yellow,Summer,4.6,True,Express,True,True,42,Credit Card,Fortnightly,14,26.071428571428573,1798.93,42,True,2967,3,True,False,4.6,False,81.0,Platinum,Retention Category
273,48,Male,Jewelry,Accessories,26,Oregon,M,Beige,Summer,4.4,True,2-Day Shipping,True,True,37,Debit Card,Bi-Weekly,14,26.071428571428573,677.86,37,False,988,3,True,False,4.4,False,64.0,Gold,Retention Category
274,69,Male,Coat,Outerwear,33,North Dakota,S,Silver,Spring,4.2,True,Express,True,True,32,Debit Card,Quarterly,90,4.055555555555555,133.83,32,False,1089,3,True,False,4.2,False,42.8,Silver,Entry-Point Category
275,59,Male,Jewelry,Accessories,32,Maryland,M,Indigo,Spring,3.0,True,Express,True,True,28,Cash,Bi-Weekly,14,26.071428571428573,834.29,28,False,928,3,True,False,3.0,False,49.4,Silver,Retention Category
276,48,Male,Backpack,Accessories,85,Virginia,XL,Lavender,Winter,4.0,True,Express,True,True,13,Credit Card,Weekly,7,52.142857142857146,4432.14,13,False,1190,3,True,False,4.0,False,68.3,Gold,Retention Category
277,25,Male,Skirt,Clothing,30,South Dakota,XL,Turquoise,Fall,3.5,True,Express,True,True,11,Bank Transfer,Fortnightly,14,26.071428571428573,782.14,11,False,360,3,True,False,3.5,False,42.5,Silver,Entry-Point Category
278,29,Male,Shirt,Clothing,29,Georgia,M,Green,Winter,3.0,True,Store Pickup,True,True,36,Bank Transfer,Bi-Weekly,14,26.071428571428573,756.07,36,False,1073,3,True,False,3.0,False,53.1,Silver,Entry-Point Category
279,57,Male,Sweater,Clothing,95,Hawaii,M,Orange,Spring,3.7,True,Express,True,True,23,Debit Card,Annually,365,1.0,95.0,23,False,2280,3,True,False,3.7,False,30.5,Silver,Entry-Point Category
280,23,Male,Sneakers,Footwear,69,Arkansas,L,Turquoise,Summer,4.0,True,Standard,True,True,37,Bank Transfer,Monthly,30,12.166666666666666,839.5,37,False,2622,3,True,False,4.0,False,63.2,Gold,Entry-Point Category
281,45,Male,Sandals,Footwear,69,Montana,S,Cyan,Fall,4.2,True,2-Day Shipping,True,True,21,Cash,Bi-Weekly,14,26.071428571428573,1798.93,21,False,1518,3,True,False,4.2,False,65.2,Gold,Entry-Point Category
282,38,Male,Belt,Accessories,61,Oklahoma,XL,Charcoal,Spring,2.5,True,Standard,True,True,22,Debit Card,Bi-Weekly,14,26.071428571428573,1590.36,22,False,1403,3,True,False,2.5,True,50.3,Silver,Retention Category
283,21,Male,Skirt,Clothing,94,Minnesota,M,Teal,Summer,3.0,True,2-Day Shipping,True,True,9,Cash,Monthly,30,12.166666666666666,1143.67,9,False,940,3,True,False,3.0,False,42.1,Silver,Entry-Point Category
284,32,Male,Sweater,Clothing,30,Montana,S,Maroon,Fall,3.2,True,Next Day Air,True,True,16,Venmo,Annually,365,1.0,30.0,16,False,510,3,True,False,3.2,False,15.8,Bronze,Entry-Point Category
285,63,Male,Skirt,Clothing,45,Ohio,M,Red,Summer,3.5,True,Standard,True,True,4,PayPal,Quarterly,90,4.055555555555555,182.5,4,False,225,3,True,False,3.5,False,22.5,Bronze,Entry-Point Category
286,29,Male,Handbag,Accessories,39,Kentucky,XL,Yellow,Summer,4.8,True,Express,True,True,3,Debit Card,Bi-Weekly,14,26.071428571428573,1016.79,3,False,156,3,True,False,4.8,False,51.3,Silver,Retention Category
287,27,Male,Jewelry,Accessories,51,Nebraska,L,Gray,Summer,2.6,True,Store Pickup,True,True,6,Debit Card,Annually,365,1.0,51.0,6,False,357,3,True,False,2.6,False,7.3,Bronze,Retention Category
288,56,Male,Scarf,Accessories,37,Delaware,L,Blue,Spring,3.4,True,2-Day Shipping,True,True,18,Venmo,Fortnightly,14,26.071428571428573,964.64,18,False,703,3,True,False,3.4,False,48.3,Silver,Retention Category
289,30,Male,T-shirt,Clothing,62,North Carolina,M,Lavender,Winter,3.7,True,2-Day Shipping,True,True,34,Venmo,Bi-Weekly,14,26.071428571428573,1616.43,34,False,2170,3,True,False,3.7,False,67.2,Gold,Entry-Point Category
290,49,Male,Coat,Outerwear,85,New York,M,Yellow,Fall,4.5,True,2-Day Shipping,True,True,26,Credit Card,Monthly,30,12.166666666666666,1034.17,26,False,2295,3,True,False,4.5,False,63.1,Gold,Entry-Point Category
291,58,Male,T-shirt,Clothing,33,Colorado,M,Indigo,Winter,3.7,True,Standard,True,True,50,PayPal,Weekly,7,52.142857142857146,1720.71,50,True,1683,3,True,False,3.7,False,77.4,Gold,Entry-Point Category
292,57,Male,Dress,Clothing,26,Delaware,XL,Violet,Fall,3.3,True,Next Day Air,True,True,40,Bank Transfer,Monthly,30,12.166666666666666,316.33,40,True,1066,3,True,False,3.3,False,48.5,Silver,Entry-Point Category
293,60,Male,Shoes,Footwear,99,Utah,M,Green,Spring,4.7,True,Free Shipping,True,True,24,Cash,Quarterly,90,4.055555555555555,401.5,24,False,2475,3,True,False,4.7,False,54.8,Silver,Entry-Point Category
294,69,Male,Handbag,Accessories,39,Connecticut,M,White,Spring,2.7,True,Express,True,True,33,PayPal,Annually,365,1.0,39.0,33,False,1326,3,True,False,2.7,False,23.2,Bronze,Retention Category
295,70,Male,Skirt,Clothing,20,New Jersey,M,Gold,Spring,4.6,True,Store Pickup,True,True,19,Credit Card,Every 3 Months,90,4.055555555555555,81.11,19,False,400,3,True,False,4.6,False,33.5,Silver,Entry-Point Category
296,53,Male,Sunglasses,Accessories,42,West Virginia,M,Indigo,Winter,2.7,True,Store Pickup,True,True,24,Credit Card,Quarterly,90,4.055555555555555,170.33,24,False,1050,3,True,False,2.7,False,27.5,Bronze,Retention Category
297,25,Male,Sandals,Footwear,74,Indiana,S,Lavender,Spring,4.8,True,2-Day Shipping,True,True,19,Credit Card,Weekly,7,52.142857142857146,3858.57,19,False,1480,3,True,False,4.8,False,77.4,Gold,Entry-Point Category
298,48,Male,Shoes,Footwear,26,Delaware,XL,Purple,Summer,4.4,True,Standard,True,True,4,Credit Card,Bi-Weekly,14,26.071428571428573,677.86,4,False,130,3,True,False,4.4,False,44.2,Silver,Entry-Point Category
299,69,Male,T-shirt,Clothing,53,Maryland,M,Lavender,Winter,4.0,True,Standard,True,True,11,Venmo,Every 3 Months,90,4.055555555555555,214.94,11,False,636,3,True,False,4.0,False,31.8,Silver,Entry-Point Category
300,25,Male,Sneakers,Footwear,80,Pennsylvania,M,Maroon,Summer,3.2,True,Next Day Air,True,True,28,PayPal,Fortnightly,14,26.071428571428573,2085.71,28,False,2320,3,True,False,3.2,False,63.4,Gold,Entry-Point Category
301,29,Male,Hat,Accessories,98,Iowa,M,Teal,Spring,4.4,True,Store Pickup,True,True,24,PayPal,Weekly,7,52.142857142857146,5110.0,24,False,2450,3,True,False,4.4,False,79.3,Gold,Retention Category
302,46,Male,Skirt,Clothing,95,Pennsylvania,M,Green,Spring,3.8,True,Standard,True,True,25,Credit Card,Every 3 Months,90,4.055555555555555,385.28,25,False,2470,3,True,False,3.8,False,47.1,Silver,Entry-Point Category
303,37,Male,Sweater,Clothing,44,Delaware,L,Olive,Summer,3.6,True,Express,True,True,27,Bank Transfer,Every 3 Months,90,4.055555555555555,178.44,27,False,1232,3,True,False,3.6,False,36.8,Silver,Entry-Point Category
304,20,Male,Sandals,Footwear,60,Oregon,M,Turquoise,Summer,3.3,True,Next Day Air,True,True,49,Venmo,Weekly,7,52.142857142857146,3128.57,49,True,3000,3,True,False,3.3,False,82.2,Platinum,Entry-Point Category
305,40,Male,Dress,Clothing,84,Oregon,M,Green,Winter,3.4,True,Next Day Air,True,True,45,Credit Card,Bi-Weekly,14,26.071428571428573,2190.0,45,True,3864,3,True,False,3.4,False,75.9,Gold,Entry-Point Category
306,60,Male,Sweater,Clothing,59,Utah,M,Teal,Fall,3.5,True,2-Day Shipping,True,True,26,PayPal,Annually,365,1.0,59.0,26,False,1593,3,True,False,3.5,False,27.0,Bronze,Entry-Point Category
307,26,Male,Jacket,Outerwear,49,North Dakota,S,White,Summer,3.6,True,Express,True,True,4,Cash,Annually,365,1.0,49.0,4,False,245,3,True,False,3.6,False,13.7,Bronze,Entry-Point Category
308,29,Male,Gloves,Accessories,32,Florida,M,Orange,Winter,3.2,True,Free Shipping,True,True,3,Credit Card,Every 3 Months,90,4.055555555555555,129.78,3,False,128,3,True,False,3.2,False,16.8,Bronze,Retention Category
309,66,Male,Handbag,Accessories,29,Maryland,M,Beige,Fall,3.7,True,Standard,True,True,45,Venmo,Bi-Weekly,14,26.071428571428573,756.07,45,True,1334,3,True,False,3.7,False,63.9,Gold,Retention Category
310,66,Male,Dress,Clothing,22,Minnesota,M,Yellow,Spring,4.5,True,Standard,True,True,21,Cash,Fortnightly,14,26.071428571428573,573.57,21,False,484,3,True,False,4.5,False,53.5,Silver,Entry-Point Category
311,56,Male,Pants,Clothing,85,Montana,M,Charcoal,Winter,4.6,True,Standard,True,True,50,Cash,Fortnightly,14,26.071428571428573,2216.07,50,True,4335,3,True,False,4.6,False,89.0,Platinum,Entry-Point Category
312,69,Male,Jeans,Clothing,52,Rhode Island,L,Silver,Winter,4.1,True,Store Pickup,True,True,19,Bank Transfer,Monthly,30,12.166666666666666,632.67,19,False,1040,3,True,False,4.1,False,50.0,Silver,Entry-Point Category
313,38,Male,Pants,Clothing,89,Massachusetts,L,Green,Spring,3.4,True,Next Day Air,True,True,6,PayPal,Annually,365,1.0,89.0,6,False,623,3,True,False,3.4,False,17.2,Bronze,Entry-Point Category
314,42,Male,Dress,Clothing,77,Vermont,M,Pink,Spring,3.7,True,Express,True,True,50,Credit Card,Every 3 Months,90,4.055555555555555,312.28,50,True,3927,3,True,False,3.7,False,57.4,Gold,Entry-Point Category
315,30,Male,Pants,Clothing,24,New Jersey,M,Purple,Summer,3.3,True,Store Pickup,True,True,17,Debit Card,Every 3 Months,90,4.055555555555555,97.33,17,False,432,3,True,False,3.3,False,24.1,Bronze,Entry-Point Category
316,66,Male,Jewelry,Accessories,24,Wisconsin,XL,Orange,Spring,4.5,True,Express,True,True,24,Debit Card,Annually,365,1.0,24.0,24,False,600,3,True,False,4.5,False,30.6,Silver,Retention Category
317,36,Male,Handbag,Accessories,22,California,M,Charcoal,Fall,3.3,True,Free Shipping,True,True,46,Venmo,Monthly,30,12.166666666666666,267.67,46,True,1034,3,True,False,3.3,False,49.4,Silver,Retention Category
318,58,Male,Sweater,Clothing,82,West Virginia,L,Teal,Fall,4.3,True,Standard,True,True,42,Cash,Every 3 Months,90,4.055555555555555,332.56,42,True,3526,3,True,False,4.3,False,58.8,Gold,Entry-Point Category
319,45,Male,Backpack,Accessories,67,South Dakota,M,Beige,Winter,2.5,True,Standard,True,True,10,Cash,Annually,365,1.0,67.0,10,False,737,3,True,False,2.5,True,10.2,Bronze,Retention Category
320,47,Male,Shorts,Clothing,74,Maine,XL,White,Spring,2.6,True,Standard,True,True,1,Cash,Every 3 Months,90,4.055555555555555,300.11,1,False,148,3,True,False,2.6,False,18.6,Bronze,Entry-Point Category
321,66,Male,Jewelry,Accessories,72,Kansas,L,White,Summer,4.9,True,Standard,True,True,28,Debit Card,Quarterly,90,4.055555555555555,292.0,28,False,2088,3,True,False,4.9,False,52.9,Silver,Retention Category
322,41,Male,Sneakers,Footwear,36,Vermont,L,Orange,Summer,4.7,True,Free Shipping,True,True,48,Debit Card,Quarterly,90,4.055555555555555,146.0,48,True,1764,3,True,False,4.7,False,56.8,Gold,Entry-Point Category
323,41,Male,Belt,Accessories,95,Tennessee,S,Cyan,Winter,3.0,True,Standard,True,True,47,Credit Card,Monthly,30,12.166666666666666,1155.83,47,True,4560,3,True,False,3.0,False,65.2,Gold,Retention Category
324,66,Male,Hoodie,Clothing,78,Tennessee,M,Orange,Winter,3.5,True,Next Day Air,True,True,29,PayPal,Bi-Weekly,14,26.071428571428573,2033.57,29,False,2340,3,True,False,3.5,False,66.0,Gold,Entry-Point Category
325,37,Male,Shirt,Clothing,82,Wyoming,M,Olive,Summer,4.8,True,Standard,True,True,37,Venmo,Quarterly,90,4.055555555555555,332.56,37,False,3116,3,True,False,4.8,False,59.7,Gold,Entry-Point Category
326,70,Male,Pants,Clothing,70,Vermont,M,Charcoal,Winter,4.3,True,Free Shipping,True,True,38,Debit Card,Annually,365,1.0,70.0,38,True,2730,3,True,False,4.3,False,41.7,Silver,Entry-Point Category
327,62,Male,Scarf,Accessories,41,New Jersey,M,White,Fall,3.2,True,Store Pickup,True,True,48,Bank Transfer,Weekly,7,52.142857142857146,2137.86,48,True,2009,3,True,False,3.2,False,75.8,Gold,Retention Category
328,61,Male,Coat,Outerwear,42,Iowa,M,Teal,Summer,3.1,True,Free Shipping,True,True,36,PayPal,Weekly,7,52.142857142857146,2190.0,36,False,1554,3,True,False,3.1,False,68.3,Gold,Entry-Point Category
329,48,Male,Coat,Outerwear,50,Florida,M,Yellow,Fall,2.8,True,Free Shipping,True,True,9,Credit Card,Weekly,7,52.142857142857146,2607.14,9,False,500,3,True,False,2.8,False,53.3,Silver,Entry-Point Category
330,70,Male,Socks,Clothing,31,Nevada,S,White,Summer,2.9,True,2-Day Shipping,True,True,34,Bank Transfer,Monthly,30,12.166666666666666,377.17,34,False,1085,3,True,False,2.9,False,44.9,Silver,Entry-Point Category
331,46,Male,Sweater,Clothing,51,North Dakota,M,Beige,Winter,3.8,True,Express,True,True,43,Venmo,Bi-Weekly,14,26.071428571428573,1329.64,43,True,2244,3,True,False,3.8,False,70.9,Gold,Entry-Point Category
332,31,Male,Shirt,Clothing,98,Florida,L,Beige,Fall,3.3,True,Store Pickup,True,True,46,PayPal,Quarterly,90,4.055555555555555,397.44,46,True,4606,3,True,False,3.3,False,56.2,Gold,Entry-Point Category
333,19,Male,Shirt,Clothing,86,New York,M,Maroon,Winter,2.8,True,2-Day Shipping,True,True,5,Credit Card,Monthly,30,12.166666666666666,1046.33,5,False,516,3,True,False,2.8,False,37.0,Silver,Entry-Point Category
334,39,Male,Sweater,Clothing,64,Alaska,M,Teal,Winter,4.5,True,Standard,True,True,15,Bank Transfer,Bi-Weekly,14,26.071428571428573,1668.57,15,False,1024,3,True,False,4.5,False,62.6,Gold,Entry-Point Category
335,41,Male,Blouse,Clothing,46,Kansas,M,Lavender,Fall,2.6,True,Next Day Air,True,True,30,Credit Card,Annually,365,1.0,46.0,30,False,1426,3,True,False,2.6,False,21.0,Bronze,Entry-Point Category
336,20,Male,Sweater,Clothing,85,Oregon,L,Maroon,Spring,3.7,True,Standard,True,True,44,Venmo,Every 3 Months,90,4.055555555555555,344.72,44,True,3825,3,True,False,3.7,False,55.5,Gold,Entry-Point Category
337,36,Male,Hat,Accessories,81,Rhode Island,S,Orange,Fall,4.4,True,Express,True,True,16,PayPal,Annually,365,1.0,81.0,16,False,1377,3,True,False,4.4,False,30.1,Silver,Retention Category
338,32,Male,Sweater,Clothing,59,New Mexico,M,Cyan,Winter,4.3,True,2-Day Shipping,True,True,16,Bank Transfer,Annually,365,1.0,59.0,16,False,1003,3,True,False,4.3,False,27.5,Bronze,Entry-Point Category
339,69,Male,Hoodie,Clothing,79,Massachusetts,M,Silver,Winter,3.5,True,Express,True,True,16,Cash,Weekly,7,52.142857142857146,4119.29,16,False,1343,3,True,False,3.5,False,65.5,Gold,Entry-Point Category
340,40,Male,Shorts,Clothing,33,Pennsylvania,M,Teal,Spring,3.8,True,2-Day Shipping,True,True,21,Credit Card,Every 3 Months,90,4.055555555555555,133.83,21,False,726,3,True,False,3.8,False,32.6,Silver,Entry-Point Category
341,40,Male,Shorts,Clothing,47,New Jersey,L,Blue,Summer,3.5,True,Express,True,True,39,Venmo,Every 3 Months,90,4.055555555555555,190.61,39,True,1880,3,True,False,3.5,False,43.7,Silver,Entry-Point Category
342,20,Male,Hat,Accessories,20,Utah,S,Blue,Summer,4.6,True,Store Pickup,True,True,40,Debit Card,Bi-Weekly,14,26.071428571428573,521.43,40,True,820,3,True,False,4.6,False,64.9,Gold,Retention Category
343,64,Male,Coat,Outerwear,36,Kentucky,M,Olive,Spring,2.6,True,Next Day Air,True,True,48,Credit Card,Every 3 Months,90,4.055555555555555,146.0,48,True,1764,3,True,False,2.6,False,39.9,Silver,Entry-Point Category
344,27,Male,Sandals,Footwear,39,Nebraska,M,Purple,Summer,4.4,True,Next Day Air,True,True,26,Venmo,Monthly,30,12.166666666666666,474.5,26,False,1053,3,True,False,4.4,False,54.5,Silver,Entry-Point Category
345,24,Male,Skirt,Clothing,71,Virginia,M,Charcoal,Winter,4.0,True,Standard,True,True,46,Debit Card,Monthly,30,12.166666666666666,863.83,46,True,3337,3,True,False,4.0,False,68.7,Gold,Entry-Point Category
346,48,Male,Shoes,Footwear,59,Wyoming,S,Olive,Winter,4.4,True,Next Day Air,True,True,27,Bank Transfer,Annually,365,1.0,59.0,27,False,1652,3,True,False,4.4,False,35.0,Silver,Entry-Point Category
347,49,Male,Jeans,Clothing,50,New Mexico,L,Violet,Spring,4.7,True,Next Day Air,True,True,5,Cash,Weekly,7,52.142857142857146,2607.14,5,False,300,3,True,False,4.7,False,66.5,Gold,Entry-Point Category
348,36,Male,Sandals,Footwear,41,Oregon,L,Red,Fall,3.9,True,Store Pickup,True,True,43,PayPal,Fortnightly,14,26.071428571428573,1068.93,43,True,1804,3,True,False,3.9,False,68.8,Gold,Entry-Point Category
349,56,Male,Blouse,Clothing,59,South Carolina,M,Beige,Fall,2.7,True,Free Shipping,True,True,17,PayPal,Fortnightly,14,26.071428571428573,1538.21,17,False,1062,3,True,False,2.7,False,48.2,Silver,Entry-Point Category
350,37,Male,Hat,Accessories,87,Arizona,M,Green,Winter,3.7,True,2-Day Shipping,True,True,3,Bank Transfer,Bi-Weekly,14,26.071428571428573,2268.21,3,False,348,3,True,False,3.7,False,53.8,Silver,Retention Category
351,42,Male,Sweater,Clothing,68,Kentucky,M,Violet,Spring,2.6,True,2-Day Shipping,True,True,47,Bank Transfer,Fortnightly,14,26.071428571428573,1772.86,47,True,3264,3,True,False,2.6,False,67.4,Gold,Entry-Point Category
352,28,Male,Skirt,Clothing,90,New York,M,Teal,Winter,3.9,True,Standard,True,True,24,Debit Card,Bi-Weekly,14,26.071428571428573,2346.43,24,False,2250,3,True,False,3.9,False,68.9,Gold,Entry-Point Category
353,27,Male,Jeans,Clothing,71,Texas,XL,Yellow,Fall,4.9,True,Next Day Air,True,True,12,Cash,Every 3 Months,90,4.055555555555555,287.94,12,False,923,3,True,False,4.9,False,43.0,Silver,Entry-Point Category
354,63,Male,Sneakers,Footwear,64,Missouri,L,Yellow,Fall,4.1,True,Store Pickup,True,True,35,Debit Card,Monthly,30,12.166666666666666,778.67,35,False,2304,3,True,False,4.1,False,61.9,Gold,Entry-Point Category
355,58,Male,Jewelry,Accessories,76,Pennsylvania,S,Olive,Fall,3.0,True,Free Shipping,True,True,42,Venmo,Weekly,7,52.142857142857146,3962.86,42,True,3268,3,True,False,3.0,False,76.9,Gold,Retention Category
356,37,Male,Jewelry,Accessories,42,Oregon,XL,Magenta,Fall,4.1,True,2-Day Shipping,True,True,1,PayPal,Every 3 Months,90,4.055555555555555,170.33,1,False,84,3,True,False,4.1,False,25.0,Bronze,Retention Category
357,56,Male,Pants,Clothing,80,Nevada,L,Black,Spring,3.8,True,Standard,True,True,27,Cash,Weekly,7,52.142857142857146,4171.43,27,False,2240,3,True,False,3.8,False,74.6,Gold,Entry-Point Category
358,18,Male,Belt,Accessories,56,Arkansas,M,Olive,Spring,4.0,True,Standard,True,True,16,Credit Card,Bi-Weekly,14,26.071428571428573,1460.0,16,False,952,3,True,False,4.0,False,57.5,Gold,Retention Category
359,48,Male,Hat,Accessories,25,Minnesota,XL,Magenta,Summer,3.6,True,Express,True,True,36,Credit Card,Every 3 Months,90,4.055555555555555,101.39,36,False,925,3,True,False,3.6,False,38.6,Silver,Retention Category
360,31,Male,Sneakers,Footwear,74,Georgia,M,Olive,Winter,3.0,True,Store Pickup,True,True,30,Credit Card,Every 3 Months,90,4.055555555555555,300.11,30,False,2294,3,True,False,3.0,False,39.2,Silver,Entry-Point Category
361,51,Male,Pants,Clothing,30,Rhode Island,M,Teal,Summer,3.0,True,Standard,True,True,18,Debit Card,Fortnightly,14,26.071428571428573,782.14,18,False,570,3,True,False,3.0,False,42.5,Silver,Entry-Point Category
362,65,Male,T-shirt,Clothing,96,Nevada,M,White,Spring,2.6,True,Free Shipping,True,True,45,Cash,Annually,365,1.0,96.0,45,True,4416,3,True,False,2.6,False,35.0,Silver,Entry-Point Category
363,53,Male,Sneakers,Footwear,64,Texas,M,Charcoal,Fall,3.4,True,Free Shipping,True,True,1,Venmo,Fortnightly,14,26.071428571428573,1668.57,1,False,128,3,True,False,3.4,False,45.1,Silver,Entry-Point Category
364,55,Male,Shorts,Clothing,88,Florida,L,Yellow,Winter,3.1,True,Free Shipping,True,True,42,Bank Transfer,Fortnightly,14,26.071428571428573,2294.29,42,True,3784,3,True,False,3.1,False,72.7,Gold,Entry-Point Category
365,62,Male,Shoes,Footwear,88,North Dakota,L,Charcoal,Summer,3.0,True,Free Shipping,True,True,7,Venmo,Every 3 Months,90,4.055555555555555,356.89,7,False,704,3,True,False,3.0,False,28.5,Bronze,Entry-Point Category
366,55,Male,Gloves,Accessories,88,West Virginia,XL,Gray,Summer,3.7,True,Standard,True,True,50,PayPal,Quarterly,90,4.055555555555555,356.89,50,True,4488,3,True,False,3.7,False,59.6,Gold,Retention Category
367,64,Male,Socks,Clothing,36,Nebraska,M,Turquoise,Spring,3.5,True,Store Pickup,True,True,37,Venmo,Fortnightly,14,26.071428571428573,938.57,37,False,1368,3,True,False,3.5,False,60.3,Gold,Entry-Point Category
368,52,Male,Dress,Clothing,40,Tennessee,XL,Cyan,Spring,2.8,True,Store Pickup,True,True,18,Bank Transfer,Monthly,30,12.166666666666666,486.67,18,False,760,3,True,False,2.8,False,36.6,Silver,Entry-Point Category
369,24,Male,Handbag,Accessories,39,Oklahoma,M,Charcoal,Spring,4.5,True,Standard,True,True,29,Cash,Monthly,30,12.166666666666666,474.5,29,False,1170,3,True,False,4.5,False,57.1,Gold,Retention Category
370,38,Male,Belt,Accessories,40,Wisconsin,M,Silver,Summer,3.3,True,Store Pickup,True,True,45,PayPal,Quarterly,90,4.055555555555555,162.22,45,True,1840,3,True,False,3.3,False,44.3,Silver,Retention Category
371,59,Male,Scarf,Accessories,34,Oregon,M,Olive,Winter,3.4,True,Express,True,True,13,PayPal,Weekly,7,52.142857142857146,1772.86,13,False,476,3,True,False,3.4,False,53.4,Silver,Retention Category
372,27,Male,Sneakers,Footwear,83,North Carolina,S,Pink,Winter,3.2,True,2-Day Shipping,True,True,47,PayPal,Monthly,30,12.166666666666666,1009.83,47,True,3984,3,True,False,3.2,False,64.7,Gold,Entry-Point Category
373,24,Male,Sweater,Clothing,85,Pennsylvania,L,Orange,Summer,3.7,True,Standard,True,True,7,Debit Card,Weekly,7,52.142857142857146,4432.14,7,False,680,3,True,False,3.7,False,62.4,Gold,Entry-Point Category
374,23,Male,Coat,Outerwear,27,North Dakota,L,White,Summer,4.6,True,Express,True,True,11,Venmo,Bi-Weekly,14,26.071428571428573,703.93,11,False,324,3,True,False,4.6,False,50.3,Silver,Entry-Point Category
375,69,Male,Jewelry,Accessories,78,Ohio,S,Purple,Spring,5.0,True,Store Pickup,True,True,39,Bank Transfer,Monthly,30,12.166666666666666,949.0,39,True,3120,3,True,False,5.0,False,73.5,Gold,Retention Category
376,59,Male,Sunglasses,Accessories,32,Oklahoma,M,Olive,Summer,4.4,True,Standard,True,True,6,Debit Card,Quarterly,90,4.055555555555555,129.78,6,False,224,3,True,False,4.4,False,28.6,Bronze,Retention Category
377,51,Male,Shoes,Footwear,51,South Carolina,S,Gray,Fall,4.9,True,Express,True,True,2,Venmo,Bi-Weekly,14,26.071428571428573,1329.64,2,False,153,3,True,False,4.9,False,55.2,Gold,Entry-Point Category
378,63,Male,Scarf,Accessories,32,Maine,M,Silver,Spring,4.1,True,Standard,True,True,39,Credit Card,Every 3 Months,90,4.055555555555555,129.78,39,True,1280,3,True,False,4.1,False,45.8,Silver,Retention Category
379,54,Male,Dress,Clothing,62,Nevada,L,Orange,Winter,4.9,True,Next Day Air,True,True,23,Credit Card,Monthly,30,12.166666666666666,754.33,23,False,1488,3,True,False,4.9,False,60.4,Gold,Entry-Point Category
380,32,Male,T-shirt,Clothing,29,Montana,S,Magenta,Fall,4.7,True,2-Day Shipping,True,True,46,Debit Card,Bi-Weekly,14,26.071428571428573,756.07,46,True,1363,3,True,False,4.7,False,72.7,Gold,Entry-Point Category
381,39,Male,Backpack,Accessories,69,New Hampshire,XL,Beige,Fall,3.0,True,Store Pickup,True,True,19,Bank Transfer,Weekly,7,52.142857142857146,3597.86,19,False,1380,3,True,False,3.0,False,62.4,Gold,Retention Category
382,66,Male,Jewelry,Accessories,25,Maine,L,Lavender,Winter,3.4,True,Store Pickup,True,True,3,Credit Card,Every 3 Months,90,4.055555555555555,101.39,3,False,100,3,True,False,3.4,False,17.1,Bronze,Retention Category
383,28,Male,Jeans,Clothing,76,California,M,Peach,Winter,3.2,True,Store Pickup,True,True,47,PayPal,Quarterly,90,4.055555555555555,308.22,47,True,3648,3,True,False,3.2,False,51.4,Silver,Entry-Point Category
384,50,Male,Sunglasses,Accessories,77,West Virginia,S,Magenta,Fall,3.8,True,Standard,True,True,6,PayPal,Quarterly,90,4.055555555555555,312.28,6,False,539,3,True,False,3.8,False,32.1,Silver,Retention Category
385,70,Male,Sweater,Clothing,33,California,M,Beige,Fall,4.5,True,2-Day Shipping,True,True,6,Venmo,Annually,365,1.0,33.0,6,False,231,3,True,False,4.5,False,20.9,Bronze,Entry-Point Category
386,67,Male,Shorts,Clothing,93,West Virginia,S,Yellow,Fall,2.7,True,Next Day Air,True,True,12,Credit Card,Bi-Weekly,14,26.071428571428573,2424.64,12,False,1209,3,True,False,2.7,False,52.8,Silver,Entry-Point Category
387,64,Male,Jewelry,Accessories,39,Louisiana,L,Brown,Spring,3.4,True,Express,True,True,40,PayPal,Quarterly,90,4.055555555555555,158.17,40,True,1599,3,True,False,3.4,False,42.1,Silver,Retention Category
388,45,Male,Coat,Outerwear,93,Georgia,L,Silver,Summer,4.6,True,Store Pickup,True,True,38,PayPal,Fortnightly,14,26.071428571428573,2424.64,38,True,3627,3,True,False,4.6,False,83.8,Platinum,Entry-Point Category
389,22,Male,Handbag,Accessories,82,Washington,M,Orange,Summer,2.7,True,Store Pickup,True,True,10,PayPal,Quarterly,90,4.055555555555555,332.56,10,False,902,3,True,False,2.7,False,26.5,Bronze,Retention Category
390,27,Male,Boots,Footwear,42,Virginia,L,Purple,Spring,4.2,True,Standard,True,True,28,Bank Transfer,Monthly,30,12.166666666666666,511.0,28,False,1218,3,True,False,4.2,False,54.4,Silver,Entry-Point Category
391,25,Male,Gloves,Accessories,71,Indiana,M,Indigo,Winter,3.2,True,2-Day Shipping,True,True,19,PayPal,Annually,365,1.0,71.0,19,False,1420,3,True,False,3.2,False,21.3,Bronze,Retention Category
392,37,Male,Sweater,Clothing,86,Minnesota,L,Gray,Spring,4.8,True,Standard,True,True,25,Cash,Fortnightly,14,26.071428571428573,2242.14,25,False,2236,3,True,False,4.8,False,75.9,Gold,Entry-Point Category
393,26,Male,T-shirt,Clothing,82,Idaho,XL,Black,Spring,3.3,True,Next Day Air,True,True,38,Credit Card,Annually,365,1.0,82.0,38,True,3198,3,True,False,3.3,False,34.6,Silver,Entry-Point Category
394,33,Male,Shoes,Footwear,65,Vermont,L,Maroon,Fall,4.2,True,Standard,True,True,6,PayPal,Fortnightly,14,26.071428571428573,1694.64,6,False,455,3,True,False,4.2,False,55.3,Gold,Entry-Point Category
395,43,Male,Scarf,Accessories,29,North Dakota,M,Beige,Spring,4.8,True,Store Pickup,True,True,7,Debit Card,Bi-Weekly,14,26.071428571428573,756.07,7,False,232,3,True,False,4.8,False,50.4,Silver,Retention Category
396,37,Male,Sneakers,Footwear,65,Rhode Island,L,Brown,Winter,4.9,True,Store Pickup,True,True,2,PayPal,Annually,365,1.0,65.0,2,False,195,3,True,False,4.9,False,24.3,Bronze,Entry-Point Category
397,46,Male,Dress,Clothing,88,South Carolina,S,Black,Fall,3.9,True,Standard,True,True,24,Bank Transfer,Annually,365,1.0,88.0,24,False,2200,3,True,False,3.9,False,31.8,Silver,Entry-Point Category
398,22,Male,Belt,Accessories,46,Mississippi,M,Indigo,Fall,3.0,True,Free Shipping,True,True,26,Cash,Annually,365,1.0,46.0,26,False,1242,3,True,False,3.0,False,21.8,Bronze,Retention Category
399,20,Male,Boots,Footwear,67,Montana,S,Silver,Winter,4.6,True,Free Shipping,True,True,25,Debit Card,Every 3 Months,90,4.055555555555555,271.72,25,False,1742,3,True,False,4.6,False,47.8,Silver,Entry-Point Category
400,60,Male,Scarf,Accessories,35,Idaho,L,Blue,Fall,3.5,True,2-Day Shipping,True,True,10,Debit Card,Monthly,30,12.166666666666666,425.83,10,False,385,3,True,False,3.5,False,37.2,Silver,Retention Category
401,39,Male,Boots,Footwear,66,Utah,M,Green,Winter,4.8,True,Free Shipping,True,True,14,PayPal,Fortnightly,14,26.071428571428573,1720.71,14,False,990,3,True,False,4.8,False,64.8,Gold,Entry-Point Category
402,43,Male,T-shirt,Clothing,91,Oklahoma,L,Orange,Fall,4.8,True,Standard,True,True,21,Cash,Quarterly,90,4.055555555555555,369.06,21,False,2002,3,True,False,4.8,False,51.9,Silver,Entry-Point Category
403,31,Male,Backpack,Accessories,78,California,L,Cyan,Fall,3.0,True,Express,True,True,26,PayPal,Monthly,30,12.166666666666666,949.0,26,False,2106,3,True,False,3.0,False,49.8,Silver,Retention Category
404,19,Male,Sneakers,Footwear,45,Nevada,M,Orange,Winter,4.5,True,Next Day Air,True,True,12,Bank Transfer,Annually,365,1.0,45.0,12,False,585,3,True,False,4.5,False,25.5,Bronze,Entry-Point Category
405,35,Male,T-shirt,Clothing,93,Delaware,M,Indigo,Spring,4.8,True,Store Pickup,True,True,11,Credit Card,Monthly,30,12.166666666666666,1131.5,11,False,1116,3,True,False,4.8,False,57.6,Gold,Entry-Point Category
406,41,Male,Jeans,Clothing,74,South Carolina,S,Silver,Summer,3.8,True,Standard,True,True,15,Cash,Annually,365,1.0,74.0,15,False,1184,3,True,False,3.8,False,24.0,Bronze,Entry-Point Category
407,52,Male,Gloves,Accessories,55,Maryland,M,Peach,Spring,4.6,True,Express,True,True,13,Cash,Monthly,30,12.166666666666666,669.17,13,False,770,3,True,False,4.6,False,51.0,Silver,Retention Category
408,45,Male,Hoodie,Clothing,76,North Carolina,XL,Teal,Spring,3.1,True,Next Day Air,True,True,5,Credit Card,Bi-Weekly,14,26.071428571428573,1981.43,5,False,456,3,True,False,3.1,False,48.1,Silver,Entry-Point Category
409,34,Male,Sneakers,Footwear,66,Alabama,L,White,Spring,3.4,True,Express,True,True,36,Cash,Fortnightly,14,26.071428571428573,1720.71,36,False,2442,3,True,False,3.4,False,66.8,Gold,Entry-Point Category
410,35,Male,Shorts,Clothing,51,Minnesota,M,Brown,Winter,3.3,True,2-Day Shipping,True,True,32,Bank Transfer,Monthly,30,12.166666666666666,620.5,32,False,1683,3,True,False,3.3,False,51.1,Silver,Entry-Point Category
411,29,Male,Sweater,Clothing,26,Virginia,L,Lavender,Spring,4.8,True,2-Day Shipping,True,True,1,Credit Card,Quarterly,90,4.055555555555555,105.44,1,False,52,3,True,False,4.8,False,27.4,Bronze,Entry-Point Category
412,59,Male,Jeans,Clothing,29,Michigan,M,Indigo,Summer,2.8,True,Express,True,True,15,PayPal,Annually,365,1.0,29.0,15,False,464,3,True,False,2.8,False,11.9,Bronze,Entry-Point Category
413,24,Male,Jacket,Outerwear,74,Maine,M,Yellow,Summer,3.1,True,Store Pickup,True,True,3,Bank Transfer,Weekly,7,52.142857142857146,3858.57,3,False,296,3,True,False,3.1,False,54.1,Silver,Entry-Point Category
414,70,Male,Jewelry,Accessories,99,Nevada,S,White,Summer,4.6,True,Free Shipping,True,True,48,Cash,Monthly,30,12.166666666666666,1204.5,48,True,4851,3,True,False,4.6,False,79.5,Gold,Retention Category
415,29,Male,Backpack,Accessories,88,Wyoming,L,Violet,Winter,2.6,True,Store Pickup,True,True,30,Debit Card,Weekly,7,52.142857142857146,4588.57,30,False,2728,3,True,False,2.6,False,67.5,Gold,Retention Category
416,67,Male,Coat,Outerwear,31,Connecticut,M,Lavender,Winter,2.6,True,Express,True,True,40,Bank Transfer,Monthly,30,12.166666666666666,377.17,40,True,1271,3,True,False,2.6,False,46.0,Silver,Entry-Point Category
417,36,Male,Belt,Accessories,55,Oregon,L,Olive,Spring,3.8,True,Free Shipping,True,True,24,Bank Transfer,Fortnightly,14,26.071428571428573,1433.93,24,False,1375,3,True,False,3.8,False,60.4,Gold,Retention Category
418,23,Male,Sandals,Footwear,81,Mississippi,L,Beige,Fall,4.5,True,Free Shipping,True,True,48,Debit Card,Quarterly,90,4.055555555555555,328.5,48,True,3969,3,True,False,4.5,False,63.7,Gold,Entry-Point Category
419,18,Male,Sweater,Clothing,73,Illinois,L,Purple,Spring,3.0,True,Standard,True,True,27,Venmo,Bi-Weekly,14,26.071428571428573,1903.21,27,False,2044,3,True,False,3.0,False,59.8,Gold,Entry-Point Category
420,53,Male,Shorts,Clothing,91,Utah,S,Teal,Winter,3.8,True,Free Shipping,True,True,14,Credit Card,Every 3 Months,90,4.055555555555555,369.06,14,False,1365,3,True,False,3.8,False,39.6,Silver,Entry-Point Category
421,32,Male,Socks,Clothing,54,North Carolina,S,Peach,Spring,3.8,True,Free Shipping,True,True,18,Debit Card,Bi-Weekly,14,26.071428571428573,1407.86,18,False,1026,3,True,False,3.8,False,56.5,Gold,Entry-Point Category
422,38,Male,Shirt,Clothing,40,Kentucky,M,Violet,Winter,3.5,True,Standard,True,True,48,Cash,Bi-Weekly,14,26.071428571428573,1042.86,48,True,1960,3,True,False,3.5,False,68.3,Gold,Entry-Point Category
423,47,Male,Pants,Clothing,59,Minnesota,M,Purple,Fall,3.1,True,Store Pickup,True,True,32,Debit Card,Annually,365,1.0,59.0,32,False,1947,3,True,False,3.1,False,27.5,Bronze,Entry-Point Category
424,46,Male,Scarf,Accessories,26,New York,L,Teal,Spring,3.0,True,Store Pickup,True,True,21,Credit Card,Bi-Weekly,14,26.071428571428573,677.86,21,False,572,3,True,False,3.0,False,43.0,Silver,Retention Category
425,66,Male,Sweater,Clothing,23,Illinois,M,Gold,Winter,4.3,True,Standard,True,True,42,PayPal,Fortnightly,14,26.071428571428573,599.64,42,True,989,3,True,False,4.3,False,64.9,Gold,Entry-Point Category
426,40,Male,Jeans,Clothing,87,North Dakota,S,Teal,Winter,3.3,True,Store Pickup,True,True,4,Credit Card,Quarterly,90,4.055555555555555,352.83,4,False,435,3,True,False,3.3,False,28.7,Bronze,Entry-Point Category
427,43,Male,Pants,Clothing,71,Louisiana,M,Violet,Winter,4.7,True,Express,True,True,19,Credit Card,Quarterly,90,4.055555555555555,287.94,19,False,1420,3,True,False,4.7,False,45.6,Silver,Entry-Point Category
428,58,Male,Backpack,Accessories,91,Illinois,L,Black,Winter,4.5,True,Store Pickup,True,True,6,Credit Card,Quarterly,90,4.055555555555555,369.06,6,False,637,3,True,False,4.5,False,40.8,Silver,Retention Category
429,21,Male,Coat,Outerwear,64,Wyoming,XL,Gold,Winter,2.9,True,Free Shipping,True,True,2,Debit Card,Fortnightly,14,26.071428571428573,1668.57,2,False,192,3,True,False,2.9,False,41.7,Silver,Entry-Point Category
430,42,Male,Sandals,Footwear,94,Washington,M,Gold,Winter,4.1,True,2-Day Shipping,True,True,21,Cash,Fortnightly,14,26.071428571428573,2450.71,21,False,2068,3,True,False,4.1,False,69.8,Gold,Entry-Point Category
431,24,Male,Shirt,Clothing,40,Texas,M,Brown,Summer,3.5,True,Store Pickup,True,True,40,Debit Card,Annually,365,1.0,40.0,40,True,1640,3,True,False,3.5,False,33.8,Silver,Entry-Point Category
432,43,Male,Hat,Accessories,76,New Hampshire,L,Cyan,Winter,3.4,True,Store Pickup,True,True,33,Cash,Fortnightly,14,26.071428571428573,1981.43,33,False,2584,3,True,False,3.4,False,67.3,Gold,Retention Category
433,47,Male,Shirt,Clothing,86,Indiana,S,Indigo,Fall,3.3,True,Free Shipping,True,True,26,Venmo,Weekly,7,52.142857142857146,4484.29,26,False,2322,3,True,False,3.3,False,70.5,Gold,Entry-Point Category
434,49,Male,Skirt,Clothing,92,Alabama,M,Orange,Fall,3.2,True,Store Pickup,True,True,23,Credit Card,Fortnightly,14,26.071428571428573,2398.57,23,False,2208,3,True,False,3.2,False,63.1,Gold,Entry-Point Category
435,50,Male,Shoes,Footwear,52,Oklahoma,L,Pink,Spring,4.0,True,Store Pickup,True,True,39,PayPal,Every 3 Months,90,4.055555555555555,210.89,39,True,2080,3,True,False,4.0,False,48.5,Silver,Entry-Point Category
436,51,Male,Coat,Outerwear,28,Montana,XL,Olive,Winter,3.6,True,Next Day Air,True,True,42,Bank Transfer,Monthly,30,12.166666666666666,340.67,42,True,1204,3,True,False,3.6,False,53.4,Silver,Entry-Point Category
437,40,Male,Pants,Clothing,46,Tennessee,L,Cyan,Summer,4.6,True,Free Shipping,True,True,41,Bank Transfer,Weekly,7,52.142857142857146,2398.57,41,True,1932,3,True,False,4.6,False,85.4,Platinum,Entry-Point Category
438,45,Male,Jewelry,Accessories,50,New Mexico,M,Peach,Summer,2.6,True,Next Day Air,True,True,41,PayPal,Annually,365,1.0,50.0,41,True,2100,3,True,False,2.6,False,28.0,Bronze,Retention Category
439,52,Male,Belt,Accessories,23,Iowa,M,Turquoise,Winter,4.3,True,Express,True,True,12,Credit Card,Fortnightly,14,26.071428571428573,599.64,12,False,299,3,True,False,4.3,False,46.9,Silver,Retention Category
440,62,Male,Jacket,Outerwear,50,Idaho,M,Turquoise,Summer,3.4,True,Free Shipping,True,True,31,Cash,Monthly,30,12.166666666666666,608.33,31,False,1600,3,True,False,3.4,False,51.1,Silver,Entry-Point Category
441,20,Male,Shirt,Clothing,89,Oklahoma,XL,Maroon,Winter,3.5,True,Store Pickup,True,True,34,Debit Card,Fortnightly,14,26.071428571428573,2320.36,34,False,3115,3,True,False,3.5,False,71.7,Gold,Entry-Point Category
442,43,Male,Hoodie,Clothing,81,Florida,M,Maroon,Winter,4.2,True,Standard,True,True,32,Credit Card,Annually,365,1.0,81.0,32,False,2673,3,True,False,4.2,False,38.3,Silver,Entry-Point Category
443,29,Male,Sunglasses,Accessories,69,Michigan,M,Olive,Fall,3.8,True,Store Pickup,True,True,31,Credit Card,Quarterly,90,4.055555555555555,279.83,31,False,2208,3,True,False,3.8,False,45.2,Silver,Retention Category
444,22,Male,Sunglasses,Accessories,67,Hawaii,M,Magenta,Summer,3.6,True,Free Shipping,True,True,24,PayPal,Annually,365,1.0,67.0,24,False,1675,3,True,False,3.6,False,27.2,Bronze,Retention Category
445,48,Male,Dress,Clothing,20,California,M,Red,Summer,4.3,True,Store Pickup,True,True,31,Debit Card,Annually,365,1.0,20.0,31,False,640,3,True,False,4.3,False,33.1,Silver,Entry-Point Category
446,42,Male,Boots,Footwear,29,Iowa,M,Olive,Fall,4.9,True,Standard,True,True,18,Venmo,Annually,365,1.0,29.0,18,False,551,3,True,False,4.9,False,30.5,Silver,Entry-Point Category
447,19,Male,Shirt,Clothing,74,West Virginia,M,Silver,Summer,4.1,True,Store Pickup,True,True,15,Venmo,Monthly,30,12.166666666666666,900.33,15,False,1184,3,True,False,4.1,False,51.4,Silver,Entry-Point Category
448,60,Male,Shorts,Clothing,82,Washington,S,Turquoise,Spring,3.6,True,Standard,True,True,7,Bank Transfer,Every 3 Months,90,4.055555555555555,332.56,7,False,656,3,True,False,3.6,False,32.2,Silver,Entry-Point Category
449,32,Male,Gloves,Accessories,23,Missouri,M,Yellow,Summer,3.4,True,Next Day Air,True,True,35,Bank Transfer,Fortnightly,14,26.071428571428573,599.64,35,False,828,3,True,False,3.4,False,53.4,Silver,Retention Category
450,26,Male,Jewelry,Accessories,45,New York,L,Peach,Summer,2.9,True,2-Day Shipping,True,True,35,Bank Transfer,Monthly,30,12.166666666666666,547.5,35,False,1620,3,True,False,2.9,False,48.6,Silver,Retention Category
451,25,Male,Boots,Footwear,21,Connecticut,L,Beige,Summer,2.7,True,Store Pickup,True,True,19,Credit Card,Monthly,30,12.166666666666666,255.5,19,False,420,3,True,False,2.7,False,27.8,Bronze,Entry-Point Category
452,66,Male,Jewelry,Accessories,31,Virginia,M,Pink,Summer,4.3,True,Express,True,True,26,Credit Card,Fortnightly,14,26.071428571428573,808.21,26,False,837,3,True,False,4.3,False,58.4,Gold,Retention Category
453,45,Male,Pants,Clothing,45,Missouri,M,Violet,Summer,3.8,True,Express,True,True,39,PayPal,Fortnightly,14,26.071428571428573,1173.21,39,True,1800,3,True,False,3.8,False,67.1,Gold,Entry-Point Category
454,54,Male,Jewelry,Accessories,56,Nebraska,XL,Peach,Winter,2.8,True,Next Day Air,True,True,22,Credit Card,Weekly,7,52.142857142857146,2920.0,22,False,1288,3,True,False,2.8,False,61.7,Gold,Retention Category
455,37,Male,Jacket,Outerwear,97,New Jersey,S,Gold,Summer,3.2,True,Next Day Air,True,True,14,Cash,Bi-Weekly,14,26.071428571428573,2528.93,14,False,1455,3,True,False,3.2,False,58.8,Gold,Entry-Point Category
456,54,Male,Blouse,Clothing,100,Utah,XL,Gold,Fall,3.6,True,Store Pickup,True,True,50,Debit Card,Fortnightly,14,26.071428571428573,2607.14,50,True,5100,3,True,False,3.6,False,84.3,Platinum,Entry-Point Category
457,50,Male,Blouse,Clothing,96,North Carolina,S,Indigo,Fall,4.0,True,2-Day Shipping,True,True,33,Credit Card,Quarterly,90,4.055555555555555,389.33,33,False,3264,3,True,False,4.0,False,54.0,Silver,Entry-Point Category
458,25,Male,Gloves,Accessories,99,Rhode Island,M,Blue,Spring,4.9,True,Next Day Air,True,True,48,Debit Card,Every 3 Months,90,4.055555555555555,401.5,48,True,4851,3,True,False,4.9,False,70.8,Gold,Retention Category
459,47,Male,Shorts,Clothing,91,Arkansas,L,Black,Winter,4.0,True,2-Day Shipping,True,True,48,PayPal,Monthly,30,12.166666666666666,1107.17,48,True,4459,3,True,False,4.0,False,73.3,Gold,Entry-Point Category
460,63,Male,Hat,Accessories,30,Maryland,L,Black,Winter,3.8,True,Standard,True,True,27,PayPal,Fortnightly,14,26.071428571428573,782.14,27,False,840,3,True,False,3.8,False,54.5,Silver,Retention Category
461,64,Male,Shoes,Footwear,65,South Carolina,L,Teal,Summer,3.8,True,Store Pickup,True,True,27,Bank Transfer,Weekly,7,52.142857142857146,3389.29,27,False,1820,3,True,False,3.8,False,73.5,Gold,Entry-Point Category
462,18,Male,Boots,Footwear,93,Ohio,M,Yellow,Winter,3.9,True,Express,True,True,20,Venmo,Weekly,7,52.142857142857146,4849.29,20,False,1953,3,True,False,3.9,False,72.3,Gold,Entry-Point Category
463,59,Male,Jacket,Outerwear,81,Illinois,M,White,Fall,3.3,True,Express,True,True,48,Venmo,Every 3 Months,90,4.055555555555555,328.5,48,True,3969,3,True,False,3.3,False,53.9,Silver,Entry-Point Category
464,37,Male,Jewelry,Accessories,81,Georgia,S,Orange,Summer,2.7,True,Standard,True,True,29,Venmo,Weekly,7,52.142857142857146,4223.57,29,False,2430,3,True,False,2.7,False,67.1,Gold,Retention Category
465,23,Male,Sunglasses,Accessories,52,Alabama,M,Silver,Winter,4.7,True,Next Day Air,True,True,45,PayPal,Monthly,30,12.166666666666666,632.67,45,True,2392,3,True,False,4.7,False,70.4,Gold,Retention Category
466,54,Male,Skirt,Clothing,88,Oklahoma,M,Pink,Summer,2.8,True,Next Day Air,True,True,25,Cash,Quarterly,90,4.055555555555555,356.89,25,False,2288,3,True,False,2.8,False,37.5,Silver,Entry-Point Category
467,38,Male,Jeans,Clothing,24,Vermont,L,Turquoise,Winter,4.6,True,Free Shipping,True,True,25,PayPal,Weekly,7,52.142857142857146,1251.43,25,False,624,3,True,False,4.6,False,66.1,Gold,Entry-Point Category
468,19,Male,Backpack,Accessories,51,Nebraska,S,Orange,Spring,4.5,True,2-Day Shipping,True,True,37,Debit Card,Every 3 Months,90,4.055555555555555,206.83,37,False,1938,3,True,False,4.5,False,51.2,Silver,Retention Category
469,34,Male,Backpack,Accessories,38,Georgia,S,Peach,Fall,5.0,True,Free Shipping,True,True,16,Cash,Quarterly,90,4.055555555555555,154.11,16,False,646,3,True,False,5.0,False,40.1,Silver,Retention Category
470,21,Male,Shorts,Clothing,46,Alabama,L,Pink,Fall,4.1,True,2-Day Shipping,True,True,30,Debit Card,Bi-Weekly,14,26.071428571428573,1199.29,30,False,1426,3,True,False,4.1,False,64.6,Gold,Entry-Point Category
471,50,Male,Dress,Clothing,63,Minnesota,L,Teal,Summer,4.6,True,Express,True,True,6,Cash,Every 3 Months,90,4.055555555555555,255.5,6,False,441,3,True,False,4.6,False,35.7,Silver,Entry-Point Category
472,55,Male,Scarf,Accessories,72,Missouri,XL,White,Winter,4.9,True,2-Day Shipping,True,True,36,Bank Transfer,Quarterly,90,4.055555555555555,292.0,36,False,2664,3,True,False,4.9,False,57.7,Gold,Retention Category
473,20,Male,Jeans,Clothing,39,Georgia,L,Gray,Winter,3.9,True,Free Shipping,True,True,3,Bank Transfer,Quarterly,90,4.055555555555555,158.17,3,False,156,3,True,False,3.9,False,24.0,Bronze,Entry-Point Category
474,34,Male,Coat,Outerwear,42,West Virginia,L,Olive,Spring,3.9,True,Store Pickup,True,True,29,PayPal,Every 3 Months,90,4.055555555555555,170.33,29,False,1260,3,True,False,3.9,False,40.2,Silver,Entry-Point Category
475,62,Male,Sweater,Clothing,76,Arkansas,XL,Maroon,Summer,2.6,True,2-Day Shipping,True,True,15,Cash,Quarterly,90,4.055555555555555,308.22,15,False,1216,3,True,False,2.6,False,27.5,Bronze,Entry-Point Category
476,21,Male,Sneakers,Footwear,66,Ohio,L,Magenta,Summer,2.7,True,Free Shipping,True,True,18,Debit Card,Annually,365,1.0,66.0,18,False,1254,3,True,False,2.7,False,16.2,Bronze,Entry-Point Category
477,21,Male,Scarf,Accessories,90,Connecticut,M,Magenta,Spring,3.5,True,Free Shipping,True,True,2,Debit Card,Fortnightly,14,26.071428571428573,2346.43,2,False,270,3,True,False,3.5,False,52.4,Silver,Retention Category
478,42,Male,Sweater,Clothing,56,North Dakota,M,Green,Summer,3.7,True,Free Shipping,True,True,49,Debit Card,Weekly,7,52.142857142857146,2920.0,49,True,2800,3,True,False,3.7,False,85.1,Platinum,Entry-Point Category
479,35,Male,Jewelry,Accessories,43,Kansas,XL,Turquoise,Winter,3.2,True,Free Shipping,True,True,48,Venmo,Annually,365,1.0,43.0,48,True,2107,3,True,False,3.2,False,36.3,Silver,Retention Category
480,39,Male,Handbag,Accessories,84,Iowa,L,Yellow,Winter,3.3,True,Store Pickup,True,True,43,Venmo,Monthly,30,12.166666666666666,1022.0,43,True,3696,3,True,False,3.3,False,63.3,Gold,Retention Category
481,68,Male,Hoodie,Clothing,88,Vermont,M,Gray,Summer,4.8,True,Standard,True,True,30,Debit Card,Bi-Weekly,14,26.071428571428573,2294.29,30,False,2728,3,True,False,4.8,False,79.2,Gold,Entry-Point Category
482,46,Male,Hat,Accessories,88,Wisconsin,L,Peach,Fall,3.2,True,2-Day Shipping,True,True,10,PayPal,Fortnightly,14,26.071428571428573,2294.29,10,False,968,3,True,False,3.2,False,54.3,Silver,Retention Category
483,41,Male,Belt,Accessories,42,Connecticut,M,Yellow,Winter,2.5,True,2-Day Shipping,True,True,11,Venmo,Annually,365,1.0,42.0,11,False,504,3,True,False,2.5,True,8.7,Bronze,Retention Category
484,23,Male,Hoodie,Clothing,73,Oklahoma,M,White,Fall,3.9,True,Store Pickup,True,True,12,Debit Card,Weekly,7,52.142857142857146,3806.43,12,False,949,3,True,False,3.9,False,65.9,Gold,Entry-Point Category
485,68,Male,Hat,Accessories,73,Missouri,L,Lavender,Summer,4.7,True,Free Shipping,True,True,28,Bank Transfer,Quarterly,90,4.055555555555555,296.06,28,False,2117,3,True,False,4.7,False,51.6,Silver,Retention Category
486,48,Male,Shoes,Footwear,44,Tennessee,S,Blue,Spring,2.6,True,Next Day Air,True,True,36,Debit Card,Fortnightly,14,26.071428571428573,1147.14,36,False,1628,3,True,False,2.6,False,55.4,Gold,Entry-Point Category
487,38,Male,Sandals,Footwear,63,New Mexico,M,Charcoal,Fall,2.8,True,Store Pickup,True,True,37,Venmo,Every 3 Months,90,4.055555555555555,255.5,37,False,2394,3,True,False,2.8,False,39.5,Silver,Entry-Point Category
488,41,Male,Jacket,Outerwear,68,Iowa,L,Red,Winter,4.4,True,Store Pickup,True,True,22,Credit Card,Quarterly,90,4.055555555555555,275.78,22,False,1564,3,True,False,4.4,False,44.6,Silver,Entry-Point Category
489,58,Male,Sweater,Clothing,29,Maine,L,Olive,Spring,4.6,True,Standard,True,True,32,Venmo,Weekly,7,52.142857142857146,1512.14,32,False,957,3,True,False,4.6,False,72.6,Gold,Entry-Point Category
490,49,Male,Socks,Clothing,85,South Dakota,M,Green,Summer,3.2,True,Standard,True,True,40,PayPal,Annually,365,1.0,85.0,40,True,3485,3,True,False,3.2,False,35.3,Silver,Entry-Point Category
491,57,Male,Sneakers,Footwear,42,Colorado,M,Silver,Winter,4.2,True,2-Day Shipping,True,True,47,Cash,Monthly,30,12.166666666666666,511.0,47,True,2016,3,True,False,4.2,False,65.7,Gold,Entry-Point Category
492,49,Male,Coat,Outerwear,69,Vermont,M,Silver,Summer,3.8,True,2-Day Shipping,True,True,24,Credit Card,Bi-Weekly,14,26.071428571428573,1798.93,24,False,1725,3,True,False,3.8,False,63.6,Gold,Entry-Point Category
493,50,Male,Shirt,Clothing,62,Michigan,M,Black,Fall,3.9,True,Standard,True,True,11,Debit Card,Weekly,7,52.142857142857146,3232.86,11,False,744,3,True,False,3.9,False,64.5,Gold,Entry-Point Category
494,28,Male,Backpack,Accessories,48,Nevada,XL,Red,Summer,4.7,True,Store Pickup,True,True,19,Cash,Bi-Weekly,14,26.071428571428573,1251.43,19,False,960,3,True,False,4.7,False,63.2,Gold,Retention Category
495,38,Male,Boots,Footwear,68,Indiana,M,Indigo,Winter,4.5,True,Express,True,True,42,Debit Card,Weekly,7,52.142857142857146,3545.71,42,True,2924,3,True,False,4.5,False,88.5,Platinum,Entry-Point Category
496,33,Male,Handbag,Accessories,36,Michigan,XL,Cyan,Fall,3.3,True,Free Shipping,True,True,6,Debit Card,Fortnightly,14,26.071428571428573,938.57,6,False,252,3,True,False,3.3,False,40.1,Silver,Retention Category
497,30,Male,Dress,Clothing,63,California,S,Maroon,Fall,3.3,True,Express,True,True,31,Venmo,Fortnightly,14,26.071428571428573,1642.5,31,False,2016,3,True,False,3.3,False,62.2,Gold,Entry-Point Category
498,43,Male,Sneakers,Footwear,39,Oklahoma,S,Silver,Winter,4.6,True,Free Shipping,True,True,31,Cash,Weekly,7,52.142857142857146,2033.57,31,False,1248,3,True,False,4.6,False,76.2,Gold,Entry-Point Category
499,43,Male,Boots,Footwear,78,Iowa,M,Lavender,Spring,3.6,True,Free Shipping,True,True,27,Bank Transfer,Monthly,30,12.166666666666666,949.0,27,False,2184,3,True,False,3.6,False,55.2,Gold,Entry-Point Category
500,36,Male,Shoes,Footwear,99,Rhode Island,L,Silver,Winter,4.8,True,Express,True,True,24,PayPal,Monthly,30,12.166666666666666,1204.5,24,False,2475,3,True,False,4.8,False,66.6,Gold,Entry-Point Category
501,36,Male,T-shirt,Clothing,31,Washington,L,Purple,Fall,4.8,True,Next Day Air,True,True,35,Venmo,Every 3 Months,90,4.055555555555555,125.72,35,False,1116,3,True,False,4.8,False,48.9,Silver,Entry-Point Category
502,64,Male,Boots,Footwear,45,Florida,M,Cyan,Spring,2.9,True,Next Day Air,True,True,21,Venmo,Annually,365,1.0,45.0,21,False,990,3,True,False,2.9,False,17.8,Bronze,Entry-Point Category
503,59,Male,Pants,Clothing,30,South Carolina,S,Cyan,Fall,2.8,True,Express,True,True,8,PayPal,Fortnightly,14,26.071428571428573,782.14,8,False,270,3,True,False,2.8,False,35.2,Silver,Entry-Point Category
504,55,Male,Shoes,Footwear,24,West Virginia,M,Lavender,Summer,3.2,True,Next Day Air,True,True,26,Bank Transfer,Quarterly,90,4.055555555555555,97.33,26,False,648,3,True,False,3.2,False,28.9,Bronze,Entry-Point Category
505,42,Male,Shoes,Footwear,22,Missouri,M,Maroon,Winter,3.9,True,Free Shipping,True,True,26,PayPal,Annually,365,1.0,22.0,26,False,594,3,True,False,3.9,False,26.8,Bronze,Entry-Point Category
506,61,Male,T-shirt,Clothing,63,Maine,L,Gray,Spring,4.3,True,Express,True,True,9,Cash,Bi-Weekly,14,26.071428571428573,1642.5,9,False,630,3,True,False,4.3,False,57.2,Gold,Entry-Point Category
507,28,Male,Scarf,Accessories,40,Georgia,M,Olive,Fall,2.7,True,2-Day Shipping,True,True,48,Debit Card,Annually,365,1.0,40.0,48,True,1960,3,True,False,2.7,False,32.1,Silver,Retention Category
508,65,Male,Shorts,Clothing,20,Maine,M,Magenta,Spring,5.0,True,Store Pickup,True,True,33,Debit Card,Fortnightly,14,26.071428571428573,521.43,33,False,680,3,True,False,5.0,False,63.8,Gold,Entry-Point Category
509,27,Male,Jewelry,Accessories,20,Illinois,S,Yellow,Winter,3.7,True,Store Pickup,True,True,31,PayPal,Quarterly,90,4.055555555555555,81.11,31,False,640,3,True,False,3.7,False,33.5,Silver,Retention Category
510,41,Male,T-shirt,Clothing,80,Delaware,L,Cyan,Summer,3.9,True,Free Shipping,True,True,17,Debit Card,Weekly,7,52.142857142857146,4171.43,17,False,1440,3,True,False,3.9,False,69.4,Gold,Entry-Point Category
511,21,Male,Shirt,Clothing,87,West Virginia,M,Teal,Fall,3.9,True,2-Day Shipping,True,True,22,Venmo,Annually,365,1.0,87.0,22,False,2001,3,True,False,3.9,False,30.6,Silver,Entry-Point Category
512,61,Male,Shirt,Clothing,46,Hawaii,L,Yellow,Fall,3.1,True,Free Shipping,True,True,8,PayPal,Annually,365,1.0,46.0,8,False,414,3,True,False,3.1,False,11.9,Bronze,Entry-Point Category
513,19,Male,Gloves,Accessories,49,New York,L,Peach,Winter,3.8,True,Next Day Air,True,True,2,Bank Transfer,Monthly,30,12.166666666666666,596.17,2,False,147,3,True,False,3.8,False,36.5,Silver,Retention Category
514,22,Male,Scarf,Accessories,65,New Mexico,M,Peach,Fall,3.6,True,Store Pickup,True,True,45,Venmo,Annually,365,1.0,65.0,45,True,2990,3,True,False,3.6,False,39.5,Silver,Retention Category
515,64,Male,Skirt,Clothing,62,Indiana,S,Olive,Winter,4.3,True,Standard,True,True,47,PayPal,Quarterly,90,4.055555555555555,251.44,47,True,2976,3,True,False,4.3,False,57.4,Gold,Entry-Point Category
516,28,Male,Hat,Accessories,67,Kentucky,L,Charcoal,Spring,4.5,True,Next Day Air,True,True,7,Cash,Monthly,30,12.166666666666666,815.17,7,False,536,3,True,False,4.5,False,48.9,Silver,Retention Category
517,34,Male,Hoodie,Clothing,41,West Virginia,L,Indigo,Fall,2.8,True,2-Day Shipping,True,True,19,Debit Card,Bi-Weekly,14,26.071428571428573,1068.93,19,False,820,3,True,False,2.8,False,45.4,Silver,Entry-Point Category
518,61,Male,Boots,Footwear,49,North Dakota,L,Silver,Fall,2.7,True,Free Shipping,True,True,44,Cash,Every 3 Months,90,4.055555555555555,198.72,44,True,2205,3,True,False,2.7,False,40.4,Silver,Entry-Point Category
519,24,Male,Blouse,Clothing,100,Oregon,M,Beige,Fall,2.9,True,Next Day Air,True,True,16,Venmo,Every 3 Months,90,4.055555555555555,405.56,16,False,1700,3,True,False,2.9,False,35.6,Silver,Entry-Point Category
520,19,Male,Belt,Accessories,54,Minnesota,L,Blue,Summer,4.4,True,2-Day Shipping,True,True,17,Bank Transfer,Quarterly,90,4.055555555555555,219.0,17,False,972,3,True,False,4.4,False,38.7,Silver,Retention Category
521,51,Male,Sunglasses,Accessories,84,South Carolina,M,White,Spring,3.9,True,Free Shipping,True,True,20,Debit Card,Quarterly,90,4.055555555555555,340.67,20,False,1764,3,True,False,3.9,False,42.6,Silver,Retention Category
522,36,Male,Shorts,Clothing,41,Vermont,L,Gold,Winter,3.5,True,Standard,True,True,50,Bank Transfer,Annually,365,1.0,41.0,50,True,2091,3,True,False,3.5,False,39.8,Silver,Entry-Point Category
523,65,Male,Gloves,Accessories,88,Minnesota,M,Blue,Spring,2.5,True,Store Pickup,True,True,37,Cash,Quarterly,90,4.055555555555555,356.89,37,False,3344,3,True,False,2.5,True,42.6,Silver,Retention Category
524,46,Male,Sandals,Footwear,40,Delaware,M,Orange,Spring,4.9,True,Express,True,True,5,PayPal,Quarterly,90,4.055555555555555,162.22,5,False,240,3,True,False,4.9,False,33.6,Silver,Entry-Point Category
525,59,Male,Shirt,Clothing,39,Pennsylvania,M,Gold,Summer,4.8,True,Free Shipping,True,True,44,PayPal,Annually,365,1.0,39.0,44,True,1755,3,True,False,4.8,False,46.4,Silver,Entry-Point Category
526,51,Male,Coat,Outerwear,37,Iowa,M,Cyan,Spring,3.2,True,Next Day Air,True,True,41,Debit Card,Monthly,30,12.166666666666666,450.17,41,True,1554,3,True,False,3.2,False,53.5,Silver,Entry-Point Category
527,51,Male,Pants,Clothing,52,New Jersey,S,Red,Winter,4.9,True,Standard,True,True,19,Cash,Monthly,30,12.166666666666666,632.67,19,False,1040,3,True,False,4.9,False,56.3,Gold,Entry-Point Category
528,21,Male,T-shirt,Clothing,23,South Carolina,L,Yellow,Winter,4.3,True,Next Day Air,True,True,47,Bank Transfer,Every 3 Months,90,4.055555555555555,93.28,47,True,1104,3,True,False,4.3,False,49.7,Silver,Entry-Point Category
529,34,Male,Sneakers,Footwear,88,Maryland,S,Beige,Winter,3.2,True,Express,True,True,40,Cash,Annually,365,1.0,88.0,40,True,3608,3,True,False,3.2,False,35.7,Silver,Entry-Point Category
530,32,Male,Shorts,Clothing,84,California,M,Orange,Fall,3.7,True,Standard,True,True,6,Credit Card,Monthly,30,12.166666666666666,1022.0,6,False,588,3,True,False,3.7,False,44.6,Silver,Entry-Point Category
531,48,Male,Coat,Outerwear,37,Montana,XL,Magenta,Winter,3.2,True,Store Pickup,True,True,25,Credit Card,Bi-Weekly,14,26.071428571428573,964.64,25,False,962,3,True,False,3.2,False,51.0,Silver,Entry-Point Category
532,50,Male,Sandals,Footwear,51,Vermont,L,Purple,Fall,3.4,True,Next Day Air,True,True,42,Cash,Weekly,7,52.142857142857146,2659.29,42,True,2193,3,True,False,3.4,False,78.1,Gold,Entry-Point Category
533,26,Male,Pants,Clothing,76,Texas,L,Black,Winter,4.1,True,Express,True,True,35,Bank Transfer,Every 3 Months,90,4.055555555555555,308.22,35,False,2736,3,True,False,4.1,False,51.9,Silver,Entry-Point Category
534,57,Male,Sandals,Footwear,60,North Carolina,L,Pink,Spring,4.5,True,Next Day Air,True,True,17,Debit Card,Weekly,7,52.142857142857146,3128.57,17,False,1080,3,True,False,4.5,False,72.7,Gold,Entry-Point Category
535,65,Male,Gloves,Accessories,72,Florida,L,Pink,Fall,4.5,True,Next Day Air,True,True,4,PayPal,Quarterly,90,4.055555555555555,292.0,4,False,360,3,True,False,4.5,False,35.4,Silver,Retention Category
536,56,Male,T-shirt,Clothing,45,West Virginia,L,Maroon,Spring,3.2,True,Free Shipping,True,True,24,Bank Transfer,Weekly,7,52.142857142857146,2346.43,24,False,1125,3,True,False,3.2,False,63.2,Gold,Entry-Point Category
537,44,Male,Jacket,Outerwear,84,Illinois,S,Maroon,Fall,4.4,True,Store Pickup,True,True,16,Debit Card,Every 3 Months,90,4.055555555555555,340.67,16,False,1428,3,True,False,4.4,False,44.4,Silver,Entry-Point Category
538,50,Male,Blouse,Clothing,49,Virginia,S,Turquoise,Summer,3.0,True,Store Pickup,True,True,14,Debit Card,Annually,365,1.0,49.0,14,False,735,3,True,False,3.0,False,14.8,Bronze,Entry-Point Category
539,27,Male,Socks,Clothing,22,Virginia,XL,Green,Spring,3.2,True,Free Shipping,True,True,43,Cash,Weekly,7,52.142857142857146,1147.14,43,True,968,3,True,False,3.2,False,64.2,Gold,Entry-Point Category
540,49,Male,Coat,Outerwear,48,Wyoming,M,Violet,Winter,4.0,True,Store Pickup,True,True,49,Debit Card,Weekly,7,52.142857142857146,2502.86,49,True,2400,3,True,False,4.0,False,86.2,Platinum,Entry-Point Category
541,49,Male,Dress,Clothing,37,South Carolina,M,Lavender,Spring,3.1,True,Next Day Air,True,True,33,Cash,Every 3 Months,90,4.055555555555555,150.06,33,False,1258,3,True,False,3.1,False,35.2,Silver,Entry-Point Category
542,52,Male,Jacket,Outerwear,27,Connecticut,L,Gray,Fall,2.8,True,Next Day Air,True,True,45,Cash,Bi-Weekly,14,26.071428571428573,703.93,45,True,1242,3,True,False,2.8,False,56.0,Gold,Entry-Point Category
543,27,Male,Boots,Footwear,79,Illinois,XL,Teal,Spring,4.6,True,Next Day Air,True,True,35,Cash,Bi-Weekly,14,26.071428571428573,2059.64,35,False,2844,3,True,False,4.6,False,78.8,Gold,Entry-Point Category
544,53,Male,Skirt,Clothing,98,Alabama,S,Red,Spring,4.3,True,Express,True,True,11,Credit Card,Monthly,30,12.166666666666666,1192.33,11,False,1176,3,True,False,4.3,False,54.7,Silver,Entry-Point Category
545,34,Male,Sandals,Footwear,64,Washington,S,Yellow,Summer,3.3,True,Standard,True,True,30,Bank Transfer,Every 3 Months,90,4.055555555555555,259.56,30,False,1984,3,True,False,3.3,False,39.6,Silver,Entry-Point Category
546,33,Male,Coat,Outerwear,32,Alabama,L,Magenta,Summer,3.5,True,2-Day Shipping,True,True,48,Debit Card,Annually,365,1.0,32.0,48,True,1568,3,True,False,3.5,False,37.7,Silver,Entry-Point Category
547,62,Male,Hoodie,Clothing,74,New Mexico,M,Brown,Winter,3.4,True,Free Shipping,True,True,45,Venmo,Bi-Weekly,14,26.071428571428573,1929.29,45,True,3404,3,True,False,3.4,False,73.9,Gold,Entry-Point Category
548,38,Male,Jacket,Outerwear,50,Nevada,M,Blue,Winter,2.8,True,Free Shipping,True,True,26,Venmo,Weekly,7,52.142857142857146,2607.14,26,False,1350,3,True,False,2.8,False,63.6,Gold,Entry-Point Category
549,36,Male,Backpack,Accessories,64,Nebraska,M,Black,Winter,4.6,True,Store Pickup,True,True,41,Debit Card,Every 3 Months,90,4.055555555555555,259.56,41,True,2688,3,True,False,4.6,False,56.8,Gold,Retention Category
550,31,Male,Backpack,Accessories,29,Arizona,S,Olive,Fall,3.6,True,Express,True,True,37,Venmo,Bi-Weekly,14,26.071428571428573,756.07,37,False,1102,3,True,False,3.6,False,58.5,Gold,Retention Category
551,62,Male,Belt,Accessories,62,Georgia,M,Olive,Summer,3.3,True,Store Pickup,True,True,12,PayPal,Weekly,7,52.142857142857146,3232.86,12,False,806,3,True,False,3.3,False,60.2,Gold,Retention Category
552,29,Male,Coat,Outerwear,78,Idaho,XL,Green,Fall,3.1,True,2-Day Shipping,True,True,27,Cash,Bi-Weekly,14,26.071428571428573,2033.57,27,False,2184,3,True,False,3.1,False,61.6,Gold,Entry-Point Category
553,24,Male,T-shirt,Clothing,94,Missouri,M,Peach,Fall,3.5,True,Express,True,True,18,Bank Transfer,Weekly,7,52.142857142857146,4901.43,18,False,1786,3,True,False,3.5,False,67.9,Gold,Entry-Point Category
554,63,Male,Sunglasses,Accessories,59,Florida,M,White,Winter,3.2,True,Express,True,True,15,Credit Card,Quarterly,90,4.055555555555555,239.28,15,False,944,3,True,False,3.2,False,28.7,Bronze,Retention Category
555,56,Male,Sneakers,Footwear,47,Minnesota,M,Red,Summer,3.0,True,Express,True,True,34,Bank Transfer,Weekly,7,52.142857142857146,2450.71,34,False,1645,3,True,False,3.0,False,68.8,Gold,Entry-Point Category
556,63,Male,Gloves,Accessories,57,Maine,M,White,Fall,4.8,True,Express,True,True,37,Venmo,Annually,365,1.0,57.0,37,False,2166,3,True,False,4.8,False,43.9,Silver,Retention Category
557,40,Male,Coat,Outerwear,90,Montana,L,Indigo,Winter,5.0,True,Store Pickup,True,True,21,Cash,Fortnightly,14,26.071428571428573,2346.43,21,False,1980,3,True,False,5.0,False,75.8,Gold,Entry-Point Category
558,18,Male,Shirt,Clothing,60,Alaska,M,White,Spring,2.9,True,Free Shipping,True,True,31,Debit Card,Weekly,7,52.142857142857146,3128.57,31,False,1920,3,True,False,2.9,False,68.3,Gold,Entry-Point Category
559,50,Male,Sneakers,Footwear,77,Iowa,L,Teal,Fall,3.2,True,Express,True,True,43,Debit Card,Every 3 Months,90,4.055555555555555,312.28,43,True,3388,3,True,False,3.2,False,49.3,Silver,Entry-Point Category
560,66,Male,Scarf,Accessories,41,Arizona,M,Indigo,Fall,2.9,True,Store Pickup,True,True,22,Bank Transfer,Monthly,30,12.166666666666666,498.83,22,False,943,3,True,False,2.9,False,40.0,Silver,Retention Category
561,25,Male,Jewelry,Accessories,48,Louisiana,L,Red,Fall,3.8,True,Free Shipping,True,True,12,Debit Card,Annually,365,1.0,48.0,12,False,624,3,True,False,3.8,False,20.0,Bronze,Retention Category
562,65,Male,Jacket,Outerwear,65,Alabama,M,Blue,Fall,2.6,True,Next Day Air,True,True,25,PayPal,Fortnightly,14,26.071428571428573,1694.64,25,False,1690,3,True,False,2.6,False,53.5,Silver,Entry-Point Category
563,53,Male,Jeans,Clothing,62,Missouri,M,Blue,Summer,3.5,True,Standard,True,True,40,Debit Card,Annually,365,1.0,62.0,40,True,2542,3,True,False,3.5,False,35.7,Silver,Entry-Point Category
564,61,Male,Shoes,Footwear,99,Idaho,M,Black,Fall,4.4,True,Standard,True,True,16,Debit Card,Quarterly,90,4.055555555555555,401.5,16,False,1683,3,True,False,4.4,False,47.6,Silver,Entry-Point Category
565,67,Male,Hoodie,Clothing,58,Florida,M,Olive,Winter,3.4,True,Next Day Air,True,True,30,Bank Transfer,Weekly,7,52.142857142857146,3024.29,30,False,1798,3,True,False,3.4,False,71.5,Gold,Entry-Point Category
566,59,Male,Backpack,Accessories,43,Idaho,L,Lavender,Fall,4.2,True,Store Pickup,True,True,10,Venmo,Weekly,7,52.142857142857146,2242.14,10,False,473,3,True,False,4.2,False,62.1,Gold,Retention Category
567,55,Male,Sneakers,Footwear,93,Alabama,M,Indigo,Spring,3.6,True,Store Pickup,True,True,1,Debit Card,Fortnightly,14,26.071428571428573,2424.64,1,False,186,3,True,False,3.6,False,53.4,Silver,Entry-Point Category
568,21,Male,Blouse,Clothing,50,New Hampshire,S,Red,Winter,3.0,True,Next Day Air,True,True,24,Venmo,Fortnightly,14,26.071428571428573,1303.57,24,False,1250,3,True,False,3.0,False,52.8,Silver,Entry-Point Category
569,44,Male,Pants,Clothing,88,Utah,L,Red,Summer,4.0,True,Free Shipping,True,True,36,PayPal,Monthly,30,12.166666666666666,1070.67,36,False,3256,3,True,False,4.0,False,65.7,Gold,Entry-Point Category
570,65,Male,Skirt,Clothing,33,Alabama,M,Pink,Fall,4.4,True,Express,True,True,46,Credit Card,Every 3 Months,90,4.055555555555555,133.83,46,True,1551,3,True,False,4.4,False,52.5,Silver,Entry-Point Category
571,65,Male,T-shirt,Clothing,99,Iowa,XL,Purple,Fall,4.1,True,Standard,True,True,20,Cash,Annually,365,1.0,99.0,20,False,2079,3,True,False,4.1,False,32.8,Silver,Entry-Point Category
572,54,Male,Jacket,Outerwear,76,Kentucky,XL,Cyan,Spring,3.6,True,Free Shipping,True,True,37,Venmo,Weekly,7,52.142857142857146,3962.86,37,False,2888,3,True,False,3.6,False,78.8,Gold,Entry-Point Category
573,56,Male,Scarf,Accessories,97,South Carolina,XL,Cyan,Summer,4.6,True,Next Day Air,True,True,26,Bank Transfer,Annually,365,1.0,97.0,26,False,2619,3,True,False,4.6,False,40.1,Silver,Retention Category
574,58,Male,Pants,Clothing,68,California,M,Charcoal,Summer,3.2,True,2-Day Shipping,True,True,23,Credit Card,Bi-Weekly,14,26.071428571428573,1772.86,23,False,1632,3,True,False,3.2,False,57.8,Gold,Entry-Point Category
575,54,Male,Sneakers,Footwear,79,Maine,L,Red,Fall,4.8,True,Free Shipping,True,True,20,Bank Transfer,Bi-Weekly,14,26.071428571428573,2059.64,20,False,1659,3,True,False,4.8,False,71.2,Gold,Entry-Point Category
576,58,Male,Jeans,Clothing,86,Nebraska,M,Peach,Fall,4.8,True,Express,True,True,38,PayPal,Monthly,30,12.166666666666666,1046.33,38,True,3354,3,True,False,4.8,False,72.9,Gold,Entry-Point Category
577,48,Male,Hat,Accessories,68,Washington,M,Black,Winter,5.0,True,2-Day Shipping,True,True,5,Credit Card,Every 3 Months,90,4.055555555555555,275.78,5,False,408,3,True,False,5.0,False,39.0,Silver,Retention Category
578,19,Male,Skirt,Clothing,52,Alabama,M,Black,Fall,3.7,True,Store Pickup,True,True,41,Venmo,Annually,365,1.0,52.0,41,True,2184,3,True,False,3.7,False,36.9,Silver,Entry-Point Category
579,69,Male,Sandals,Footwear,90,Maine,M,Purple,Fall,4.6,True,Next Day Air,True,True,22,Credit Card,Fortnightly,14,26.071428571428573,2346.43,22,False,2070,3,True,False,4.6,False,73.4,Gold,Entry-Point Category
580,58,Male,Sandals,Footwear,41,California,M,Violet,Winter,3.7,True,Free Shipping,True,True,48,Credit Card,Annually,365,1.0,41.0,48,True,2009,3,True,False,3.7,False,40.2,Silver,Entry-Point Category
581,49,Male,Sweater,Clothing,80,Iowa,M,Orange,Spring,4.1,True,Free Shipping,True,True,10,PayPal,Weekly,7,52.142857142857146,4171.43,10,False,880,3,True,False,4.1,False,66.9,Gold,Entry-Point Category
582,32,Male,Sweater,Clothing,100,Iowa,XL,Charcoal,Winter,2.7,True,Store Pickup,True,True,12,Bank Transfer,Every 3 Months,90,4.055555555555555,405.56,12,False,1300,3,True,False,2.7,False,31.7,Silver,Entry-Point Category
583,40,Male,Jacket,Outerwear,77,Colorado,L,Turquoise,Spring,4.9,True,Store Pickup,True,True,2,Bank Transfer,Quarterly,90,4.055555555555555,312.28,2,False,231,3,True,False,4.9,False,38.4,Silver,Entry-Point Category
584,25,Male,Shorts,Clothing,78,California,L,Yellow,Spring,4.0,True,Store Pickup,True,True,38,PayPal,Monthly,30,12.166666666666666,949.0,38,True,3042,3,True,False,4.0,False,65.2,Gold,Entry-Point Category
585,70,Male,Socks,Clothing,94,Indiana,M,White,Spring,4.7,True,Free Shipping,True,True,20,Debit Card,Monthly,30,12.166666666666666,1143.67,20,False,1974,3,True,False,4.7,False,62.4,Gold,Entry-Point Category
586,69,Male,Socks,Clothing,23,South Carolina,M,Gray,Fall,2.8,True,Next Day Air,True,True,5,Cash,Every 3 Months,90,4.055555555555555,93.28,5,False,138,3,True,False,2.8,False,12.4,Bronze,Entry-Point Category
587,45,Male,Hoodie,Clothing,20,Wisconsin,S,Blue,Winter,4.9,True,2-Day Shipping,True,True,9,Venmo,Annually,365,1.0,20.0,9,False,200,3,True,False,4.9,False,24.5,Bronze,Entry-Point Category
588,29,Male,Socks,Clothing,86,Washington,S,Maroon,Fall,4.2,True,Express,True,True,48,Debit Card,Every 3 Months,90,4.055555555555555,348.78,48,True,4214,3,True,False,4.2,False,62.4,Gold,Entry-Point Category
589,47,Male,Boots,Footwear,60,South Dakota,M,Violet,Fall,3.0,True,Standard,True,True,9,Debit Card,Quarterly,90,4.055555555555555,243.33,9,False,600,3,True,False,3.0,False,23.7,Bronze,Entry-Point Category
590,28,Male,Shirt,Clothing,70,Minnesota,M,Orange,Fall,3.4,True,2-Day Shipping,True,True,40,PayPal,Annually,365,1.0,70.0,40,True,2870,3,True,False,3.4,False,35.5,Silver,Entry-Point Category
591,64,Male,Belt,Accessories,39,Alaska,S,Turquoise,Fall,4.6,True,Standard,True,True,30,Venmo,Fortnightly,14,26.071428571428573,1016.79,30,False,1209,3,True,False,4.6,False,66.0,Gold,Retention Category
592,47,Male,Backpack,Accessories,37,Kentucky,L,Olive,Fall,4.2,True,Store Pickup,True,True,6,Debit Card,Bi-Weekly,14,26.071428571428573,964.64,6,False,259,3,True,False,4.2,False,48.1,Silver,Retention Category
593,60,Male,Boots,Footwear,29,North Dakota,M,Brown,Fall,3.2,True,Free Shipping,True,True,42,Venmo,Every 3 Months,90,4.055555555555555,117.61,42,True,1247,3,True,False,3.2,False,39.7,Silver,Entry-Point Category
594,67,Male,Coat,Outerwear,35,Alaska,S,Green,Winter,4.4,True,Store Pickup,True,True,9,PayPal,Every 3 Months,90,4.055555555555555,141.94,9,False,350,3,True,False,4.4,False,30.8,Silver,Entry-Point Category
595,35,Male,Hoodie,Clothing,83,Oklahoma,S,Brown,Winter,2.5,True,Next Day Air,True,True,6,Debit Card,Monthly,30,12.166666666666666,1009.83,6,False,581,3,True,False,2.5,True,35.0,Silver,Entry-Point Category
596,30,Male,Shoes,Footwear,77,Delaware,M,Silver,Summer,3.6,True,Next Day Air,True,True,47,PayPal,Quarterly,90,4.055555555555555,312.28,47,True,3696,3,True,False,3.6,False,54.9,Silver,Entry-Point Category
597,23,Male,Shoes,Footwear,37,Montana,XL,White,Summer,4.5,True,Store Pickup,True,True,36,Venmo,Annually,365,1.0,37.0,36,False,1369,3,True,False,4.5,False,39.2,Silver,Entry-Point Category
598,70,Male,Jewelry,Accessories,69,Alaska,L,Gold,Summer,3.4,True,Standard,True,True,19,Bank Transfer,Fortnightly,14,26.071428571428573,1798.93,19,False,1380,3,True,False,3.4,False,57.3,Gold,Retention Category
599,21,Male,Dress,Clothing,66,California,L,Green,Winter,3.2,True,2-Day Shipping,True,True,30,Cash,Every 3 Months,90,4.055555555555555,267.67,30,False,2046,3,True,False,3.2,False,39.1,Silver,Entry-Point Category
600,51,Male,Boots,Footwear,26,Massachusetts,L,Teal,Spring,4.2,True,Standard,True,True,27,Debit Card,Every 3 Months,90,4.055555555555555,105.44,27,False,728,3,True,False,4.2,False,38.4,Silver,Entry-Point Category
601,22,Male,Hat,Accessories,63,South Carolina,M,Charcoal,Spring,5.0,True,2-Day Shipping,True,True,25,Venmo,Monthly,30,12.166666666666666,766.5,25,False,1638,3,True,False,5.0,False,62.5,Gold,Retention Category
602,32,Male,Backpack,Accessories,38,West Virginia,M,Maroon,Summer,4.7,True,Store Pickup,True,True,5,Cash,Fortnightly,14,26.071428571428573,990.71,5,False,228,3,True,False,4.7,False,51.7,Silver,Retention Category
603,37,Male,Shoes,Footwear,58,Oregon,L,Lavender,Summer,4.2,True,Next Day Air,True,True,10,Cash,Every 3 Months,90,4.055555555555555,235.22,10,False,638,3,True,False,4.2,False,33.7,Silver,Entry-Point Category
604,31,Male,Handbag,Accessories,46,Massachusetts,L,Green,Winter,3.4,True,2-Day Shipping,True,True,26,PayPal,Every 3 Months,90,4.055555555555555,186.56,26,False,1242,3,True,False,3.4,False,34.9,Silver,Retention Category
605,44,Male,Sunglasses,Accessories,92,West Virginia,S,Pink,Fall,4.4,True,Store Pickup,True,True,11,Credit Card,Every 3 Months,90,4.055555555555555,373.11,11,False,1104,3,True,False,4.4,False,42.9,Silver,Retention Category
606,40,Male,Hat,Accessories,32,California,XL,Charcoal,Winter,4.2,True,Standard,True,True,17,Bank Transfer,Weekly,7,52.142857142857146,1668.57,17,False,576,3,True,False,4.2,False,61.3,Gold,Retention Category
607,27,Male,Scarf,Accessories,90,Colorado,M,Blue,Spring,4.5,True,Standard,True,True,44,PayPal,Monthly,30,12.166666666666666,1095.0,44,True,4050,3,True,False,4.5,False,74.6,Gold,Retention Category
608,47,Male,Hoodie,Clothing,23,Indiana,L,Purple,Fall,2.8,True,Next Day Air,True,True,44,Cash,Monthly,30,12.166666666666666,279.83,44,True,1035,3,True,False,2.8,False,44.8,Silver,Entry-Point Category
609,41,Male,Backpack,Accessories,25,Delaware,S,Gold,Fall,3.3,True,Next Day Air,True,True,21,Venmo,Every 3 Months,90,4.055555555555555,101.39,21,False,550,3,True,False,3.3,False,27.1,Bronze,Retention Category
610,51,Male,Sweater,Clothing,54,Ohio,L,Purple,Fall,4.6,True,Next Day Air,True,True,49,Credit Card,Fortnightly,14,26.071428571428573,1407.86,49,True,2700,3,True,False,4.6,False,81.8,Platinum,Entry-Point Category
611,53,Male,Shorts,Clothing,72,Oklahoma,M,Charcoal,Summer,2.5,True,Free Shipping,True,True,27,Bank Transfer,Every 3 Months,90,4.055555555555555,292.0,27,False,2016,3,True,False,2.5,True,33.2,Silver,Entry-Point Category
612,43,Male,Scarf,Accessories,33,California,M,Black,Winter,4.7,True,Store Pickup,True,True,19,Cash,Monthly,30,12.166666666666666,401.5,19,False,660,3,True,False,4.7,False,51.7,Silver,Retention Category
613,67,Male,Hat,Accessories,43,New Hampshire,L,Lavender,Fall,4.6,True,Express,True,True,33,Credit Card,Quarterly,90,4.055555555555555,174.39,33,False,1462,3,True,False,4.6,False,48.6,Silver,Retention Category
614,61,Male,Coat,Outerwear,51,Pennsylvania,L,Lavender,Fall,2.6,True,Standard,True,True,46,Cash,Bi-Weekly,14,26.071428571428573,1329.64,46,True,2397,3,True,False,2.6,False,63.1,Gold,Entry-Point Category
615,68,Male,Jewelry,Accessories,85,Idaho,M,Lavender,Winter,4.0,True,Standard,True,True,21,Credit Card,Bi-Weekly,14,26.071428571428573,2216.07,21,False,1870,3,True,False,4.0,False,66.9,Gold,Retention Category
616,67,Male,Sandals,Footwear,100,Maryland,L,Olive,Summer,2.6,True,Next Day Air,True,True,23,Venmo,Annually,365,1.0,100.0,23,False,2400,3,True,False,2.6,False,22.5,Bronze,Entry-Point Category
617,29,Male,Gloves,Accessories,72,Pennsylvania,L,Teal,Spring,4.6,True,Free Shipping,True,True,38,Credit Card,Every 3 Months,90,4.055555555555555,292.0,38,True,2808,3,True,False,4.6,False,56.5,Gold,Retention Category
618,50,Male,Backpack,Accessories,57,Colorado,M,Maroon,Fall,2.6,True,Standard,True,True,2,Bank Transfer,Quarterly,90,4.055555555555555,231.17,2,False,171,3,True,False,2.6,False,15.6,Bronze,Retention Category
619,61,Male,Jacket,Outerwear,94,Indiana,L,Cyan,Spring,4.0,True,Express,True,True,21,Debit Card,Bi-Weekly,14,26.071428571428573,2450.71,21,False,2068,3,True,False,4.0,False,69.0,Gold,Entry-Point Category
620,19,Male,Backpack,Accessories,34,Nebraska,M,Charcoal,Summer,4.6,True,Store Pickup,True,True,1,Debit Card,Every 3 Months,90,4.055555555555555,137.89,1,False,68,3,True,False,4.6,False,27.3,Bronze,Retention Category
621,33,Male,Backpack,Accessories,89,Rhode Island,M,Black,Fall,3.7,True,2-Day Shipping,True,True,10,Venmo,Every 3 Months,90,4.055555555555555,360.94,10,False,979,3,True,False,3.7,False,35.8,Silver,Retention Category
622,51,Male,Sunglasses,Accessories,27,Kansas,S,Red,Fall,4.4,True,Store Pickup,True,True,45,Credit Card,Weekly,7,52.142857142857146,1407.86,45,True,1242,3,True,False,4.4,False,77.7,Gold,Retention Category
623,69,Male,Socks,Clothing,63,Georgia,S,Peach,Spring,4.0,True,Next Day Air,True,True,44,Bank Transfer,Fortnightly,14,26.071428571428573,1642.5,44,True,2835,3,True,False,4.0,False,75.6,Gold,Entry-Point Category
624,19,Male,Shoes,Footwear,70,Nevada,M,White,Fall,4.7,True,Standard,True,True,48,PayPal,Bi-Weekly,14,26.071428571428573,1825.0,48,True,3430,3,True,False,4.7,False,85.7,Platinum,Entry-Point Category
625,55,Male,Pants,Clothing,87,South Carolina,XL,Pink,Fall,3.4,True,Express,True,True,21,PayPal,Annually,365,1.0,87.0,21,False,1914,3,True,False,3.4,False,25.8,Bronze,Entry-Point Category
626,49,Male,Jewelry,Accessories,79,Delaware,M,Red,Fall,4.0,True,Next Day Air,True,True,1,Venmo,Weekly,7,52.142857142857146,4119.29,1,False,158,3,True,False,4.0,False,60.6,Gold,Retention Category
627,31,Male,Sunglasses,Accessories,79,New Hampshire,M,Indigo,Spring,3.9,True,Standard,True,True,10,Venmo,Annually,365,1.0,79.0,10,False,869,3,True,False,3.9,False,22.2,Bronze,Retention Category
628,42,Male,Sandals,Footwear,44,Oregon,L,Black,Winter,4.1,True,Express,True,True,24,PayPal,Monthly,30,12.166666666666666,535.33,24,False,1100,3,True,False,4.1,False,51.5,Silver,Entry-Point Category
629,69,Male,Sweater,Clothing,85,Massachusetts,M,White,Fall,3.8,True,2-Day Shipping,True,True,29,Credit Card,Monthly,30,12.166666666666666,1034.17,29,False,2550,3,True,False,3.8,False,59.1,Gold,Entry-Point Category
630,26,Male,Shoes,Footwear,90,Vermont,L,Beige,Spring,4.7,True,Standard,True,True,11,Debit Card,Annually,365,1.0,90.0,11,False,1080,3,True,False,4.7,False,30.8,Silver,Entry-Point Category
631,41,Male,Jewelry,Accessories,94,Mississippi,S,Silver,Fall,4.3,True,2-Day Shipping,True,True,33,Debit Card,Annually,365,1.0,94.0,33,False,3196,3,True,False,4.3,False,41.7,Silver,Retention Category
632,55,Male,Boots,Footwear,68,Washington,S,Violet,Summer,4.1,True,Store Pickup,True,True,27,Cash,Fortnightly,14,26.071428571428573,1772.86,27,False,1904,3,True,False,4.1,False,67.7,Gold,Entry-Point Category
633,35,Male,Backpack,Accessories,51,Wyoming,M,Red,Winter,3.9,True,Next Day Air,True,True,19,Venmo,Fortnightly,14,26.071428571428573,1329.64,19,False,1020,3,True,False,3.9,False,57.3,Gold,Retention Category
634,66,Male,Sandals,Footwear,33,Minnesota,M,Orange,Spring,2.9,True,Express,True,True,50,Debit Card,Quarterly,90,4.055555555555555,133.83,50,True,1683,3,True,False,2.9,False,42.7,Silver,Entry-Point Category
635,36,Male,Sneakers,Footwear,60,Ohio,M,Teal,Summer,3.9,True,Standard,True,True,46,PayPal,Weekly,7,52.142857142857146,3128.57,46,True,2820,3,True,False,3.9,False,85.2,Platinum,Entry-Point Category
636,27,Male,Hoodie,Clothing,59,South Carolina,M,Brown,Fall,4.3,True,2-Day Shipping,True,True,28,Cash,Quarterly,90,4.055555555555555,239.28,28,False,1711,3,True,False,4.3,False,45.6,Silver,Entry-Point Category
637,41,Male,Handbag,Accessories,30,Wisconsin,M,Indigo,Summer,2.8,True,Store Pickup,True,True,14,Bank Transfer,Every 3 Months,90,4.055555555555555,121.67,14,False,450,3,True,False,2.8,False,19.8,Bronze,Retention Category
638,21,Male,Sweater,Clothing,20,Tennessee,M,Cyan,Winter,3.4,True,2-Day Shipping,True,True,46,Cash,Fortnightly,14,26.071428571428573,521.43,46,True,940,3,True,False,3.4,False,58.6,Gold,Entry-Point Category
639,53,Male,Sandals,Footwear,20,Maryland,S,Blue,Summer,2.7,True,Express,True,True,41,PayPal,Monthly,30,12.166666666666666,243.33,41,True,840,3,True,False,2.7,False,40.6,Silver,Entry-Point Category
640,54,Male,Dress,Clothing,24,Mississippi,L,Olive,Spring,4.0,True,2-Day Shipping,True,True,50,Credit Card,Annually,365,1.0,24.0,50,True,1224,3,True,False,4.0,False,42.2,Silver,Entry-Point Category
641,53,Male,Skirt,Clothing,88,Minnesota,M,Gray,Summer,4.4,True,Store Pickup,True,True,28,Debit Card,Fortnightly,14,26.071428571428573,2294.29,28,False,2552,3,True,False,4.4,False,75.0,Gold,Entry-Point Category
642,47,Male,Blouse,Clothing,78,Alaska,M,Red,Winter,3.9,True,2-Day Shipping,True,True,23,Credit Card,Every 3 Months,90,4.055555555555555,316.33,23,False,1872,3,True,False,3.9,False,43.2,Silver,Entry-Point Category
643,64,Male,Skirt,Clothing,25,Arkansas,L,Red,Spring,2.8,True,2-Day Shipping,True,True,14,Debit Card,Bi-Weekly,14,26.071428571428573,651.79,14,False,375,3,True,False,2.8,False,36.8,Silver,Entry-Point Category
644,18,Male,Sweater,Clothing,57,Oregon,XL,Green,Winter,3.2,True,Next Day Air,True,True,10,Bank Transfer,Every 3 Months,90,4.055555555555555,231.17,10,False,627,3,True,False,3.2,False,25.2,Bronze,Entry-Point Category
645,68,Male,Backpack,Accessories,93,Louisiana,S,Blue,Summer,4.3,True,Next Day Air,True,True,37,Cash,Weekly,7,52.142857142857146,4849.29,37,False,3534,3,True,False,4.3,False,86.0,Platinum,Retention Category
646,62,Male,Hoodie,Clothing,42,Oklahoma,S,Purple,Summer,4.2,True,Express,True,True,15,Venmo,Bi-Weekly,14,26.071428571428573,1095.0,15,False,672,3,True,False,4.2,False,54.9,Silver,Entry-Point Category
647,51,Male,Boots,Footwear,54,Indiana,XL,Pink,Spring,4.9,True,Standard,True,True,19,Venmo,Bi-Weekly,14,26.071428571428573,1407.86,19,False,1080,3,True,False,4.9,False,66.0,Gold,Entry-Point Category
648,54,Male,Blouse,Clothing,70,Mississippi,XL,Charcoal,Summer,3.7,True,Express,True,True,23,Credit Card,Fortnightly,14,26.071428571428573,1825.0,23,False,1680,3,True,False,3.7,False,62.4,Gold,Entry-Point Category
649,22,Male,Hoodie,Clothing,31,Michigan,M,Brown,Winter,4.1,True,Store Pickup,True,True,35,Credit Card,Weekly,7,52.142857142857146,1616.43,35,False,1116,3,True,False,4.1,False,71.1,Gold,Entry-Point Category
650,53,Male,Pants,Clothing,93,Delaware,L,Orange,Spring,4.2,True,Store Pickup,True,True,33,PayPal,Every 3 Months,90,4.055555555555555,377.17,33,False,3162,3,True,False,4.2,False,55.0,Gold,Entry-Point Category
651,34,Male,Gloves,Accessories,40,Florida,M,Magenta,Spring,3.9,True,Next Day Air,True,True,12,Bank Transfer,Annually,365,1.0,40.0,12,False,520,3,True,False,3.9,False,20.2,Bronze,Retention Category
652,32,Male,Hat,Accessories,32,Arkansas,L,Yellow,Summer,2.9,True,Next Day Air,True,True,41,Venmo,Fortnightly,14,26.071428571428573,834.29,41,True,1344,3,True,False,2.9,False,56.3,Gold,Retention Category
653,64,Male,Sunglasses,Accessories,27,Minnesota,M,Beige,Winter,3.1,True,Free Shipping,True,True,27,Venmo,Weekly,7,52.142857142857146,1407.86,27,False,756,3,True,False,3.1,False,56.4,Gold,Retention Category
654,20,Male,Scarf,Accessories,68,North Dakota,M,Olive,Winter,3.6,True,2-Day Shipping,True,True,45,Cash,Fortnightly,14,26.071428571428573,1772.86,45,True,3128,3,True,False,3.6,False,74.2,Gold,Retention Category
655,24,Male,Handbag,Accessories,59,California,L,Gray,Summer,4.4,True,2-Day Shipping,True,True,23,Venmo,Annually,365,1.0,59.0,23,False,1416,3,True,False,4.4,False,32.5,Silver,Retention Category
656,20,Male,Handbag,Accessories,36,Mississippi,S,Purple,Fall,3.1,True,Free Shipping,True,True,19,Venmo,Monthly,30,12.166666666666666,438.0,19,False,720,3,True,False,3.1,False,39.3,Silver,Retention Category
657,42,Male,Jeans,Clothing,23,Pennsylvania,M,Beige,Summer,3.9,True,Standard,True,True,6,PayPal,Quarterly,90,4.055555555555555,93.28,6,False,161,3,True,False,3.9,False,22.0,Bronze,Entry-Point Category
658,48,Male,Jacket,Outerwear,80,Arizona,M,White,Winter,4.3,True,Free Shipping,True,True,6,PayPal,Quarterly,90,4.055555555555555,324.44,6,False,560,3,True,False,4.3,False,37.0,Silver,Entry-Point Category
659,62,Male,Backpack,Accessories,37,Louisiana,S,White,Fall,4.9,True,Store Pickup,True,True,20,Venmo,Weekly,7,52.142857142857146,1929.29,20,False,777,3,True,False,4.9,False,71.0,Gold,Retention Category
660,62,Male,Shorts,Clothing,52,Virginia,S,Gold,Spring,3.6,True,2-Day Shipping,True,True,8,Cash,Weekly,7,52.142857142857146,2711.43,8,False,468,3,True,False,3.6,False,59.5,Gold,Entry-Point Category
661,50,Male,Coat,Outerwear,79,Montana,M,Olive,Fall,5.0,True,2-Day Shipping,True,True,39,Credit Card,Quarterly,90,4.055555555555555,320.39,39,True,3160,3,True,False,5.0,False,61.7,Gold,Entry-Point Category
662,57,Male,Shirt,Clothing,68,Iowa,XL,Green,Fall,4.1,True,Store Pickup,True,True,39,Credit Card,Quarterly,90,4.055555555555555,275.78,39,True,2720,3,True,False,4.1,False,52.4,Silver,Entry-Point Category
663,24,Male,Gloves,Accessories,98,Illinois,L,Magenta,Fall,2.8,True,Express,True,True,39,Venmo,Bi-Weekly,14,26.071428571428573,2555.0,39,True,3920,3,True,False,2.8,False,70.8,Gold,Retention Category
664,59,Male,Dress,Clothing,83,Alaska,M,Charcoal,Fall,4.7,True,Express,True,True,23,Credit Card,Monthly,30,12.166666666666666,1009.83,23,False,1992,3,True,False,4.7,False,62.5,Gold,Entry-Point Category
665,63,Male,Pants,Clothing,83,Colorado,M,Indigo,Winter,4.4,True,Express,True,True,41,PayPal,Bi-Weekly,14,26.071428571428573,2163.93,41,True,3486,3,True,False,4.4,False,81.6,Platinum,Entry-Point Category
666,41,Male,Pants,Clothing,55,New Mexico,M,Peach,Spring,4.9,True,2-Day Shipping,True,True,50,Credit Card,Annually,365,1.0,55.0,50,True,2805,3,True,False,4.9,False,52.2,Silver,Entry-Point Category
667,35,Male,Hoodie,Clothing,26,Colorado,L,Turquoise,Winter,3.1,True,Free Shipping,True,True,30,Debit Card,Quarterly,90,4.055555555555555,105.44,30,False,806,3,True,False,3.1,False,31.1,Silver,Entry-Point Category
668,34,Male,Sunglasses,Accessories,76,Arizona,S,Blue,Winter,2.6,True,Standard,True,True,32,Bank Transfer,Quarterly,90,4.055555555555555,308.22,32,False,2508,3,True,False,2.6,False,37.9,Silver,Retention Category
669,49,Male,T-shirt,Clothing,85,Hawaii,S,Turquoise,Fall,2.9,True,Express,True,True,35,Bank Transfer,Monthly,30,12.166666666666666,1034.17,35,False,3060,3,True,False,2.9,False,55.6,Gold,Entry-Point Category
670,43,Male,Jacket,Outerwear,89,Illinois,M,Gray,Spring,3.3,True,Free Shipping,True,True,45,Venmo,Bi-Weekly,14,26.071428571428573,2320.36,45,True,4094,3,True,False,3.3,False,76.2,Gold,Entry-Point Category
671,63,Male,Sweater,Clothing,41,Louisiana,XL,Purple,Spring,4.8,True,Next Day Air,True,True,37,Cash,Bi-Weekly,14,26.071428571428573,1068.93,37,False,1558,3,True,False,4.8,False,72.5,Gold,Entry-Point Category
672,38,Male,Jacket,Outerwear,30,Iowa,L,Black,Winter,4.7,True,Express,True,True,45,Cash,Weekly,7,52.142857142857146,1564.29,45,True,1380,3,True,False,4.7,False,81.3,Platinum,Entry-Point Category
673,59,Male,Socks,Clothing,53,Washington,M,Peach,Winter,3.3,True,2-Day Shipping,True,True,29,Cash,Quarterly,90,4.055555555555555,214.94,29,False,1590,3,True,False,3.3,False,36.8,Silver,Entry-Point Category
674,35,Male,Shirt,Clothing,66,Oklahoma,M,Indigo,Spring,4.2,True,Free Shipping,True,True,27,Venmo,Bi-Weekly,14,26.071428571428573,1720.71,27,False,1848,3,True,False,4.2,False,68.0,Gold,Entry-Point Category
675,48,Male,Jewelry,Accessories,33,Washington,XL,Beige,Winter,4.7,True,Store Pickup,True,True,36,Bank Transfer,Annually,365,1.0,33.0,36,False,1221,3,True,False,4.7,False,40.4,Silver,Retention Category
676,64,Male,Sunglasses,Accessories,86,Arkansas,M,Yellow,Spring,2.6,True,2-Day Shipping,True,True,9,Cash,Annually,365,1.0,86.0,9,False,860,3,True,False,2.6,False,12.2,Bronze,Retention Category
677,28,Male,Pants,Clothing,60,Connecticut,M,Peach,Winter,2.9,True,2-Day Shipping,True,True,38,Venmo,Bi-Weekly,14,26.071428571428573,1564.29,38,True,2340,3,True,False,2.9,False,62.6,Gold,Entry-Point Category
678,60,Male,Socks,Clothing,62,Washington,S,Turquoise,Summer,2.7,True,Express,True,True,41,PayPal,Annually,365,1.0,62.0,41,True,2604,3,True,False,2.7,False,29.8,Bronze,Entry-Point Category
679,27,Male,Blouse,Clothing,74,Maine,M,Teal,Fall,3.3,True,Store Pickup,True,True,25,Debit Card,Every 3 Months,90,4.055555555555555,300.11,25,False,1924,3,True,False,3.3,False,38.6,Silver,Entry-Point Category
680,56,Male,Sandals,Footwear,95,Michigan,M,Turquoise,Fall,3.4,True,Express,True,True,37,Venmo,Fortnightly,14,26.071428571428573,2476.79,37,False,3610,3,True,False,3.4,False,73.9,Gold,Entry-Point Category
681,58,Male,Sneakers,Footwear,25,Tennessee,M,Magenta,Spring,4.2,True,Express,True,True,3,PayPal,Annually,365,1.0,25.0,3,False,100,3,True,False,4.2,False,15.8,Bronze,Entry-Point Category
682,30,Male,Shirt,Clothing,59,Louisiana,XL,Purple,Winter,3.8,True,2-Day Shipping,True,True,24,Credit Card,Every 3 Months,90,4.055555555555555,239.28,24,False,1475,3,True,False,3.8,False,38.9,Silver,Entry-Point Category
683,23,Male,Jacket,Outerwear,29,Missouri,M,Brown,Summer,4.0,True,Standard,True,True,49,Credit Card,Bi-Weekly,14,26.071428571428573,756.07,49,True,1450,3,True,False,4.0,False,69.0,Gold,Entry-Point Category
684,33,Male,Sandals,Footwear,36,Michigan,S,Violet,Winter,2.7,True,Free Shipping,True,True,3,Bank Transfer,Monthly,30,12.166666666666666,438.0,3,False,144,3,True,False,2.7,False,26.6,Bronze,Entry-Point Category
685,63,Male,Hat,Accessories,82,Alabama,M,Yellow,Summer,4.7,True,Express,True,True,42,Debit Card,Monthly,30,12.166666666666666,997.67,42,True,3526,3,True,False,4.7,False,73.8,Gold,Retention Category
686,70,Male,Blouse,Clothing,71,Massachusetts,XL,Magenta,Winter,3.5,True,Standard,True,True,32,Cash,Fortnightly,14,26.071428571428573,1851.07,32,False,2343,3,True,False,3.5,False,66.7,Gold,Entry-Point Category
687,70,Male,Sweater,Clothing,35,Indiana,L,Beige,Fall,3.0,True,2-Day Shipping,True,True,33,Venmo,Fortnightly,14,26.071428571428573,912.5,33,False,1190,3,True,False,3.0,False,53.5,Silver,Entry-Point Category
688,19,Male,Gloves,Accessories,38,West Virginia,XL,Turquoise,Winter,3.3,True,Free Shipping,True,True,46,Bank Transfer,Quarterly,90,4.055555555555555,154.11,46,True,1786,3,True,False,3.3,False,44.5,Silver,Retention Category
689,25,Male,Scarf,Accessories,59,Michigan,S,Peach,Summer,4.7,True,Store Pickup,True,True,44,Venmo,Monthly,30,12.166666666666666,717.83,44,True,2655,3,True,False,4.7,False,71.0,Gold,Retention Category
690,19,Male,Hoodie,Clothing,91,Pennsylvania,M,Orange,Summer,4.7,True,Express,True,True,35,Credit Card,Every 3 Months,90,4.055555555555555,369.06,35,False,3276,3,True,False,4.7,False,59.7,Gold,Entry-Point Category
691,25,Male,Shorts,Clothing,68,Alaska,XL,Red,Spring,4.8,True,Standard,True,True,45,Bank Transfer,Weekly,7,52.142857142857146,3545.71,45,True,3128,3,True,False,4.8,False,92.5,Platinum,Entry-Point Category
692,60,Male,Backpack,Accessories,21,Massachusetts,L,Silver,Summer,2.9,True,Standard,True,True,37,PayPal,Bi-Weekly,14,26.071428571428573,547.5,37,False,798,3,True,False,2.9,False,49.7,Silver,Retention Category
693,35,Male,Sunglasses,Accessories,95,North Dakota,M,Cyan,Spring,4.0,True,2-Day Shipping,True,True,40,Debit Card,Every 3 Months,90,4.055555555555555,385.28,40,True,3895,3,True,False,4.0,False,57.8,Gold,Retention Category
694,46,Male,Shorts,Clothing,52,Vermont,L,Turquoise,Spring,3.1,True,Free Shipping,True,True,30,Cash,Every 3 Months,90,4.055555555555555,210.89,30,False,1612,3,True,False,3.1,False,35.7,Silver,Entry-Point Category
695,41,Male,Dress,Clothing,21,Kentucky,S,Charcoal,Fall,3.5,True,2-Day Shipping,True,True,38,Venmo,Every 3 Months,90,4.055555555555555,85.17,38,True,819,3,True,False,3.5,False,36.7,Silver,Entry-Point Category
696,30,Male,Shorts,Clothing,67,Nevada,XL,Peach,Summer,3.7,True,Next Day Air,True,True,15,Debit Card,Every 3 Months,90,4.055555555555555,271.72,15,False,1072,3,True,False,3.7,False,34.4,Silver,Entry-Point Category
697,44,Male,Belt,Accessories,42,Utah,L,Green,Fall,2.8,True,Standard,True,True,49,Cash,Monthly,30,12.166666666666666,511.0,49,True,2100,3,True,False,2.8,False,55.5,Gold,Retention Category
698,61,Male,Scarf,Accessories,63,North Dakota,XL,Brown,Summer,4.6,True,Free Shipping,True,True,40,Debit Card,Quarterly,90,4.055555555555555,255.5,40,True,2583,3,True,False,4.6,False,55.9,Gold,Retention Category
699,55,Male,Boots,Footwear,41,Iowa,M,Yellow,Winter,3.8,True,Standard,True,True,40,Debit Card,Weekly,7,52.142857142857146,2137.86,40,True,1681,3,True,False,3.8,False,75.8,Gold,Entry-Point Category
700,50,Male,Handbag,Accessories,46,Connecticut,M,Charcoal,Fall,2.6,True,2-Day Shipping,True,True,5,PayPal,Weekly,7,52.142857142857146,2398.57,5,False,276,3,True,False,2.6,False,47.8,Silver,Retention Category
701,57,Male,Pants,Clothing,79,Wisconsin,L,Olive,Winter,4.1,True,Standard,True,True,5,PayPal,Monthly,30,12.166666666666666,961.17,5,False,474,3,True,False,4.1,False,46.4,Silver,Entry-Point Category
702,51,Male,Boots,Footwear,90,Idaho,L,Red,Fall,3.3,True,Next Day Air,True,True,5,Debit Card,Every 3 Months,90,4.055555555555555,365.0,5,False,540,3,True,False,3.3,False,30.0,Silver,Entry-Point Category
703,18,Male,Shirt,Clothing,71,Montana,M,White,Winter,3.4,True,Store Pickup,True,True,1,Cash,Weekly,7,52.142857142857146,3702.14,1,False,142,3,True,False,3.4,False,55.0,Gold,Entry-Point Category
704,63,Male,Dress,Clothing,87,Connecticut,L,Pink,Summer,3.0,True,Standard,True,True,21,Venmo,Weekly,7,52.142857142857146,4536.43,21,False,1914,3,True,False,3.0,False,65.2,Gold,Entry-Point Category
705,34,Male,Hoodie,Clothing,66,Idaho,S,Black,Spring,3.2,True,Express,True,True,18,PayPal,Annually,365,1.0,66.0,18,False,1254,3,True,False,3.2,False,20.2,Bronze,Entry-Point Category
706,25,Male,Pants,Clothing,90,Arkansas,XL,Indigo,Summer,4.5,True,Free Shipping,True,True,49,Cash,Quarterly,90,4.055555555555555,365.0,49,True,4500,3,True,False,4.5,False,66.1,Gold,Entry-Point Category
707,46,Male,Jeans,Clothing,47,Iowa,L,Turquoise,Summer,4.8,True,Express,True,True,27,Debit Card,Weekly,7,52.142857142857146,2450.71,27,False,1316,3,True,False,4.8,False,79.0,Gold,Entry-Point Category
708,59,Male,Shirt,Clothing,38,Louisiana,L,Purple,Spring,3.7,True,Next Day Air,True,True,21,Venmo,Annually,365,1.0,38.0,21,False,836,3,True,False,3.7,False,23.6,Bronze,Entry-Point Category
709,37,Male,Backpack,Accessories,50,Kentucky,L,Beige,Summer,3.4,True,Store Pickup,True,True,19,Cash,Fortnightly,14,26.071428571428573,1303.57,19,False,1000,3,True,False,3.4,False,53.0,Silver,Retention Category
710,49,Male,Jacket,Outerwear,79,Massachusetts,L,Charcoal,Summer,4.6,True,Standard,True,True,23,Debit Card,Monthly,30,12.166666666666666,961.17,23,False,1896,3,True,False,4.6,False,61.0,Gold,Entry-Point Category
711,22,Male,Scarf,Accessories,91,Virginia,L,Turquoise,Spring,4.1,True,Standard,True,True,26,PayPal,Fortnightly,14,26.071428571428573,2372.5,26,False,2457,3,True,False,4.1,False,72.2,Gold,Retention Category
712,64,Male,Boots,Footwear,60,New Hampshire,M,Maroon,Spring,3.5,True,2-Day Shipping,True,True,13,Bank Transfer,Bi-Weekly,14,26.071428571428573,1564.29,13,False,840,3,True,False,3.5,False,52.4,Silver,Entry-Point Category
713,42,Male,Blouse,Clothing,81,New Hampshire,XL,Black,Summer,3.8,True,Next Day Air,True,True,36,Bank Transfer,Quarterly,90,4.055555555555555,328.5,36,False,2997,3,True,False,3.8,False,50.8,Silver,Entry-Point Category
714,37,Male,Hoodie,Clothing,90,Oregon,M,Lavender,Summer,2.6,True,Express,True,True,39,Bank Transfer,Bi-Weekly,14,26.071428571428573,2346.43,39,True,3600,3,True,False,2.6,False,67.5,Gold,Entry-Point Category
715,26,Male,Jacket,Outerwear,70,South Dakota,M,Magenta,Fall,4.4,True,Store Pickup,True,True,40,Debit Card,Fortnightly,14,26.071428571428573,1825.0,40,True,2870,3,True,False,4.4,False,78.5,Gold,Entry-Point Category
716,33,Male,Jeans,Clothing,63,Delaware,L,Green,Spring,2.6,True,Express,True,True,37,Debit Card,Quarterly,90,4.055555555555555,255.5,37,False,2394,3,True,False,2.6,False,38.0,Silver,Entry-Point Category
717,30,Male,Jewelry,Accessories,29,Missouri,M,Olive,Spring,3.6,True,Express,True,True,9,Venmo,Bi-Weekly,14,26.071428571428573,756.07,9,False,290,3,True,False,3.6,False,41.7,Silver,Retention Category
718,21,Male,Socks,Clothing,90,Alaska,L,Green,Spring,4.2,True,Express,True,True,7,Venmo,Every 3 Months,90,4.055555555555555,365.0,7,False,720,3,True,False,4.2,False,38.8,Silver,Entry-Point Category
719,22,Male,Shirt,Clothing,22,Florida,M,Peach,Summer,4.6,True,Standard,True,True,25,Bank Transfer,Annually,365,1.0,22.0,25,False,572,3,True,False,4.6,False,31.9,Silver,Entry-Point Category
720,63,Male,Shorts,Clothing,22,Mississippi,L,Turquoise,Summer,3.3,True,Next Day Air,True,True,42,Venmo,Bi-Weekly,14,26.071428571428573,573.57,42,True,946,3,True,False,3.3,False,56.3,Gold,Entry-Point Category
721,33,Male,Jewelry,Accessories,62,New Mexico,L,Orange,Fall,3.4,True,Free Shipping,True,True,19,Debit Card,Weekly,7,52.142857142857146,3232.86,19,False,1240,3,True,False,3.4,False,65.1,Gold,Retention Category
722,43,Male,Blouse,Clothing,57,California,L,Silver,Summer,4.4,True,Next Day Air,True,True,41,Debit Card,Every 3 Months,90,4.055555555555555,231.17,41,True,2394,3,True,False,4.4,False,53.7,Silver,Entry-Point Category
723,27,Male,Sweater,Clothing,32,Wyoming,S,Blue,Summer,4.3,True,Store Pickup,True,True,50,Cash,Bi-Weekly,14,26.071428571428573,834.29,50,True,1632,3,True,False,4.3,False,73.1,Gold,Entry-Point Category
724,35,Male,Jewelry,Accessories,53,Missouri,L,Cyan,Fall,3.5,True,Express,True,True,43,PayPal,Monthly,30,12.166666666666666,644.83,43,True,2332,3,True,False,3.5,False,59.7,Gold,Retention Category
725,37,Male,T-shirt,Clothing,79,New Hampshire,XL,Green,Fall,4.7,True,Store Pickup,True,True,36,Venmo,Every 3 Months,90,4.055555555555555,320.39,36,False,2923,3,True,False,4.7,False,57.8,Gold,Entry-Point Category
726,61,Male,Hat,Accessories,61,Texas,L,Silver,Winter,3.1,True,Standard,True,True,33,Debit Card,Fortnightly,14,26.071428571428573,1590.36,33,False,2074,3,True,False,3.1,False,61.6,Gold,Retention Category
727,32,Male,Shorts,Clothing,78,North Dakota,L,Yellow,Summer,3.6,True,Next Day Air,True,True,20,Bank Transfer,Every 3 Months,90,4.055555555555555,316.33,20,False,1638,3,True,False,3.6,False,38.9,Silver,Entry-Point Category
728,62,Male,Sweater,Clothing,97,Arkansas,S,Gray,Winter,4.8,True,Next Day Air,True,True,37,Venmo,Every 3 Months,90,4.055555555555555,393.39,37,False,3686,3,True,False,4.8,False,62.9,Gold,Entry-Point Category
729,29,Male,Jeans,Clothing,78,Nebraska,M,Pink,Winter,3.7,True,Next Day Air,True,True,12,PayPal,Every 3 Months,90,4.055555555555555,316.33,12,False,1014,3,True,False,3.7,False,34.9,Silver,Entry-Point Category
730,41,Male,Sunglasses,Accessories,56,Minnesota,L,Beige,Summer,3.2,True,Express,True,True,46,PayPal,Every 3 Months,90,4.055555555555555,227.11,46,True,2632,3,True,False,3.2,False,46.6,Silver,Retention Category
731,48,Male,Boots,Footwear,25,Massachusetts,M,Indigo,Summer,3.9,True,Standard,True,True,28,Venmo,Fortnightly,14,26.071428571428573,651.79,28,False,725,3,True,False,3.9,False,54.2,Silver,Entry-Point Category
732,43,Male,Coat,Outerwear,28,Arkansas,M,Red,Spring,3.5,True,Free Shipping,True,True,30,PayPal,Fortnightly,14,26.071428571428573,730.0,30,False,868,3,True,False,3.5,False,53.1,Silver,Entry-Point Category
733,34,Male,Shirt,Clothing,57,New Hampshire,L,Blue,Spring,2.8,True,Express,True,True,28,Cash,Bi-Weekly,14,26.071428571428573,1486.07,28,False,1653,3,True,False,2.8,False,55.2,Gold,Entry-Point Category
734,45,Male,Dress,Clothing,36,Rhode Island,L,Cyan,Fall,2.7,True,2-Day Shipping,True,True,20,Debit Card,Bi-Weekly,14,26.071428571428573,938.57,20,False,756,3,True,False,2.7,False,43.5,Silver,Entry-Point Category
735,65,Male,Shirt,Clothing,69,New Jersey,S,Violet,Winter,3.1,True,Express,True,True,39,Bank Transfer,Every 3 Months,90,4.055555555555555,279.83,39,True,2760,3,True,False,3.1,False,44.3,Silver,Entry-Point Category
736,61,Male,Sunglasses,Accessories,48,Montana,M,Orange,Fall,3.6,True,2-Day Shipping,True,True,48,Cash,Bi-Weekly,14,26.071428571428573,1251.43,48,True,2352,3,True,False,3.6,False,71.7,Gold,Retention Category
737,18,Male,Dress,Clothing,58,Colorado,L,Maroon,Spring,2.9,True,2-Day Shipping,True,True,32,Credit Card,Every 3 Months,90,4.055555555555555,235.22,32,False,1914,3,True,False,2.9,False,36.4,Silver,Entry-Point Category
738,47,Male,Sunglasses,Accessories,24,Nebraska,M,Teal,Spring,3.6,True,Store Pickup,True,True,28,PayPal,Annually,365,1.0,24.0,28,False,696,3,True,False,3.6,False,25.7,Bronze,Retention Category
739,56,Male,Sunglasses,Accessories,31,Minnesota,L,Orange,Winter,3.5,True,2-Day Shipping,True,True,27,Venmo,Quarterly,90,4.055555555555555,125.72,27,False,868,3,True,False,3.5,False,33.5,Silver,Retention Category
740,64,Male,Shorts,Clothing,29,Minnesota,S,Purple,Summer,3.5,True,Free Shipping,True,True,26,Venmo,Bi-Weekly,14,26.071428571428573,756.07,26,False,783,3,True,False,3.5,False,51.1,Silver,Entry-Point Category
741,26,Male,Jeans,Clothing,69,South Dakota,M,Orange,Summer,2.8,True,Next Day Air,True,True,22,Credit Card,Fortnightly,14,26.071428571428573,1798.93,22,False,1587,3,True,False,2.8,False,54.4,Silver,Entry-Point Category
742,22,Male,T-shirt,Clothing,79,West Virginia,XL,Yellow,Summer,4.7,True,Free Shipping,True,True,23,Bank Transfer,Every 3 Months,90,4.055555555555555,320.39,23,False,1896,3,True,False,4.7,False,49.9,Silver,Entry-Point Category
743,64,Male,Pants,Clothing,39,Nevada,M,Charcoal,Summer,3.1,True,Express,True,True,21,Debit Card,Quarterly,90,4.055555555555555,158.17,21,False,858,3,True,False,3.1,False,28.3,Bronze,Entry-Point Category
744,21,Male,Sunglasses,Accessories,84,North Carolina,L,Gray,Fall,4.9,True,Free Shipping,True,True,36,Cash,Weekly,7,52.142857142857146,4380.0,36,False,3108,3,True,False,4.9,False,89.3,Platinum,Retention Category
745,67,Male,Boots,Footwear,66,Illinois,S,Charcoal,Spring,4.1,True,Next Day Air,True,True,42,Debit Card,Bi-Weekly,14,26.071428571428573,1720.71,42,True,2838,3,True,False,4.1,False,76.1,Gold,Entry-Point Category
746,46,Male,T-shirt,Clothing,92,Michigan,L,Orange,Fall,4.7,True,Standard,True,True,4,Venmo,Monthly,30,12.166666666666666,1119.33,4,False,460,3,True,False,4.7,False,52.6,Silver,Entry-Point Category
747,40,Male,Sandals,Footwear,45,Michigan,M,Red,Winter,2.5,True,Free Shipping,True,True,47,Credit Card,Annually,365,1.0,45.0,47,True,2160,3,True,False,2.5,True,30.5,Silver,Entry-Point Category
748,51,Male,Shorts,Clothing,74,Oklahoma,L,Gold,Spring,4.4,True,Next Day Air,True,True,13,Bank Transfer,Weekly,7,52.142857142857146,3858.57,13,False,1036,3,True,False,4.4,False,70.7,Gold,Entry-Point Category
749,35,Male,Hat,Accessories,39,South Dakota,L,Brown,Fall,3.9,True,Free Shipping,True,True,8,Bank Transfer,Quarterly,90,4.055555555555555,158.17,8,False,351,3,True,False,3.9,False,27.1,Bronze,Retention Category
750,56,Male,Scarf,Accessories,71,Oklahoma,M,Olive,Winter,3.7,True,Standard,True,True,11,Debit Card,Quarterly,90,4.055555555555555,287.94,11,False,852,3,True,False,3.7,False,32.6,Silver,Retention Category
751,25,Male,T-shirt,Clothing,95,Maryland,L,Violet,Fall,3.4,True,Free Shipping,True,True,5,Venmo,Annually,365,1.0,95.0,5,False,570,3,True,False,3.4,False,17.5,Bronze,Entry-Point Category
752,65,Male,Gloves,Accessories,72,Ohio,L,Indigo,Fall,4.8,True,Free Shipping,True,True,1,Credit Card,Monthly,30,12.166666666666666,876.0,1,False,144,3,True,False,4.8,False,48.2,Silver,Retention Category
753,39,Male,Scarf,Accessories,85,Ohio,L,Yellow,Fall,4.2,True,2-Day Shipping,True,True,17,PayPal,Every 3 Months,90,4.055555555555555,344.72,17,False,1530,3,True,False,4.2,False,43.5,Silver,Retention Category
754,47,Male,Boots,Footwear,54,Massachusetts,M,Teal,Fall,3.4,True,Store Pickup,True,True,27,Venmo,Quarterly,90,4.055555555555555,219.0,27,False,1512,3,True,False,3.4,False,36.6,Silver,Entry-Point Category
755,36,Male,Gloves,Accessories,41,North Carolina,L,Pink,Spring,2.9,True,Store Pickup,True,True,3,Debit Card,Quarterly,90,4.055555555555555,166.28,3,False,164,3,True,False,2.9,False,16.2,Bronze,Retention Category
756,66,Male,Coat,Outerwear,24,Florida,M,Violet,Spring,3.3,True,Free Shipping,True,True,22,PayPal,Weekly,7,52.142857142857146,1251.43,22,False,552,3,True,False,3.3,False,53.7,Silver,Entry-Point Category
757,62,Male,Belt,Accessories,99,Montana,S,Orange,Summer,4.8,True,Standard,True,True,24,Cash,Fortnightly,14,26.071428571428573,2581.07,24,False,2475,3,True,False,4.8,False,78.2,Gold,Retention Category
758,41,Male,Hoodie,Clothing,32,Minnesota,M,Red,Fall,3.8,True,Store Pickup,True,True,18,Debit Card,Quarterly,90,4.055555555555555,129.78,18,False,608,3,True,False,3.8,False,30.5,Silver,Entry-Point Category
759,66,Male,Shoes,Footwear,71,Massachusetts,L,Peach,Summer,4.6,True,2-Day Shipping,True,True,39,Bank Transfer,Every 3 Months,90,4.055555555555555,287.94,39,True,2840,3,True,False,4.6,False,56.9,Gold,Entry-Point Category
760,51,Male,Dress,Clothing,49,Rhode Island,XL,Green,Winter,2.6,True,Next Day Air,True,True,25,Credit Card,Fortnightly,14,26.071428571428573,1277.5,25,False,1274,3,True,False,2.6,False,50.2,Silver,Entry-Point Category
761,33,Male,Gloves,Accessories,50,Minnesota,XL,Violet,Fall,3.4,True,Free Shipping,True,True,6,Cash,Annually,365,1.0,50.0,6,False,350,3,True,False,3.4,False,13.6,Bronze,Retention Category
762,57,Male,Jewelry,Accessories,91,Nevada,L,Yellow,Fall,4.2,True,Express,True,True,26,Bank Transfer,Weekly,7,52.142857142857146,4745.0,26,False,2457,3,True,False,4.2,False,78.4,Gold,Retention Category
763,45,Male,Belt,Accessories,46,New Mexico,M,Pink,Fall,3.9,True,Standard,True,True,43,Debit Card,Fortnightly,14,26.071428571428573,1199.29,43,True,2024,3,True,False,3.9,False,70.6,Gold,Retention Category
764,61,Male,Sweater,Clothing,50,North Carolina,M,Brown,Spring,2.9,True,2-Day Shipping,True,True,6,Credit Card,Monthly,30,12.166666666666666,608.33,6,False,350,3,True,False,2.9,False,32.2,Silver,Entry-Point Category
765,55,Male,Skirt,Clothing,39,Virginia,XL,Silver,Fall,4.2,True,Free Shipping,True,True,6,Debit Card,Quarterly,90,4.055555555555555,158.17,6,False,273,3,True,False,4.2,False,28.5,Bronze,Entry-Point Category
766,54,Male,Sneakers,Footwear,99,Alaska,M,Pink,Summer,3.0,True,Store Pickup,True,True,13,Cash,Quarterly,90,4.055555555555555,401.5,13,False,1386,3,True,False,3.0,False,34.4,Silver,Entry-Point Category
767,57,Male,Gloves,Accessories,48,Nevada,M,Cyan,Winter,3.6,True,Next Day Air,True,True,13,PayPal,Monthly,30,12.166666666666666,584.0,13,False,672,3,True,False,3.6,False,41.4,Silver,Retention Category
768,27,Male,Coat,Outerwear,77,Pennsylvania,M,Brown,Fall,2.5,True,Next Day Air,True,True,11,Cash,Annually,365,1.0,77.0,11,False,924,3,True,False,2.5,True,11.6,Bronze,Entry-Point Category
769,64,Male,Backpack,Accessories,95,Illinois,XL,Red,Spring,2.6,True,Express,True,True,45,Venmo,Weekly,7,52.142857142857146,4953.57,45,True,4370,3,True,False,2.6,False,77.0,Gold,Retention Category
770,52,Male,Socks,Clothing,100,Delaware,M,Silver,Spring,4.3,True,Store Pickup,True,True,8,PayPal,Monthly,30,12.166666666666666,1216.67,8,False,900,3,True,False,4.3,False,53.3,Silver,Entry-Point Category
771,19,Male,Sneakers,Footwear,54,Vermont,M,Gray,Spring,3.3,True,Express,True,True,8,Credit Card,Annually,365,1.0,54.0,8,False,486,3,True,False,3.3,False,14.1,Bronze,Entry-Point Category
772,22,Male,Sweater,Clothing,68,Hawaii,L,Cyan,Fall,2.6,True,Next Day Air,True,True,34,Bank Transfer,Fortnightly,14,26.071428571428573,1772.86,34,False,2380,3,True,False,2.6,False,59.9,Gold,Entry-Point Category
773,18,Male,Jeans,Clothing,22,Illinois,L,Teal,Fall,3.6,True,Free Shipping,True,True,40,Debit Card,Bi-Weekly,14,26.071428571428573,573.57,40,True,902,3,True,False,3.6,False,57.6,Gold,Entry-Point Category
774,29,Male,Hat,Accessories,84,California,L,Indigo,Winter,2.6,True,Express,True,True,14,Debit Card,Bi-Weekly,14,26.071428571428573,2190.0,14,False,1260,3,True,False,2.6,False,51.0,Silver,Retention Category
775,42,Male,Hat,Accessories,46,Nevada,M,Yellow,Summer,3.5,True,Standard,True,True,11,Credit Card,Quarterly,90,4.055555555555555,186.56,11,False,552,3,True,False,3.5,False,26.7,Bronze,Retention Category
776,49,Male,Handbag,Accessories,53,Kentucky,S,Gold,Winter,3.0,True,Store Pickup,True,True,8,PayPal,Monthly,30,12.166666666666666,644.83,8,False,477,3,True,False,3.0,False,34.8,Silver,Retention Category
777,49,Male,Shirt,Clothing,60,Alabama,M,Maroon,Spring,5.0,True,Standard,True,True,8,Venmo,Every 3 Months,90,4.055555555555555,243.33,8,False,540,3,True,False,5.0,False,39.1,Silver,Entry-Point Category
778,55,Male,Socks,Clothing,32,Wyoming,XL,Silver,Spring,2.5,True,Express,True,True,37,Venmo,Weekly,7,52.142857142857146,1668.57,37,False,1216,3,True,False,2.5,True,59.9,Gold,Entry-Point Category
779,29,Male,Socks,Clothing,50,Massachusetts,M,Yellow,Summer,2.9,True,Store Pickup,True,True,23,Debit Card,Annually,365,1.0,50.0,23,False,1200,3,True,False,2.9,False,19.4,Bronze,Entry-Point Category
780,60,Male,Dress,Clothing,94,Utah,M,Blue,Spring,4.6,True,Express,True,True,38,Cash,Annually,365,1.0,94.0,38,True,3666,3,True,False,4.6,False,46.8,Silver,Entry-Point Category
781,34,Male,Shoes,Footwear,26,New York,M,Turquoise,Spring,3.6,True,Free Shipping,True,True,38,Cash,Quarterly,90,4.055555555555555,105.44,38,True,1014,3,True,False,3.6,False,40.0,Silver,Entry-Point Category
782,30,Male,Scarf,Accessories,44,Vermont,L,Indigo,Winter,3.0,True,Store Pickup,True,True,12,Credit Card,Fortnightly,14,26.071428571428573,1147.14,12,False,572,3,True,False,3.0,False,44.0,Silver,Retention Category
783,28,Male,Hoodie,Clothing,57,Hawaii,M,Green,Summer,4.5,True,Standard,True,True,15,Cash,Weekly,7,52.142857142857146,2972.14,15,False,912,3,True,False,4.5,False,71.4,Gold,Entry-Point Category
784,63,Male,T-shirt,Clothing,65,Louisiana,L,Purple,Winter,4.5,True,Next Day Air,True,True,38,PayPal,Fortnightly,14,26.071428571428573,1694.64,38,True,2535,3,True,False,4.5,False,76.6,Gold,Entry-Point Category
785,31,Male,Jeans,Clothing,72,Alabama,M,Peach,Winter,3.2,True,Store Pickup,True,True,41,Bank Transfer,Every 3 Months,90,4.055555555555555,292.0,41,True,3024,3,True,False,3.2,False,46.9,Silver,Entry-Point Category
786,46,Male,Shorts,Clothing,62,Louisiana,S,Purple,Spring,4.0,True,Next Day Air,True,True,37,PayPal,Fortnightly,14,26.071428571428573,1616.43,37,False,2356,3,True,False,4.0,False,71.4,Gold,Entry-Point Category
787,70,Male,Hat,Accessories,21,Indiana,S,Teal,Winter,4.8,True,Express,True,True,16,Bank Transfer,Every 3 Months,90,4.055555555555555,85.17,16,False,357,3,True,False,4.8,False,33.9,Silver,Retention Category
788,53,Male,Handbag,Accessories,85,Michigan,S,Green,Spring,3.7,True,Free Shipping,True,True,25,Venmo,Weekly,7,52.142857142857146,4432.14,25,False,2210,3,True,False,3.7,False,73.0,Gold,Retention Category
789,50,Male,Pants,Clothing,51,Rhode Island,XL,Yellow,Summer,3.8,True,Store Pickup,True,True,18,Bank Transfer,Quarterly,90,4.055555555555555,206.83,18,False,969,3,True,False,3.8,False,33.9,Silver,Entry-Point Category
790,33,Male,Handbag,Accessories,84,Idaho,S,Purple,Fall,2.7,True,Standard,True,True,4,Credit Card,Bi-Weekly,14,26.071428571428573,2190.0,4,False,420,3,True,False,2.7,False,45.9,Silver,Retention Category
791,22,Male,Sweater,Clothing,37,Louisiana,M,Indigo,Summer,4.9,True,Store Pickup,True,True,12,Bank Transfer,Quarterly,90,4.055555555555555,150.06,12,False,481,3,True,False,4.9,False,36.9,Silver,Entry-Point Category
792,50,Male,Scarf,Accessories,44,North Carolina,S,Magenta,Summer,3.1,True,2-Day Shipping,True,True,35,PayPal,Fortnightly,14,26.071428571428573,1147.14,35,False,1584,3,True,False,3.1,False,58.8,Gold,Retention Category
793,34,Male,Sneakers,Footwear,45,New Jersey,M,Violet,Spring,4.2,True,Next Day Air,True,True,45,Venmo,Weekly,7,52.142857142857146,2346.43,45,True,2070,3,True,False,4.2,False,84.0,Platinum,Entry-Point Category
794,24,Male,Pants,Clothing,35,Alabama,L,Maroon,Summer,3.8,True,Free Shipping,True,True,16,Credit Card,Monthly,30,12.166666666666666,425.83,16,False,595,3,True,False,3.8,False,43.1,Silver,Entry-Point Category
795,69,Male,Backpack,Accessories,50,Kentucky,XL,Yellow,Winter,4.2,True,Store Pickup,True,True,10,Debit Card,Fortnightly,14,26.071428571428573,1303.57,10,False,550,3,True,False,4.2,False,54.3,Silver,Retention Category
796,39,Male,Sandals,Footwear,26,New York,M,Beige,Summer,4.6,True,Store Pickup,True,True,34,Venmo,Annually,365,1.0,26.0,34,False,910,3,True,False,4.6,False,37.9,Silver,Entry-Point Category
797,42,Male,Socks,Clothing,78,Arizona,XL,Black,Fall,4.0,True,2-Day Shipping,True,True,43,Credit Card,Annually,365,1.0,78.0,43,True,3432,3,True,False,4.0,False,42.8,Silver,Entry-Point Category
798,42,Male,Coat,Outerwear,82,Maryland,M,Violet,Fall,4.0,True,2-Day Shipping,True,True,38,Debit Card,Weekly,7,52.142857142857146,4275.71,38,True,3198,3,True,False,4.0,False,83.2,Platinum,Entry-Point Category
799,29,Male,Socks,Clothing,39,Alaska,M,Violet,Spring,3.8,True,2-Day Shipping,True,True,48,PayPal,Every 3 Months,90,4.055555555555555,158.17,48,True,1911,3,True,False,3.8,False,50.2,Silver,Entry-Point Category
800,55,Male,Belt,Accessories,55,Nevada,L,Brown,Summer,3.8,True,Free Shipping,True,True,31,PayPal,Annually,365,1.0,55.0,31,False,1760,3,True,False,3.8,False,32.1,Silver,Retention Category
801,32,Male,Socks,Clothing,20,Utah,S,Gold,Summer,2.6,True,Free Shipping,True,True,20,Cash,Every 3 Months,90,4.055555555555555,81.11,20,False,420,3,True,False,2.6,False,18.0,Bronze,Entry-Point Category
802,25,Male,Belt,Accessories,29,New Mexico,L,Blue,Fall,4.9,True,Express,True,True,12,Credit Card,Fortnightly,14,26.071428571428573,756.07,12,False,377,3,True,False,4.9,False,54.0,Silver,Retention Category
803,38,Male,Pants,Clothing,41,Delaware,M,Teal,Winter,3.5,True,Next Day Air,True,True,2,Bank Transfer,Weekly,7,52.142857142857146,2137.86,2,False,123,3,True,False,3.5,False,50.5,Silver,Entry-Point Category
804,32,Male,Shorts,Clothing,38,Connecticut,L,Silver,Winter,2.8,True,Express,True,True,30,Venmo,Every 3 Months,90,4.055555555555555,154.11,30,False,1178,3,True,False,2.8,False,31.0,Silver,Entry-Point Category
805,43,Male,Boots,Footwear,47,Mississippi,M,Maroon,Summer,2.6,True,Store Pickup,True,True,28,Venmo,Quarterly,90,4.055555555555555,190.61,28,False,1363,3,True,False,2.6,False,29.9,Bronze,Entry-Point Category
806,41,Male,Dress,Clothing,30,Connecticut,L,White,Summer,3.7,True,Next Day Air,True,True,40,Debit Card,Monthly,30,12.166666666666666,365.0,40,True,1230,3,True,False,3.7,False,54.1,Silver,Entry-Point Category
807,56,Male,Jeans,Clothing,56,Florida,L,Charcoal,Summer,2.7,True,Standard,True,True,46,PayPal,Quarterly,90,4.055555555555555,227.11,46,True,2632,3,True,False,2.7,False,42.6,Silver,Entry-Point Category
808,27,Male,T-shirt,Clothing,89,New York,S,Brown,Winter,3.3,True,Express,True,True,15,Credit Card,Weekly,7,52.142857142857146,4640.71,15,False,1424,3,True,False,3.3,False,64.1,Gold,Entry-Point Category
809,46,Male,Shoes,Footwear,96,Wisconsin,L,Lavender,Fall,4.6,True,Next Day Air,True,True,38,Cash,Every 3 Months,90,4.055555555555555,389.33,38,True,3744,3,True,False,4.6,False,61.6,Gold,Entry-Point Category
810,48,Male,Boots,Footwear,81,South Carolina,M,Violet,Fall,4.9,True,Next Day Air,True,True,30,PayPal,Bi-Weekly,14,26.071428571428573,2111.79,30,False,2511,3,True,False,4.9,False,78.5,Gold,Entry-Point Category
811,52,Male,Scarf,Accessories,83,South Dakota,S,Lavender,Fall,4.9,True,Store Pickup,True,True,32,Debit Card,Bi-Weekly,14,26.071428571428573,2163.93,32,False,2739,3,True,False,4.9,False,80.2,Platinum,Retention Category
812,18,Male,Sneakers,Footwear,35,Illinois,M,Green,Winter,2.7,True,Free Shipping,True,True,36,Venmo,Quarterly,90,4.055555555555555,141.94,36,False,1295,3,True,False,2.7,False,33.3,Silver,Entry-Point Category
813,64,Male,Boots,Footwear,56,Alaska,M,Olive,Summer,3.2,True,Standard,True,True,32,Credit Card,Weekly,7,52.142857142857146,2920.0,32,False,1848,3,True,False,3.2,False,71.1,Gold,Entry-Point Category
814,54,Male,Handbag,Accessories,45,Montana,S,Olive,Summer,2.9,True,Store Pickup,True,True,14,Debit Card,Annually,365,1.0,45.0,14,False,675,3,True,False,2.9,False,13.6,Bronze,Retention Category
815,31,Male,Shirt,Clothing,62,Minnesota,M,Pink,Winter,3.8,True,Express,True,True,8,PayPal,Monthly,30,12.166666666666666,754.33,8,False,558,3,True,False,3.8,False,42.6,Silver,Entry-Point Category
816,30,Male,Hat,Accessories,84,West Virginia,L,Teal,Spring,3.0,True,Next Day Air,True,True,27,Venmo,Bi-Weekly,14,26.071428571428573,2190.0,27,False,2352,3,True,False,3.0,False,62.1,Gold,Retention Category
817,26,Male,Sweater,Clothing,24,Illinois,L,Cyan,Summer,3.9,True,Store Pickup,True,True,24,Debit Card,Monthly,30,12.166666666666666,292.0,24,False,600,3,True,False,3.9,False,42.4,Silver,Entry-Point Category
818,25,Male,Handbag,Accessories,21,Nevada,S,Gray,Spring,4.7,True,Store Pickup,True,True,30,PayPal,Fortnightly,14,26.071428571428573,547.5,30,False,651,3,True,False,4.7,False,60.1,Gold,Retention Category
819,59,Male,Shirt,Clothing,91,Idaho,M,Peach,Winter,4.9,True,Store Pickup,True,True,34,Debit Card,Monthly,30,12.166666666666666,1107.17,34,False,3185,3,True,False,4.9,False,72.2,Gold,Entry-Point Category
820,55,Male,Sunglasses,Accessories,36,Colorado,S,Teal,Winter,4.8,True,Next Day Air,True,True,28,Debit Card,Quarterly,90,4.055555555555555,146.0,28,False,1044,3,True,False,4.8,False,45.6,Silver,Retention Category
821,56,Male,Sneakers,Footwear,39,Louisiana,M,Turquoise,Spring,2.5,True,2-Day Shipping,True,True,27,Debit Card,Monthly,30,12.166666666666666,474.5,27,False,1092,3,True,False,2.5,True,40.0,Silver,Entry-Point Category
822,62,Male,Hoodie,Clothing,39,Vermont,M,Green,Spring,3.9,True,Standard,True,True,31,Credit Card,Bi-Weekly,14,26.071428571428573,1016.79,31,False,1248,3,True,False,3.9,False,61.0,Gold,Entry-Point Category
823,35,Male,Shirt,Clothing,59,Mississippi,L,Magenta,Winter,3.4,True,Standard,True,True,23,Bank Transfer,Annually,365,1.0,59.0,23,False,1416,3,True,False,3.4,False,24.3,Bronze,Entry-Point Category
824,51,Male,Sunglasses,Accessories,27,Georgia,M,Green,Winter,2.5,True,Free Shipping,True,True,11,Credit Card,Quarterly,90,4.055555555555555,109.5,11,False,324,3,True,False,2.5,True,15.4,Bronze,Retention Category
825,61,Male,Blouse,Clothing,94,Georgia,M,White,Spring,3.0,True,Store Pickup,True,True,48,Cash,Quarterly,90,4.055555555555555,381.22,48,True,4606,3,True,False,3.0,False,54.2,Silver,Entry-Point Category
826,27,Male,Belt,Accessories,94,Nebraska,XL,Brown,Fall,3.6,True,Next Day Air,True,True,17,Cash,Monthly,30,12.166666666666666,1143.67,17,False,1692,3,True,False,3.6,False,51.6,Silver,Retention Category
827,54,Male,Dress,Clothing,94,Massachusetts,M,Purple,Winter,3.6,True,Standard,True,True,36,PayPal,Weekly,7,52.142857142857146,4901.43,36,False,3478,3,True,False,3.6,False,79.7,Gold,Entry-Point Category
828,31,Male,Shoes,Footwear,51,Colorado,S,Green,Fall,4.1,True,Free Shipping,True,True,33,Bank Transfer,Fortnightly,14,26.071428571428573,1329.64,33,False,1734,3,True,False,4.1,False,67.7,Gold,Entry-Point Category
829,24,Male,Socks,Clothing,62,Nevada,M,Peach,Fall,3.7,True,2-Day Shipping,True,True,27,PayPal,Bi-Weekly,14,26.071428571428573,1616.43,27,False,1736,3,True,False,3.7,False,62.8,Gold,Entry-Point Category
830,42,Male,Socks,Clothing,57,Idaho,S,Silver,Spring,3.8,True,2-Day Shipping,True,True,14,Credit Card,Fortnightly,14,26.071428571428573,1486.07,14,False,855,3,True,False,3.8,False,54.8,Silver,Entry-Point Category
831,41,Male,Shorts,Clothing,76,Wyoming,M,Maroon,Fall,4.2,True,Express,True,True,5,Credit Card,Annually,365,1.0,76.0,5,False,456,3,True,False,4.2,False,21.7,Bronze,Entry-Point Category
832,66,Male,Gloves,Accessories,63,Washington,M,Red,Summer,4.3,True,Express,True,True,47,Cash,Every 3 Months,90,4.055555555555555,255.5,47,True,3024,3,True,False,4.3,False,57.7,Gold,Retention Category
833,58,Male,Jacket,Outerwear,80,California,L,Blue,Fall,2.5,True,Express,True,True,28,Cash,Bi-Weekly,14,26.071428571428573,2085.71,28,False,2320,3,True,False,2.5,True,58.0,Gold,Entry-Point Category
834,43,Male,Handbag,Accessories,68,Oklahoma,M,Purple,Fall,3.5,True,Standard,True,True,11,Credit Card,Annually,365,1.0,68.0,11,False,816,3,True,False,3.5,False,18.8,Bronze,Retention Category
835,52,Male,Backpack,Accessories,89,Nevada,M,Indigo,Summer,3.1,True,Free Shipping,True,True,18,Credit Card,Weekly,7,52.142857142857146,4640.71,18,False,1691,3,True,False,3.1,False,64.2,Gold,Retention Category
836,35,Male,Boots,Footwear,26,Maryland,L,Indigo,Summer,2.5,True,Next Day Air,True,True,21,Debit Card,Weekly,7,52.142857142857146,1355.71,21,False,572,3,True,False,2.5,True,47.8,Silver,Entry-Point Category
837,23,Male,Gloves,Accessories,90,West Virginia,L,Violet,Winter,3.9,True,Store Pickup,True,True,22,Cash,Bi-Weekly,14,26.071428571428573,2346.43,22,False,2070,3,True,False,3.9,False,67.8,Gold,Retention Category
838,25,Male,Hoodie,Clothing,28,Illinois,L,Brown,Spring,4.9,True,Express,True,True,33,Cash,Every 3 Months,90,4.055555555555555,113.56,33,False,952,3,True,False,4.9,False,48.0,Silver,Entry-Point Category
839,33,Male,Coat,Outerwear,29,Kentucky,M,Gray,Spring,4.3,True,Express,True,True,49,Credit Card,Annually,365,1.0,29.0,49,True,1450,3,True,False,4.3,False,44.6,Silver,Entry-Point Category
840,48,Male,Shirt,Clothing,31,Illinois,L,Teal,Spring,2.6,True,Free Shipping,True,True,10,Debit Card,Every 3 Months,90,4.055555555555555,125.72,10,False,341,3,True,False,2.6,False,16.0,Bronze,Entry-Point Category
841,42,Male,Shirt,Clothing,24,Alabama,L,Teal,Summer,4.2,True,2-Day Shipping,True,True,18,PayPal,Weekly,7,52.142857142857146,1251.43,18,False,456,3,True,False,4.2,False,58.6,Gold,Entry-Point Category
842,55,Male,Sweater,Clothing,88,Texas,M,Beige,Summer,2.6,True,Store Pickup,True,True,28,PayPal,Fortnightly,14,26.071428571428573,2294.29,28,False,2552,3,True,False,2.6,False,60.4,Gold,Entry-Point Category
843,59,Male,Shirt,Clothing,87,Missouri,M,Violet,Spring,3.6,True,Express,True,True,25,PayPal,Weekly,7,52.142857142857146,4536.43,25,False,2262,3,True,False,3.6,False,72.4,Gold,Entry-Point Category
844,65,Male,Hoodie,Clothing,80,Pennsylvania,S,Beige,Summer,3.2,True,Express,True,True,6,PayPal,Weekly,7,52.142857142857146,4171.43,6,False,560,3,True,False,3.2,False,57.4,Gold,Entry-Point Category
845,59,Male,Sandals,Footwear,48,Missouri,L,Purple,Winter,4.4,True,Express,True,True,44,Venmo,Bi-Weekly,14,26.071428571428573,1251.43,44,True,2160,3,True,False,4.4,False,75.8,Gold,Entry-Point Category
846,31,Male,Belt,Accessories,21,Michigan,XL,Charcoal,Winter,3.7,True,Standard,True,True,30,Venmo,Monthly,30,12.166666666666666,255.5,30,False,651,3,True,False,3.7,False,42.5,Silver,Retention Category
847,49,Male,Boots,Footwear,72,Kentucky,M,Pink,Spring,3.7,True,Express,True,True,42,Debit Card,Quarterly,90,4.055555555555555,292.0,42,True,3096,3,True,False,3.7,False,51.5,Silver,Entry-Point Category
848,53,Male,Hoodie,Clothing,44,New Jersey,L,Blue,Fall,4.1,True,Standard,True,True,30,PayPal,Monthly,30,12.166666666666666,535.33,30,False,1364,3,True,False,4.1,False,55.1,Gold,Entry-Point Category
849,48,Male,Sandals,Footwear,73,Delaware,M,Lavender,Fall,3.6,True,Store Pickup,True,True,33,Credit Card,Bi-Weekly,14,26.071428571428573,1903.21,33,False,2482,3,True,False,3.6,False,68.4,Gold,Entry-Point Category
850,23,Male,Jeans,Clothing,61,Missouri,S,Charcoal,Spring,4.3,True,Express,True,True,24,PayPal,Quarterly,90,4.055555555555555,247.39,24,False,1525,3,True,False,4.3,False,43.5,Silver,Entry-Point Category
851,68,Male,Shoes,Footwear,20,Connecticut,L,Turquoise,Winter,2.6,True,Store Pickup,True,True,13,Venmo,Monthly,30,12.166666666666666,243.33,13,False,280,3,True,False,2.6,False,22.9,Bronze,Entry-Point Category
852,35,Male,Sandals,Footwear,86,Massachusetts,M,Red,Summer,2.9,True,Express,True,True,19,Debit Card,Monthly,30,12.166666666666666,1046.33,19,False,1720,3,True,False,2.9,False,46.0,Silver,Entry-Point Category
853,34,Male,Dress,Clothing,60,Florida,L,Yellow,Spring,4.2,True,Next Day Air,True,True,23,Debit Card,Every 3 Months,90,4.055555555555555,243.33,23,False,1440,3,True,False,4.2,False,41.9,Silver,Entry-Point Category
854,62,Male,Hat,Accessories,43,Delaware,L,Orange,Winter,4.0,True,Free Shipping,True,True,35,Cash,Monthly,30,12.166666666666666,523.17,35,False,1548,3,True,False,4.0,False,57.3,Gold,Retention Category
855,21,Male,Pants,Clothing,44,California,L,Blue,Spring,4.3,True,Free Shipping,True,True,22,Venmo,Monthly,30,12.166666666666666,535.33,22,False,1012,3,True,False,4.3,False,52.0,Silver,Entry-Point Category
856,70,Male,Socks,Clothing,76,Oregon,L,Gold,Spring,3.0,True,2-Day Shipping,True,True,14,Credit Card,Quarterly,90,4.055555555555555,308.22,14,False,1140,3,True,False,3.0,False,30.0,Silver,Entry-Point Category
857,55,Male,Shirt,Clothing,33,Alaska,M,Gold,Summer,3.5,True,Express,True,True,47,Debit Card,Fortnightly,14,26.071428571428573,860.36,47,True,1584,3,True,False,3.5,False,65.1,Gold,Entry-Point Category
858,43,Male,Shorts,Clothing,60,Missouri,L,Cyan,Fall,3.0,True,Standard,True,True,50,Debit Card,Every 3 Months,90,4.055555555555555,243.33,50,True,3060,3,True,False,3.0,False,48.2,Silver,Entry-Point Category
859,19,Male,Jacket,Outerwear,26,Oklahoma,L,Olive,Fall,3.1,True,Free Shipping,True,True,33,PayPal,Weekly,7,52.142857142857146,1355.71,33,False,884,3,True,False,3.1,False,59.8,Gold,Entry-Point Category
860,47,Male,Hoodie,Clothing,73,Wisconsin,M,Teal,Winter,4.0,True,Next Day Air,True,True,7,Debit Card,Monthly,30,12.166666666666666,888.17,7,False,584,3,True,False,4.0,False,45.9,Silver,Entry-Point Category
861,26,Male,Shoes,Footwear,87,South Carolina,M,Maroon,Spring,4.1,True,Standard,True,True,3,Cash,Monthly,30,12.166666666666666,1058.5,3,False,348,3,True,False,4.1,False,46.4,Silver,Entry-Point Category
862,46,Male,Skirt,Clothing,100,Virginia,XL,Green,Spring,3.8,True,2-Day Shipping,True,True,35,Credit Card,Every 3 Months,90,4.055555555555555,405.56,35,False,3600,3,True,False,3.8,False,54.5,Silver,Entry-Point Category
863,19,Male,Coat,Outerwear,84,Arkansas,M,Charcoal,Winter,4.9,True,Standard,True,True,13,PayPal,Fortnightly,14,26.071428571428573,2190.0,13,False,1176,3,True,False,4.9,False,68.9,Gold,Entry-Point Category
864,49,Male,Sneakers,Footwear,41,Vermont,M,Cyan,Summer,3.9,True,Standard,True,True,42,PayPal,Fortnightly,14,26.071428571428573,1068.93,42,True,1763,3,True,False,3.9,False,68.2,Gold,Entry-Point Category
865,51,Male,Jeans,Clothing,59,Kentucky,S,Charcoal,Winter,3.9,True,Next Day Air,True,True,5,PayPal,Annually,365,1.0,59.0,5,False,354,3,True,False,3.9,False,17.8,Bronze,Entry-Point Category
866,64,Male,Blouse,Clothing,26,Colorado,L,Charcoal,Winter,4.8,True,Store Pickup,True,True,23,Venmo,Annually,365,1.0,26.0,23,False,624,3,True,False,4.8,False,32.6,Silver,Entry-Point Category
867,67,Male,Sunglasses,Accessories,69,New Mexico,M,Lavender,Summer,2.7,True,Free Shipping,True,True,11,PayPal,Bi-Weekly,14,26.071428571428573,1798.93,11,False,828,3,True,False,2.7,False,47.0,Silver,Retention Category
868,37,Male,Jacket,Outerwear,20,Colorado,M,Turquoise,Spring,3.1,True,Free Shipping,True,True,23,Bank Transfer,Fortnightly,14,26.071428571428573,521.43,23,False,480,3,True,False,3.1,False,42.4,Silver,Entry-Point Category
869,40,Male,Dress,Clothing,83,North Carolina,M,Green,Summer,3.2,True,Next Day Air,True,True,2,Credit Card,Every 3 Months,90,4.055555555555555,336.61,2,False,249,3,True,False,3.2,False,25.9,Bronze,Entry-Point Category
870,38,Male,Hat,Accessories,54,New Hampshire,M,Silver,Spring,2.7,True,2-Day Shipping,True,True,33,PayPal,Weekly,7,52.142857142857146,2815.71,33,False,1836,3,True,False,2.7,False,67.6,Gold,Retention Category
871,66,Male,Hoodie,Clothing,66,West Virginia,M,Blue,Fall,2.5,True,Standard,True,True,6,Bank Transfer,Bi-Weekly,14,26.071428571428573,1720.71,6,False,462,3,True,False,2.5,True,42.0,Silver,Entry-Point Category
872,47,Male,Handbag,Accessories,42,Hawaii,M,Charcoal,Spring,2.6,True,Next Day Air,True,True,45,Debit Card,Quarterly,90,4.055555555555555,170.33,45,True,1932,3,True,False,2.6,False,39.2,Silver,Retention Category
873,56,Male,Jeans,Clothing,33,North Dakota,M,Pink,Spring,2.9,True,Standard,True,True,25,Cash,Quarterly,90,4.055555555555555,133.83,25,False,858,3,True,False,2.9,False,27.8,Bronze,Entry-Point Category
874,51,Male,Boots,Footwear,77,Mississippi,M,Pink,Summer,4.2,True,Free Shipping,True,True,24,Venmo,Quarterly,90,4.055555555555555,312.28,24,False,1925,3,True,False,4.2,False,46.1,Silver,Entry-Point Category
875,25,Male,Jacket,Outerwear,65,Maine,M,Magenta,Fall,4.4,True,Free Shipping,True,True,10,Venmo,Every 3 Months,90,4.055555555555555,263.61,10,False,715,3,True,False,4.4,False,36.8,Silver,Entry-Point Category
876,37,Male,Sandals,Footwear,39,North Dakota,L,Gray,Summer,4.1,True,Free Shipping,True,True,7,Bank Transfer,Every 3 Months,90,4.055555555555555,158.17,7,False,312,3,True,False,4.1,False,28.3,Bronze,Entry-Point Category
877,41,Male,Belt,Accessories,51,Nebraska,L,Gray,Summer,3.8,True,2-Day Shipping,True,True,1,Debit Card,Weekly,7,52.142857142857146,2659.29,1,False,102,3,True,False,3.8,False,56.7,Gold,Retention Category
878,64,Male,Handbag,Accessories,65,Nebraska,M,Orange,Winter,4.9,True,Next Day Air,True,True,45,Venmo,Every 3 Months,90,4.055555555555555,263.61,45,True,2990,3,True,False,4.9,False,61.6,Gold,Retention Category
879,23,Male,Sunglasses,Accessories,89,Tennessee,S,Black,Summer,4.9,True,Express,True,True,37,Debit Card,Weekly,7,52.142857142857146,4640.71,37,False,3382,3,True,False,4.9,False,90.3,Platinum,Retention Category
880,62,Male,Skirt,Clothing,76,Wyoming,S,Lavender,Spring,4.1,True,Free Shipping,True,True,14,PayPal,Quarterly,90,4.055555555555555,308.22,14,False,1140,3,True,False,4.1,False,39.1,Silver,Entry-Point Category
881,39,Male,Backpack,Accessories,75,Nevada,L,Red,Spring,3.1,True,Express,True,True,25,Debit Card,Monthly,30,12.166666666666666,912.5,25,False,1950,3,True,False,3.1,False,49.4,Silver,Retention Category
882,52,Male,Sandals,Footwear,61,South Carolina,M,Silver,Summer,2.7,True,Next Day Air,True,True,18,Venmo,Annually,365,1.0,61.0,18,False,1159,3,True,False,2.7,False,15.8,Bronze,Entry-Point Category
883,50,Male,Boots,Footwear,35,Virginia,M,Cyan,Fall,3.8,True,Next Day Air,True,True,37,Cash,Every 3 Months,90,4.055555555555555,141.94,37,False,1330,3,True,False,3.8,False,42.7,Silver,Entry-Point Category
884,28,Male,Sneakers,Footwear,37,Pennsylvania,S,Gold,Fall,4.3,True,Free Shipping,True,True,30,Bank Transfer,Monthly,30,12.166666666666666,450.17,30,False,1147,3,True,False,4.3,False,55.9,Gold,Entry-Point Category
885,67,Male,Skirt,Clothing,91,Hawaii,L,Yellow,Winter,4.1,True,Express,True,True,34,Bank Transfer,Weekly,7,52.142857142857146,4745.0,34,False,3185,3,True,False,4.1,False,82.6,Platinum,Entry-Point Category
886,41,Male,Dress,Clothing,99,Ohio,L,Purple,Fall,4.4,True,Free Shipping,True,True,49,Debit Card,Every 3 Months,90,4.055555555555555,401.5,49,True,4950,3,True,False,4.4,False,67.5,Gold,Entry-Point Category
887,19,Male,Shorts,Clothing,54,Utah,S,Brown,Summer,3.6,True,Express,True,True,48,Bank Transfer,Monthly,30,12.166666666666666,657.0,48,True,2646,3,True,False,3.6,False,63.8,Gold,Entry-Point Category
888,70,Male,Handbag,Accessories,47,Minnesota,L,Turquoise,Winter,3.3,True,2-Day Shipping,True,True,33,PayPal,Fortnightly,14,26.071428571428573,1225.36,33,False,1598,3,True,False,3.3,False,60.2,Gold,Retention Category
889,49,Male,Scarf,Accessories,77,New Hampshire,S,Gold,Spring,3.8,True,Express,True,True,44,Cash,Annually,365,1.0,77.0,44,True,3465,3,True,False,3.8,False,41.5,Silver,Retention Category
890,59,Male,Belt,Accessories,84,Arizona,S,Olive,Fall,2.8,True,Free Shipping,True,True,50,Venmo,Weekly,7,52.142857142857146,4380.0,50,True,4284,3,True,False,2.8,False,80.6,Platinum,Retention Category
891,52,Male,Gloves,Accessories,51,New York,S,Purple,Spring,4.3,True,2-Day Shipping,True,True,47,Credit Card,Monthly,30,12.166666666666666,620.5,47,True,2448,3,True,False,4.3,False,68.2,Gold,Retention Category
892,20,Male,Skirt,Clothing,26,Pennsylvania,S,Lavender,Summer,3.9,True,Store Pickup,True,True,24,PayPal,Every 3 Months,90,4.055555555555555,105.44,24,False,650,3,True,False,3.9,False,34.0,Silver,Entry-Point Category
893,31,Male,Shorts,Clothing,64,New Mexico,L,Gray,Summer,2.7,True,Free Shipping,True,True,43,Debit Card,Monthly,30,12.166666666666666,778.67,43,True,2816,3,True,False,2.7,False,55.1,Gold,Entry-Point Category
894,33,Male,Backpack,Accessories,51,Nebraska,M,Red,Spring,4.7,True,Express,True,True,14,Venmo,Monthly,30,12.166666666666666,620.5,14,False,765,3,True,False,4.7,False,51.5,Silver,Retention Category
895,44,Male,Hoodie,Clothing,60,Wyoming,L,Purple,Spring,3.8,True,Free Shipping,True,True,3,Debit Card,Quarterly,90,4.055555555555555,243.33,3,False,240,3,True,False,3.8,False,26.5,Bronze,Entry-Point Category
896,40,Male,Hat,Accessories,69,Mississippi,XL,Olive,Spring,4.7,True,Next Day Air,True,True,33,Debit Card,Quarterly,90,4.055555555555555,279.83,33,False,2346,3,True,False,4.7,False,53.9,Silver,Retention Category
897,69,Male,Jewelry,Accessories,29,Arkansas,M,Lavender,Spring,4.7,True,Express,True,True,38,Cash,Fortnightly,14,26.071428571428573,756.07,38,True,1131,3,True,False,4.7,False,68.1,Gold,Retention Category
898,29,Male,Shirt,Clothing,91,Illinois,M,Gray,Spring,3.4,True,Express,True,True,46,Venmo,Weekly,7,52.142857142857146,4745.0,46,True,4277,3,True,False,3.4,False,83.7,Platinum,Entry-Point Category
899,54,Male,Belt,Accessories,70,Nevada,L,Red,Spring,3.5,True,2-Day Shipping,True,True,19,Bank Transfer,Every 3 Months,90,4.055555555555555,283.89,19,False,1400,3,True,False,3.5,False,35.6,Silver,Retention Category
900,65,Male,Sweater,Clothing,58,Rhode Island,M,Peach,Summer,4.0,True,Standard,True,True,20,PayPal,Annually,365,1.0,58.0,20,False,1218,3,True,False,4.0,False,27.3,Bronze,Entry-Point Category
901,54,Male,Hat,Accessories,98,West Virginia,L,Gray,Fall,3.3,True,Free Shipping,True,True,42,Bank Transfer,Quarterly,90,4.055555555555555,397.44,42,True,4214,3,True,False,3.3,False,53.9,Silver,Retention Category
902,60,Male,Scarf,Accessories,68,Missouri,L,Violet,Summer,4.7,True,2-Day Shipping,True,True,34,Cash,Monthly,30,12.166666666666666,827.33,34,False,2380,3,True,False,4.7,False,66.8,Gold,Retention Category
903,43,Male,Hat,Accessories,44,Kentucky,M,Beige,Summer,2.8,True,Next Day Air,True,True,5,Cash,Monthly,30,12.166666666666666,535.33,5,False,264,3,True,False,2.8,False,29.6,Bronze,Retention Category
904,44,Male,Jacket,Outerwear,45,Washington,M,Blue,Winter,3.3,True,Express,True,True,3,PayPal,Quarterly,90,4.055555555555555,182.5,3,False,180,3,True,False,3.3,False,20.1,Bronze,Entry-Point Category
905,69,Male,T-shirt,Clothing,99,Alaska,L,Magenta,Spring,2.9,True,Free Shipping,True,True,46,PayPal,Every 3 Months,90,4.055555555555555,401.5,46,True,4653,3,True,False,2.9,False,53.3,Silver,Entry-Point Category
906,46,Male,Dress,Clothing,68,Mississippi,S,Cyan,Spring,2.8,True,Standard,True,True,16,Venmo,Annually,365,1.0,68.0,16,False,1156,3,True,False,2.8,False,16.1,Bronze,Entry-Point Category
907,41,Male,Pants,Clothing,56,South Carolina,M,Red,Spring,4.2,True,Standard,True,True,21,Debit Card,Bi-Weekly,14,26.071428571428573,1460.0,21,False,1232,3,True,False,4.2,False,62.2,Gold,Entry-Point Category
908,32,Male,Sweater,Clothing,43,Missouri,L,Cyan,Winter,4.4,True,Express,True,True,34,Credit Card,Bi-Weekly,14,26.071428571428573,1121.07,34,False,1505,3,True,False,4.4,False,68.5,Gold,Entry-Point Category
909,26,Male,Sunglasses,Accessories,99,New Jersey,M,Turquoise,Winter,3.6,True,Free Shipping,True,True,9,PayPal,Every 3 Months,90,4.055555555555555,401.5,9,False,990,3,True,False,3.6,False,36.9,Silver,Retention Category
910,61,Male,Belt,Accessories,56,Louisiana,L,Silver,Fall,2.7,True,Express,True,True,36,PayPal,Weekly,7,52.142857142857146,2920.0,36,False,2072,3,True,False,2.7,False,69.4,Gold,Retention Category
911,49,Male,Hoodie,Clothing,25,South Carolina,S,Pink,Spring,3.4,True,Express,True,True,22,Credit Card,Monthly,30,12.166666666666666,304.17,22,False,575,3,True,False,3.4,False,37.9,Silver,Entry-Point Category
912,53,Male,Pants,Clothing,74,Vermont,M,Black,Winter,2.8,True,2-Day Shipping,True,True,2,Bank Transfer,Quarterly,90,4.055555555555555,300.11,2,False,222,3,True,False,2.8,False,20.7,Bronze,Entry-Point Category
913,24,Male,Hoodie,Clothing,56,Arkansas,M,Green,Winter,3.4,True,Next Day Air,True,True,32,Bank Transfer,Monthly,30,12.166666666666666,681.33,32,False,1848,3,True,False,3.4,False,53.1,Silver,Entry-Point Category
914,37,Male,Sneakers,Footwear,47,Utah,M,Yellow,Fall,2.6,True,Next Day Air,True,True,29,Cash,Every 3 Months,90,4.055555555555555,190.61,29,False,1410,3,True,False,2.6,False,30.5,Silver,Entry-Point Category
915,43,Male,Dress,Clothing,67,Washington,L,Purple,Summer,4.1,True,Standard,True,True,27,Venmo,Every 3 Months,90,4.055555555555555,271.72,27,False,1876,3,True,False,4.1,False,45.0,Silver,Entry-Point Category
916,31,Male,Dress,Clothing,22,Rhode Island,L,Purple,Winter,2.9,True,Store Pickup,True,True,33,Credit Card,Fortnightly,14,26.071428571428573,573.57,33,False,748,3,True,False,2.9,False,47.9,Silver,Entry-Point Category
917,49,Male,Jeans,Clothing,34,Illinois,S,Blue,Spring,2.7,True,Standard,True,True,16,Venmo,Monthly,30,12.166666666666666,413.67,16,False,578,3,True,False,2.7,False,34.2,Silver,Entry-Point Category
918,69,Male,Sweater,Clothing,64,Missouri,M,Maroon,Spring,3.7,True,Standard,True,True,11,Bank Transfer,Quarterly,90,4.055555555555555,259.56,11,False,768,3,True,False,3.7,False,31.4,Silver,Entry-Point Category
919,65,Male,Shorts,Clothing,42,North Carolina,M,Orange,Spring,4.3,True,2-Day Shipping,True,True,11,Cash,Fortnightly,14,26.071428571428573,1095.0,11,False,504,3,True,False,4.3,False,53.3,Silver,Entry-Point Category
920,41,Male,Shirt,Clothing,82,Massachusetts,L,Green,Winter,2.6,True,2-Day Shipping,True,True,17,Debit Card,Bi-Weekly,14,26.071428571428573,2137.86,17,False,1476,3,True,False,2.6,False,52.3,Silver,Entry-Point Category
921,37,Male,Belt,Accessories,81,Arkansas,XL,Gold,Summer,4.3,True,Free Shipping,True,True,37,Cash,Weekly,7,52.142857142857146,4223.57,37,False,3078,3,True,False,4.3,False,85.0,Platinum,Retention Category
922,70,Male,Coat,Outerwear,24,South Dakota,L,Silver,Summer,4.1,True,Express,True,True,18,PayPal,Weekly,7,52.142857142857146,1251.43,18,False,456,3,True,False,4.1,False,57.8,Gold,Entry-Point Category
923,63,Male,Sneakers,Footwear,60,Georgia,M,Cyan,Fall,4.2,True,Standard,True,True,13,Credit Card,Monthly,30,12.166666666666666,730.0,13,False,840,3,True,False,4.2,False,48.6,Silver,Entry-Point Category
924,55,Male,Shirt,Clothing,24,Arkansas,M,Silver,Spring,4.2,True,2-Day Shipping,True,True,7,PayPal,Weekly,7,52.142857142857146,1251.43,7,False,192,3,True,False,4.2,False,52.3,Silver,Entry-Point Category
925,52,Male,Socks,Clothing,78,Kansas,XL,Beige,Winter,3.1,True,Standard,True,True,37,Cash,Quarterly,90,4.055555555555555,316.33,37,False,2964,3,True,False,3.1,False,45.2,Silver,Entry-Point Category
926,22,Male,Jeans,Clothing,88,Arizona,L,Teal,Winter,4.9,True,Express,True,True,8,Cash,Monthly,30,12.166666666666666,1070.67,8,False,792,3,True,False,4.9,False,56.1,Gold,Entry-Point Category
927,54,Male,Jeans,Clothing,63,Massachusetts,XL,Green,Spring,4.4,True,Express,True,True,11,Cash,Bi-Weekly,14,26.071428571428573,1642.5,11,False,756,3,True,False,4.4,False,59.1,Gold,Entry-Point Category
928,28,Male,Sneakers,Footwear,78,New Mexico,L,Black,Summer,4.4,True,Standard,True,True,8,Venmo,Bi-Weekly,14,26.071428571428573,2033.57,8,False,702,3,True,False,4.4,False,60.9,Gold,Entry-Point Category
929,67,Male,Dress,Clothing,37,Arkansas,XL,Yellow,Winter,3.4,True,Store Pickup,True,True,31,Cash,Every 3 Months,90,4.055555555555555,150.06,31,False,1184,3,True,False,3.4,False,36.3,Silver,Entry-Point Category
930,59,Male,Boots,Footwear,94,Nebraska,M,White,Fall,4.5,True,2-Day Shipping,True,True,26,Debit Card,Fortnightly,14,26.071428571428573,2450.71,26,False,2538,3,True,False,4.5,False,76.1,Gold,Entry-Point Category
931,26,Male,T-shirt,Clothing,78,Hawaii,L,Green,Fall,4.5,True,Store Pickup,True,True,20,Credit Card,Bi-Weekly,14,26.071428571428573,2033.57,20,False,1638,3,True,False,4.5,False,68.6,Gold,Entry-Point Category
932,24,Male,Coat,Outerwear,36,Nebraska,M,Silver,Winter,4.1,True,Standard,True,True,24,Bank Transfer,Fortnightly,14,26.071428571428573,938.57,24,False,900,3,True,False,4.1,False,57.4,Gold,Entry-Point Category
933,62,Male,Skirt,Clothing,24,Indiana,L,Blue,Winter,3.2,True,Standard,True,True,45,Debit Card,Bi-Weekly,14,26.071428571428573,625.71,45,True,1104,3,True,False,3.2,False,58.0,Gold,Entry-Point Category
934,70,Male,Sneakers,Footwear,84,Colorado,M,Magenta,Spring,2.7,True,Store Pickup,True,True,33,Debit Card,Monthly,30,12.166666666666666,1022.0,33,False,2856,3,True,False,2.7,False,52.8,Silver,Entry-Point Category
935,45,Male,Jeans,Clothing,47,Oregon,S,Yellow,Spring,3.7,True,Express,True,True,21,Bank Transfer,Monthly,30,12.166666666666666,571.83,21,False,1034,3,True,False,3.7,False,46.8,Silver,Entry-Point Category
936,58,Male,Hoodie,Clothing,51,Ohio,L,White,Fall,2.6,True,Store Pickup,True,True,2,Bank Transfer,Fortnightly,14,26.071428571428573,1329.64,2,False,153,3,True,False,2.6,False,36.7,Silver,Entry-Point Category
937,31,Male,Shoes,Footwear,84,Maine,M,Pink,Summer,2.7,True,Free Shipping,True,True,28,Cash,Weekly,7,52.142857142857146,4380.0,28,False,2436,3,True,False,2.7,False,66.8,Gold,Entry-Point Category
938,32,Male,Shorts,Clothing,24,Iowa,M,Magenta,Summer,2.7,True,Express,True,True,18,Venmo,Quarterly,90,4.055555555555555,97.33,18,False,456,3,True,False,2.7,False,19.9,Bronze,Entry-Point Category
939,36,Male,Blouse,Clothing,97,Wisconsin,S,Teal,Fall,4.8,True,Free Shipping,True,True,21,Debit Card,Fortnightly,14,26.071428571428573,2528.93,21,False,2134,3,True,False,4.8,False,76.0,Gold,Entry-Point Category
940,25,Male,T-shirt,Clothing,89,New York,L,Indigo,Winter,4.8,True,Next Day Air,True,True,24,Credit Card,Monthly,30,12.166666666666666,1082.83,24,False,2225,3,True,False,4.8,False,64.9,Gold,Entry-Point Category
941,48,Male,Belt,Accessories,44,Colorado,S,Maroon,Spring,2.6,True,Store Pickup,True,True,15,PayPal,Every 3 Months,90,4.055555555555555,178.44,15,False,704,3,True,False,2.6,False,21.6,Bronze,Retention Category
942,39,Male,Handbag,Accessories,35,Illinois,L,Black,Winter,4.5,True,2-Day Shipping,True,True,38,PayPal,Every 3 Months,90,4.055555555555555,141.94,38,True,1365,3,True,False,4.5,False,49.0,Silver,Retention Category
943,26,Male,Dress,Clothing,91,Arizona,M,Cyan,Winter,3.2,True,Express,True,True,38,PayPal,Bi-Weekly,14,26.071428571428573,2372.5,38,True,3549,3,True,False,3.2,False,72.0,Gold,Entry-Point Category
944,32,Male,Hat,Accessories,63,Oklahoma,L,Cyan,Winter,3.8,True,Next Day Air,True,True,13,Venmo,Fortnightly,14,26.071428571428573,1642.5,13,False,882,3,True,False,3.8,False,55.3,Gold,Retention Category
945,54,Male,Belt,Accessories,97,Indiana,S,Gray,Spring,4.8,True,Express,True,True,39,Cash,Bi-Weekly,14,26.071428571428573,2528.93,39,True,3880,3,True,False,4.8,False,86.8,Platinum,Retention Category
946,38,Male,Boots,Footwear,38,Minnesota,M,Violet,Summer,4.1,True,Store Pickup,True,True,8,Venmo,Every 3 Months,90,4.055555555555555,154.11,8,False,342,3,True,False,4.1,False,28.6,Bronze,Entry-Point Category
947,46,Male,Coat,Outerwear,24,Pennsylvania,XL,Blue,Spring,2.8,True,Next Day Air,True,True,4,PayPal,Quarterly,90,4.055555555555555,97.33,4,False,120,3,True,False,2.8,False,12.5,Bronze,Entry-Point Category
948,57,Male,Blouse,Clothing,32,Indiana,M,Charcoal,Winter,3.9,True,Store Pickup,True,True,6,Cash,Every 3 Months,90,4.055555555555555,129.78,6,False,224,3,True,False,3.9,False,24.5,Bronze,Entry-Point Category
949,49,Male,Hat,Accessories,90,Alabama,L,Olive,Summer,4.9,True,Express,True,True,11,Venmo,Every 3 Months,90,4.055555555555555,365.0,11,False,1080,3,True,False,4.9,False,46.4,Silver,Retention Category
950,33,Male,Jeans,Clothing,36,Montana,M,Olive,Summer,3.4,True,Standard,True,True,49,Venmo,Monthly,30,12.166666666666666,438.0,49,True,1800,3,True,False,3.4,False,59.8,Gold,Entry-Point Category
951,54,Male,Backpack,Accessories,37,New Mexico,XL,Turquoise,Winter,4.1,True,Free Shipping,True,True,30,PayPal,Quarterly,90,4.055555555555555,150.06,30,False,1147,3,True,False,4.1,False,41.4,Silver,Retention Category
952,47,Male,Dress,Clothing,51,Alaska,M,Cyan,Summer,2.9,True,Express,True,True,34,Bank Transfer,Monthly,30,12.166666666666666,620.5,34,False,1785,3,True,False,2.9,False,49.1,Silver,Entry-Point Category
953,36,Male,Hat,Accessories,71,Idaho,S,Red,Fall,3.1,True,2-Day Shipping,True,True,28,PayPal,Monthly,30,12.166666666666666,863.83,28,False,2059,3,True,False,3.1,False,50.7,Silver,Retention Category
954,68,Male,Sunglasses,Accessories,50,Utah,S,Cyan,Spring,3.6,True,2-Day Shipping,True,True,36,Venmo,Quarterly,90,4.055555555555555,202.78,36,False,1850,3,True,False,3.6,False,43.1,Silver,Retention Category
955,60,Male,Hat,Accessories,74,Louisiana,S,Turquoise,Fall,3.5,True,Standard,True,True,18,Credit Card,Every 3 Months,90,4.055555555555555,300.11,18,False,1406,3,True,False,3.5,False,35.9,Silver,Retention Category
956,55,Male,Dress,Clothing,75,Mississippi,L,Lavender,Summer,3.4,True,Free Shipping,True,True,4,PayPal,Monthly,30,12.166666666666666,912.5,4,False,375,3,True,False,3.4,False,39.2,Silver,Entry-Point Category
957,29,Male,Shirt,Clothing,99,Mississippi,XL,Cyan,Spring,2.9,True,2-Day Shipping,True,True,42,Debit Card,Quarterly,90,4.055555555555555,401.5,42,True,4257,3,True,False,2.9,False,51.0,Silver,Entry-Point Category
958,38,Male,Scarf,Accessories,23,Indiana,XL,Violet,Spring,4.7,True,Store Pickup,True,True,11,Cash,Quarterly,90,4.055555555555555,93.28,11,False,276,3,True,False,4.7,False,31.2,Silver,Retention Category
959,70,Male,Sneakers,Footwear,53,Washington,XL,Beige,Winter,4.4,True,Free Shipping,True,True,31,Credit Card,Bi-Weekly,14,26.071428571428573,1381.79,31,False,1696,3,True,False,4.4,False,69.3,Gold,Entry-Point Category
960,36,Male,Skirt,Clothing,99,Nevada,M,Cyan,Spring,2.6,True,Standard,True,True,12,Cash,Fortnightly,14,26.071428571428573,2581.07,12,False,1287,3,True,False,2.6,False,53.3,Silver,Entry-Point Category
961,18,Male,Jewelry,Accessories,48,Louisiana,XL,Indigo,Spring,4.4,True,Standard,True,True,20,Venmo,Quarterly,90,4.055555555555555,194.67,20,False,1008,3,True,False,4.4,False,39.7,Silver,Retention Category
962,62,Male,Boots,Footwear,72,Pennsylvania,L,Olive,Fall,3.7,True,Next Day Air,True,True,37,Debit Card,Quarterly,90,4.055555555555555,292.0,37,False,2736,3,True,False,3.7,False,48.6,Silver,Entry-Point Category
963,29,Male,Sunglasses,Accessories,64,Michigan,L,Green,Spring,4.4,True,Standard,True,True,26,Debit Card,Fortnightly,14,26.071428571428573,1668.57,26,False,1728,3,True,False,4.4,False,68.5,Gold,Retention Category
964,21,Male,Boots,Footwear,63,South Carolina,L,Green,Spring,2.5,True,2-Day Shipping,True,True,14,Credit Card,Weekly,7,52.142857142857146,3285.0,14,False,945,3,True,False,2.5,True,55.4,Gold,Entry-Point Category
965,42,Male,Sandals,Footwear,51,Arizona,M,Beige,Spring,2.6,True,Next Day Air,True,True,12,Venmo,Bi-Weekly,14,26.071428571428573,1329.64,12,False,663,3,True,False,2.6,False,42.8,Silver,Entry-Point Category
966,43,Male,Boots,Footwear,55,Delaware,L,Black,Spring,5.0,True,Store Pickup,True,True,10,Credit Card,Annually,365,1.0,55.0,10,False,605,3,True,False,5.0,False,28.8,Bronze,Entry-Point Category
967,58,Male,Dress,Clothing,55,Kentucky,M,Brown,Spring,4.9,True,Express,True,True,19,Cash,Annually,365,1.0,55.0,19,False,1100,3,True,False,4.9,False,33.6,Silver,Entry-Point Category
968,27,Male,Hoodie,Clothing,26,Georgia,S,Silver,Summer,3.7,True,Store Pickup,True,True,4,Cash,Weekly,7,52.142857142857146,1355.71,4,False,130,3,True,False,3.7,False,47.0,Silver,Entry-Point Category
969,57,Male,Shorts,Clothing,67,North Carolina,L,Gray,Summer,3.1,True,Next Day Air,True,True,48,Bank Transfer,Quarterly,90,4.055555555555555,271.72,48,True,3283,3,True,False,3.1,False,49.4,Silver,Entry-Point Category
970,40,Male,Coat,Outerwear,31,California,S,Pink,Fall,3.2,True,Express,True,True,37,PayPal,Monthly,30,12.166666666666666,377.17,37,False,1178,3,True,False,3.2,False,49.0,Silver,Entry-Point Category
971,45,Male,Jeans,Clothing,66,California,S,Maroon,Winter,4.4,True,Free Shipping,True,True,4,Cash,Monthly,30,12.166666666666666,803.0,4,False,330,3,True,False,4.4,False,45.9,Silver,Entry-Point Category
972,47,Male,Sunglasses,Accessories,67,Indiana,M,Cyan,Summer,4.3,True,Next Day Air,True,True,15,Credit Card,Weekly,7,52.142857142857146,3493.57,15,False,1072,3,True,False,4.3,False,70.7,Gold,Retention Category
973,61,Male,Sneakers,Footwear,61,Colorado,L,Gold,Winter,3.0,True,Standard,True,True,33,Credit Card,Weekly,7,52.142857142857146,3180.71,33,False,2074,3,True,False,3.0,False,70.5,Gold,Entry-Point Category
974,60,Male,Jacket,Outerwear,75,Colorado,M,Teal,Fall,3.5,True,2-Day Shipping,True,True,30,Bank Transfer,Quarterly,90,4.055555555555555,304.17,30,False,2325,3,True,False,3.5,False,43.5,Silver,Entry-Point Category
975,69,Male,Skirt,Clothing,90,North Carolina,M,Beige,Spring,3.6,True,2-Day Shipping,True,True,23,Bank Transfer,Monthly,30,12.166666666666666,1095.0,23,False,2160,3,True,False,3.6,False,54.7,Silver,Entry-Point Category
976,58,Male,Sweater,Clothing,40,Washington,M,Olive,Summer,3.8,True,2-Day Shipping,True,True,2,Bank Transfer,Weekly,7,52.142857142857146,2085.71,2,False,120,3,True,False,3.8,False,52.5,Silver,Entry-Point Category
977,34,Male,T-shirt,Clothing,90,Florida,M,Gray,Fall,3.6,True,Express,True,True,50,Credit Card,Every 3 Months,90,4.055555555555555,365.0,50,True,4590,3,True,False,3.6,False,59.3,Gold,Entry-Point Category
978,20,Male,Belt,Accessories,20,Washington,M,Black,Spring,4.6,True,Express,True,True,34,Cash,Bi-Weekly,14,26.071428571428573,521.43,34,False,700,3,True,False,4.6,False,61.5,Gold,Retention Category
979,56,Male,Gloves,Accessories,40,Colorado,M,Turquoise,Summer,2.5,True,Standard,True,True,33,Credit Card,Weekly,7,52.142857142857146,2085.71,33,False,1360,3,True,False,2.5,True,61.2,Gold,Retention Category
980,64,Male,Hat,Accessories,33,New Hampshire,S,Brown,Fall,3.5,True,Store Pickup,True,True,34,Debit Card,Monthly,30,12.166666666666666,401.5,34,False,1155,3,True,False,3.5,False,51.3,Silver,Retention Category
981,56,Male,Boots,Footwear,98,Maryland,S,Magenta,Spring,4.0,True,Free Shipping,True,True,39,PayPal,Every 3 Months,90,4.055555555555555,397.44,39,True,3920,3,True,False,4.0,False,57.9,Gold,Entry-Point Category
982,27,Male,Belt,Accessories,42,Maryland,M,Silver,Spring,3.5,True,Next Day Air,True,True,47,Credit Card,Quarterly,90,4.055555555555555,170.33,47,True,2016,3,True,False,3.5,False,47.7,Silver,Retention Category
983,35,Male,Coat,Outerwear,62,Texas,S,Red,Summer,3.2,True,Standard,True,True,37,PayPal,Monthly,30,12.166666666666666,754.33,37,False,2356,3,True,False,3.2,False,55.1,Gold,Entry-Point Category
984,24,Male,Hat,Accessories,45,New Mexico,L,Indigo,Winter,3.5,True,Free Shipping,True,True,40,Venmo,Bi-Weekly,14,26.071428571428573,1173.21,40,True,1845,3,True,False,3.5,False,65.4,Gold,Retention Category
985,26,Male,Shoes,Footwear,78,Utah,M,Green,Summer,3.4,True,Free Shipping,True,True,8,Credit Card,Bi-Weekly,14,26.071428571428573,2033.57,8,False,702,3,True,False,3.4,False,52.7,Silver,Entry-Point Category
986,32,Male,Handbag,Accessories,80,West Virginia,M,Gray,Fall,5.0,True,Express,True,True,12,Bank Transfer,Annually,365,1.0,80.0,12,False,1040,3,True,False,5.0,False,32.1,Silver,Retention Category
987,54,Male,Scarf,Accessories,96,Connecticut,S,Peach,Spring,4.5,True,Store Pickup,True,True,36,Bank Transfer,Monthly,30,12.166666666666666,1168.0,36,False,3552,3,True,False,4.5,False,71.0,Gold,Retention Category
988,62,Male,Handbag,Accessories,47,West Virginia,M,Charcoal,Summer,2.8,True,Express,True,True,48,PayPal,Weekly,7,52.142857142857146,2450.71,48,True,2303,3,True,False,2.8,False,75.4,Gold,Retention Category
989,50,Male,Pants,Clothing,84,Ohio,M,Orange,Winter,4.9,True,2-Day Shipping,True,True,47,PayPal,Fortnightly,14,26.071428571428573,2190.0,47,True,4032,3,True,False,4.9,False,89.3,Platinum,Entry-Point Category
990,70,Male,Shoes,Footwear,31,Texas,M,Beige,Spring,3.1,True,Store Pickup,True,True,2,Bank Transfer,Monthly,30,12.166666666666666,377.17,2,False,93,3,True,False,3.1,False,27.1,Bronze,Entry-Point Category
991,48,Male,Sunglasses,Accessories,63,Washington,S,Yellow,Spring,4.8,True,Store Pickup,True,True,24,Cash,Weekly,7,52.142857142857146,3285.0,24,False,1575,3,True,False,4.8,False,79.7,Gold,Retention Category
992,20,Male,Shorts,Clothing,97,Wisconsin,XL,White,Spring,2.7,True,Standard,True,True,40,Bank Transfer,Bi-Weekly,14,26.071428571428573,2528.93,40,True,3977,3,True,False,2.7,False,70.5,Gold,Entry-Point Category
993,46,Male,Jacket,Outerwear,99,Louisiana,M,Gray,Winter,4.6,True,Express,True,True,50,Debit Card,Weekly,7,52.142857142857146,5162.14,50,True,5049,3,True,False,4.6,False,96.5,Platinum,Entry-Point Category
994,51,Male,Sandals,Footwear,90,Iowa,M,Peach,Winter,4.4,True,Store Pickup,True,True,25,Cash,Weekly,7,52.142857142857146,4692.86,25,False,2340,3,True,False,4.4,False,79.3,Gold,Entry-Point Category
995,53,Male,Shoes,Footwear,68,New York,L,Violet,Fall,3.2,True,Express,True,True,20,Debit Card,Monthly,30,12.166666666666666,827.33,20,False,1428,3,True,False,3.2,False,45.9,Silver,Entry-Point Category
996,44,Male,Jewelry,Accessories,80,Idaho,M,Magenta,Spring,3.0,True,2-Day Shipping,True,True,10,Venmo,Weekly,7,52.142857142857146,4171.43,10,False,880,3,True,False,3.0,False,57.9,Gold,Retention Category
997,29,Male,Sandals,Footwear,91,Delaware,L,Maroon,Summer,4.9,True,Standard,True,True,32,Bank Transfer,Quarterly,90,4.055555555555555,369.06,32,False,3003,3,True,False,4.9,False,59.5,Gold,Entry-Point Category
998,64,Male,Pants,Clothing,30,Kentucky,M,Cyan,Spring,3.6,True,Express,True,True,31,Cash,Fortnightly,14,26.071428571428573,782.14,31,False,960,3,True,False,3.6,False,55.4,Gold,Entry-Point Category
999,51,Male,Shoes,Footwear,90,Connecticut,M,White,Spring,3.8,True,Next Day Air,True,True,48,Bank Transfer,Bi-Weekly,14,26.071428571428573,2346.43,48,True,4410,3,True,False,3.8,False,82.5,Platinum,Entry-Point Category
1000,50,Male,Socks,Clothing,28,New Mexico,L,Brown,Spring,2.9,True,Standard,True,True,23,Debit Card,Monthly,30,12.166666666666666,340.67,23,False,672,3,True,False,2.9,False,36.3,Silver,Entry-Point Category
1001,43,Male,Socks,Clothing,46,Georgia,M,Red,Winter,3.9,True,Express,True,True,1,Bank Transfer,Bi-Weekly,14,26.071428571428573,1199.29,1,False,92,3,True,False,3.9,False,45.4,Silver,Entry-Point Category
1002,61,Male,Dress,Clothing,60,Washington,M,Orange,Fall,3.6,True,Standard,True,True,4,Debit Card,Fortnightly,14,26.071428571428573,1564.29,4,False,300,3,True,False,3.6,False,47.9,Silver,Entry-Point Category
1003,55,Male,Shoes,Footwear,59,North Dakota,M,White,Spring,3.5,True,Store Pickup,True,True,3,Bank Transfer,Bi-Weekly,14,26.071428571428573,1538.21,3,False,236,3,True,False,3.5,False,46.3,Silver,Entry-Point Category
1004,56,Male,Hat,Accessories,68,Ohio,M,Green,Fall,4.0,True,Store Pickup,True,True,3,Cash,Bi-Weekly,14,26.071428571428573,1772.86,3,False,272,3,True,False,4.0,False,52.4,Silver,Retention Category
1005,33,Male,Backpack,Accessories,79,Tennessee,M,Black,Summer,4.8,True,2-Day Shipping,True,True,44,Cash,Annually,365,1.0,79.0,44,True,3555,3,True,False,4.8,False,49.8,Silver,Retention Category
1006,43,Male,Backpack,Accessories,94,New York,M,Gold,Winter,3.9,True,Store Pickup,True,True,5,Debit Card,Bi-Weekly,14,26.071428571428573,2450.71,5,False,564,3,True,False,3.9,False,58.7,Gold,Retention Category
1007,21,Male,Pants,Clothing,83,Michigan,S,Lavender,Summer,4.5,True,Next Day Air,True,True,50,Venmo,Quarterly,90,4.055555555555555,336.61,50,True,4233,3,True,False,4.5,False,65.3,Gold,Entry-Point Category
1008,58,Male,Gloves,Accessories,62,Georgia,XL,Turquoise,Spring,4.8,True,Standard,True,True,2,Credit Card,Annually,365,1.0,62.0,2,False,186,3,True,False,4.8,False,23.3,Bronze,Retention Category
1009,41,Male,Scarf,Accessories,85,New Mexico,M,Pink,Spring,2.6,True,Store Pickup,True,True,29,PayPal,Annually,365,1.0,85.0,29,False,2550,3,True,False,2.6,False,23.9,Bronze,Retention Category
1010,39,Male,Hoodie,Clothing,30,Louisiana,M,Silver,Summer,3.1,True,Express,True,True,11,Venmo,Annually,365,1.0,30.0,11,False,360,3,True,False,3.1,False,12.0,Bronze,Entry-Point Category
1011,54,Male,Jeans,Clothing,24,South Dakota,XL,Gray,Spring,4.7,True,2-Day Shipping,True,True,37,Credit Card,Fortnightly,14,26.071428571428573,625.71,37,False,912,3,True,False,4.7,False,65.6,Gold,Entry-Point Category
1012,43,Male,Backpack,Accessories,25,Montana,L,Indigo,Spring,2.9,True,Next Day Air,True,True,32,Debit Card,Fortnightly,14,26.071428571428573,651.79,32,False,825,3,True,False,2.9,False,48.5,Silver,Retention Category
1013,28,Male,Sandals,Footwear,37,New Mexico,L,Teal,Summer,3.8,True,Express,True,True,27,Credit Card,Annually,365,1.0,37.0,27,False,1036,3,True,False,3.8,False,28.0,Bronze,Entry-Point Category
1014,59,Male,Belt,Accessories,69,South Carolina,XL,Green,Summer,3.8,True,2-Day Shipping,True,True,31,Venmo,Bi-Weekly,14,26.071428571428573,1798.93,31,False,2208,3,True,False,3.8,False,67.9,Gold,Retention Category
1015,28,Male,Shoes,Footwear,97,Ohio,M,Violet,Summer,3.0,True,Standard,True,True,36,Debit Card,Fortnightly,14,26.071428571428573,2528.93,36,False,3589,3,True,False,3.0,False,70.5,Gold,Entry-Point Category
1016,68,Male,Gloves,Accessories,24,North Carolina,M,Cyan,Summer,4.1,True,Standard,True,True,34,Cash,Weekly,7,52.142857142857146,1251.43,34,False,840,3,True,False,4.1,False,67.7,Gold,Retention Category
1017,20,Male,Belt,Accessories,30,Idaho,XL,Blue,Summer,3.4,True,Express,True,True,15,Bank Transfer,Every 3 Months,90,4.055555555555555,121.67,15,False,480,3,True,False,3.4,False,25.3,Bronze,Retention Category
1018,21,Male,Jacket,Outerwear,53,Oklahoma,L,Orange,Fall,2.5,True,Express,True,True,14,Credit Card,Annually,365,1.0,53.0,14,False,795,3,True,False,2.5,True,11.4,Bronze,Entry-Point Category
1019,50,Male,Dress,Clothing,70,Georgia,XL,Charcoal,Spring,4.9,True,Next Day Air,True,True,46,Cash,Weekly,7,52.142857142857146,3650.0,46,True,3290,3,True,False,4.9,False,94.0,Platinum,Entry-Point Category
1020,32,Male,Shirt,Clothing,76,Kentucky,S,Beige,Winter,2.8,True,Standard,True,True,33,Venmo,Bi-Weekly,14,26.071428571428573,1981.43,33,False,2584,3,True,False,2.8,False,62.5,Gold,Entry-Point Category
1021,24,Male,Scarf,Accessories,95,Delaware,M,Black,Fall,4.5,True,Express,True,True,41,Debit Card,Annually,365,1.0,95.0,41,True,3990,3,True,False,4.5,False,47.9,Silver,Retention Category
1022,55,Male,Coat,Outerwear,51,Massachusetts,S,Lavender,Winter,4.9,True,2-Day Shipping,True,True,39,PayPal,Weekly,7,52.142857142857146,2659.29,39,True,2040,3,True,False,4.9,False,88.4,Platinum,Entry-Point Category
1023,61,Male,Handbag,Accessories,41,Nebraska,M,Lavender,Winter,4.9,True,Store Pickup,True,True,7,Cash,Annually,365,1.0,41.0,7,False,328,3,True,False,4.9,False,25.5,Bronze,Retention Category
1024,61,Male,Sunglasses,Accessories,71,Maine,S,Turquoise,Winter,3.5,True,Free Shipping,True,True,29,Bank Transfer,Every 3 Months,90,4.055555555555555,287.94,29,False,2130,3,True,False,3.5,False,42.0,Silver,Retention Category
1025,28,Male,T-shirt,Clothing,66,Pennsylvania,M,Purple,Summer,3.5,True,Free Shipping,True,True,18,Venmo,Quarterly,90,4.055555555555555,267.67,18,False,1254,3,True,False,3.5,False,34.3,Silver,Entry-Point Category
1026,60,Male,Shirt,Clothing,84,Nebraska,M,Olive,Winter,4.9,True,Free Shipping,True,True,15,Credit Card,Annually,365,1.0,84.0,15,False,1344,3,True,False,4.9,False,33.9,Silver,Entry-Point Category
1027,49,Male,Handbag,Accessories,95,Virginia,L,Turquoise,Winter,3.0,True,Express,True,True,39,PayPal,Bi-Weekly,14,26.071428571428573,2476.79,39,True,3800,3,True,False,3.0,False,71.8,Gold,Retention Category
1028,33,Male,Jewelry,Accessories,90,Ohio,L,Teal,Summer,2.8,True,Next Day Air,True,True,11,Cash,Monthly,30,12.166666666666666,1095.0,11,False,1080,3,True,False,2.8,False,41.0,Silver,Retention Category
1029,45,Male,Hoodie,Clothing,36,Nebraska,S,Lavender,Summer,3.7,True,Standard,True,True,4,Cash,Fortnightly,14,26.071428571428573,938.57,4,False,180,3,True,False,3.7,False,42.0,Silver,Entry-Point Category
1030,29,Male,Gloves,Accessories,22,Ohio,M,Purple,Spring,3.6,True,2-Day Shipping,True,True,33,Venmo,Bi-Weekly,14,26.071428571428573,573.57,33,False,748,3,True,False,3.6,False,53.6,Silver,Retention Category
1031,58,Male,Coat,Outerwear,89,Kentucky,L,Blue,Winter,3.3,True,Next Day Air,True,True,37,Debit Card,Quarterly,90,4.055555555555555,360.94,37,False,3382,3,True,False,3.3,False,48.9,Silver,Entry-Point Category
1032,22,Male,Sandals,Footwear,50,Tennessee,M,Teal,Spring,3.4,True,Free Shipping,True,True,32,Cash,Quarterly,90,4.055555555555555,202.78,32,False,1650,3,True,False,3.4,False,39.2,Silver,Entry-Point Category
1033,55,Male,Boots,Footwear,36,Maine,M,Lavender,Fall,4.0,True,Free Shipping,True,True,44,Credit Card,Quarterly,90,4.055555555555555,146.0,44,True,1620,3,True,False,4.0,False,48.7,Silver,Entry-Point Category
1034,19,Male,Pants,Clothing,52,Montana,S,Silver,Spring,4.6,True,Free Shipping,True,True,41,Bank Transfer,Quarterly,90,4.055555555555555,210.89,41,True,2184,3,True,False,4.6,False,54.5,Silver,Entry-Point Category
1035,68,Male,Socks,Clothing,29,Maryland,M,Olive,Fall,4.2,True,Next Day Air,True,True,44,Bank Transfer,Weekly,7,52.142857142857146,1512.14,44,True,1305,3,True,False,4.2,False,76.3,Gold,Entry-Point Category
1036,61,Male,Blouse,Clothing,89,Georgia,M,Brown,Fall,2.8,True,Express,True,True,32,Venmo,Annually,365,1.0,89.0,32,False,2937,3,True,False,2.8,False,27.9,Bronze,Entry-Point Category
1037,68,Male,Handbag,Accessories,47,Hawaii,M,Yellow,Fall,3.7,True,2-Day Shipping,True,True,13,Bank Transfer,Monthly,30,12.166666666666666,571.83,13,False,658,3,True,False,3.7,False,41.9,Silver,Retention Category
1038,52,Male,Jewelry,Accessories,25,Rhode Island,XL,Brown,Spring,3.4,True,Standard,True,True,48,Debit Card,Quarterly,90,4.055555555555555,101.39,48,True,1225,3,True,False,3.4,False,44.1,Silver,Retention Category
1039,41,Male,Pants,Clothing,74,Nebraska,XL,Cyan,Fall,3.0,True,Express,True,True,3,Bank Transfer,Weekly,7,52.142857142857146,3858.57,3,False,296,3,True,False,3.0,False,53.3,Silver,Entry-Point Category
1040,29,Male,Belt,Accessories,46,Michigan,M,Magenta,Fall,4.8,True,Standard,True,True,39,Venmo,Monthly,30,12.166666666666666,559.67,39,True,1840,3,True,False,4.8,False,66.4,Gold,Retention Category
1041,68,Male,Jeans,Clothing,22,North Carolina,S,Magenta,Fall,4.0,True,Next Day Air,True,True,7,Cash,Fortnightly,14,26.071428571428573,573.57,7,False,176,3,True,False,4.0,False,41.3,Silver,Entry-Point Category
1042,36,Male,Shirt,Clothing,25,Minnesota,M,Orange,Summer,4.9,True,Next Day Air,True,True,11,Cash,Fortnightly,14,26.071428571428573,651.79,11,False,300,3,True,False,4.9,False,51.9,Silver,Entry-Point Category
1043,55,Male,Belt,Accessories,80,Maryland,M,Maroon,Spring,4.9,True,Next Day Air,True,True,47,Credit Card,Weekly,7,52.142857142857146,4171.43,47,True,3840,3,True,False,4.9,False,95.4,Platinum,Retention Category
1044,28,Male,Jeans,Clothing,76,Hawaii,M,Green,Spring,3.3,True,2-Day Shipping,True,True,28,Debit Card,Fortnightly,14,26.071428571428573,1981.43,28,False,2204,3,True,False,3.3,False,63.3,Gold,Entry-Point Category
1045,39,Male,Jeans,Clothing,30,Oregon,L,Teal,Summer,4.4,True,Next Day Air,True,True,17,Bank Transfer,Every 3 Months,90,4.055555555555555,121.67,17,False,540,3,True,False,4.4,False,34.6,Silver,Entry-Point Category
1046,54,Male,Sweater,Clothing,79,New Mexico,L,Black,Fall,3.5,True,2-Day Shipping,True,True,11,PayPal,Bi-Weekly,14,26.071428571428573,2059.64,11,False,948,3,True,False,3.5,False,55.3,Gold,Entry-Point Category
1047,40,Male,Sneakers,Footwear,22,Illinois,M,Magenta,Winter,4.2,True,Standard,True,True,12,Venmo,Annually,365,1.0,22.0,12,False,286,3,True,False,4.2,False,20.9,Bronze,Entry-Point Category
1048,31,Male,Socks,Clothing,36,Utah,S,Olive,Fall,4.2,True,Standard,True,True,7,Credit Card,Fortnightly,14,26.071428571428573,938.57,7,False,288,3,True,False,4.2,False,48.2,Silver,Entry-Point Category
1049,30,Male,Socks,Clothing,77,Maine,L,Yellow,Fall,2.7,True,Standard,True,True,19,Venmo,Fortnightly,14,26.071428571428573,2007.5,19,False,1540,3,True,False,2.7,False,53.3,Silver,Entry-Point Category
1050,45,Male,Sunglasses,Accessories,33,Virginia,S,Purple,Fall,2.8,True,Store Pickup,True,True,24,Cash,Quarterly,90,4.055555555555555,133.83,24,False,825,3,True,False,2.8,False,26.4,Bronze,Retention Category
1051,48,Male,Sneakers,Footwear,64,Florida,M,Beige,Winter,3.8,True,Next Day Air,True,True,19,Venmo,Monthly,30,12.166666666666666,778.67,19,False,1280,3,True,False,3.8,False,49.4,Silver,Entry-Point Category
1052,45,Male,Socks,Clothing,53,Ohio,M,Indigo,Fall,2.6,True,Free Shipping,True,True,39,PayPal,Annually,365,1.0,53.0,39,True,2120,3,True,False,2.6,False,27.0,Bronze,Entry-Point Category
1053,60,Male,Shoes,Footwear,36,Virginia,XL,Pink,Fall,3.0,True,2-Day Shipping,True,True,1,Credit Card,Fortnightly,14,26.071428571428573,938.57,1,False,72,3,True,False,3.0,False,34.5,Silver,Entry-Point Category
1054,59,Male,Blouse,Clothing,70,Kansas,M,Blue,Spring,3.3,False,2-Day Shipping,True,True,10,Debit Card,Bi-Weekly,14,26.071428571428573,1825.0,10,False,770,2,True,False,3.3,False,51.3,Silver,Entry-Point Category
1055,18,Male,Shorts,Clothing,96,Arkansas,L,Cyan,Winter,4.9,False,Express,True,True,48,PayPal,Quarterly,90,4.055555555555555,389.33,48,True,4704,2,True,False,4.9,False,70.0,Gold,Entry-Point Category
1056,70,Male,Jacket,Outerwear,27,Massachusetts,M,Orange,Spring,3.3,False,Next Day Air,True,True,24,Debit Card,Annually,365,1.0,27.0,24,False,675,2,True,False,3.3,False,21.1,Bronze,Entry-Point Category
1057,20,Male,Sweater,Clothing,64,Idaho,L,Black,Winter,2.9,False,2-Day Shipping,True,True,42,Venmo,Fortnightly,14,26.071428571428573,1668.57,42,True,2752,2,True,False,2.9,False,65.7,Gold,Entry-Point Category
1058,65,Male,Jacket,Outerwear,23,Wisconsin,S,Maroon,Spring,4.4,False,2-Day Shipping,True,True,20,Credit Card,Weekly,7,52.142857142857146,1199.29,20,False,483,2,True,False,4.4,False,60.9,Gold,Entry-Point Category
1059,29,Male,Scarf,Accessories,33,New Mexico,L,Violet,Summer,3.1,False,Next Day Air,True,True,49,Bank Transfer,Every 3 Months,90,4.055555555555555,133.83,49,True,1650,2,True,False,3.1,False,43.8,Silver,Retention Category
1060,22,Male,Jacket,Outerwear,34,North Carolina,M,Beige,Winter,2.5,False,Standard,True,True,25,Debit Card,Monthly,30,12.166666666666666,413.67,25,False,884,2,True,False,2.5,True,38.3,Silver,Entry-Point Category
1061,27,Male,Sweater,Clothing,35,Iowa,S,Gray,Summer,2.6,False,Next Day Air,True,True,21,Debit Card,Every 3 Months,90,4.055555555555555,141.94,21,False,770,2,True,False,2.6,False,23.4,Bronze,Entry-Point Category
1062,36,Male,Coat,Outerwear,62,Idaho,M,Gray,Summer,4.4,False,Free Shipping,True,True,12,Venmo,Every 3 Months,90,4.055555555555555,251.44,12,False,806,2,True,False,4.4,False,37.2,Silver,Entry-Point Category
1063,59,Male,Boots,Footwear,75,Ohio,M,Brown,Fall,2.6,False,Next Day Air,True,True,21,Debit Card,Every 3 Months,90,4.055555555555555,304.17,21,False,1650,2,True,False,2.6,False,30.9,Silver,Entry-Point Category
1064,62,Male,Hoodie,Clothing,29,Alabama,S,Indigo,Summer,3.3,False,Free Shipping,True,True,35,Cash,Monthly,30,12.166666666666666,352.83,35,False,1044,2,True,False,3.3,False,47.4,Silver,Entry-Point Category
1065,34,Male,Hat,Accessories,28,Wyoming,M,Violet,Spring,3.5,False,Express,True,True,42,Credit Card,Every 3 Months,90,4.055555555555555,113.56,42,True,1204,2,True,False,3.5,False,41.9,Silver,Retention Category
1066,59,Male,T-shirt,Clothing,20,Alabama,XL,Blue,Spring,4.1,False,Store Pickup,True,True,3,PayPal,Every 3 Months,90,4.055555555555555,81.11,3,False,80,2,True,False,4.1,False,20.0,Bronze,Entry-Point Category
1067,49,Male,Coat,Outerwear,96,Mississippi,M,Red,Winter,4.0,False,Store Pickup,True,True,11,PayPal,Bi-Weekly,14,26.071428571428573,2502.86,11,False,1152,2,True,False,4.0,False,63.4,Gold,Entry-Point Category
1068,18,Male,Dress,Clothing,43,Pennsylvania,S,Peach,Summer,2.7,False,2-Day Shipping,True,True,22,PayPal,Quarterly,90,4.055555555555555,174.39,22,False,989,2,True,False,2.7,False,26.5,Bronze,Entry-Point Category
1069,55,Male,Shirt,Clothing,94,Wyoming,M,Olive,Fall,2.5,False,Standard,True,True,47,Credit Card,Weekly,7,52.142857142857146,4901.43,47,True,4512,2,True,False,2.5,True,77.6,Gold,Entry-Point Category
1070,38,Male,Skirt,Clothing,81,Maryland,XL,White,Fall,4.3,False,Next Day Air,True,True,33,Venmo,Every 3 Months,90,4.055555555555555,328.5,33,False,2754,2,True,False,4.3,False,53.3,Silver,Entry-Point Category
1071,50,Male,Jewelry,Accessories,75,North Carolina,M,Magenta,Summer,3.3,False,Free Shipping,True,True,50,Debit Card,Weekly,7,52.142857142857146,3910.71,50,True,3825,2,True,False,3.3,False,83.9,Platinum,Retention Category
1072,61,Male,Hat,Accessories,81,Pennsylvania,M,Beige,Summer,2.6,False,Express,True,True,46,Credit Card,Monthly,30,12.166666666666666,985.5,46,True,3807,2,True,False,2.6,False,59.0,Gold,Retention Category
1073,48,Male,Shorts,Clothing,92,Idaho,L,Gold,Fall,3.8,False,Express,True,True,34,Debit Card,Fortnightly,14,26.071428571428573,2398.57,34,False,3220,2,True,False,3.8,False,74.8,Gold,Entry-Point Category
1074,22,Male,Scarf,Accessories,96,California,XL,Purple,Spring,4.0,False,Store Pickup,True,True,33,Credit Card,Monthly,30,12.166666666666666,1168.0,33,False,3264,2,True,False,4.0,False,65.3,Gold,Retention Category
1075,48,Male,Jewelry,Accessories,71,Tennessee,S,White,Fall,2.6,False,Standard,True,True,45,Bank Transfer,Fortnightly,14,26.071428571428573,1851.07,45,True,3266,2,True,False,2.6,False,66.9,Gold,Retention Category
1076,57,Male,Sunglasses,Accessories,50,Missouri,L,Indigo,Summer,4.9,False,Next Day Air,True,True,32,Debit Card,Bi-Weekly,14,26.071428571428573,1303.57,32,False,1650,2,True,False,4.9,False,73.2,Gold,Retention Category
1077,33,Male,Coat,Outerwear,72,North Dakota,L,Charcoal,Spring,2.9,False,Standard,True,True,47,Venmo,Bi-Weekly,14,26.071428571428573,1877.14,47,True,3456,2,True,False,2.9,False,70.7,Gold,Entry-Point Category
1078,58,Male,Jacket,Outerwear,28,West Virginia,M,Pink,Winter,3.7,False,Standard,True,True,5,PayPal,Quarterly,90,4.055555555555555,113.56,5,False,168,2,True,False,3.7,False,21.4,Bronze,Entry-Point Category
1079,37,Male,Sweater,Clothing,59,Arizona,M,Silver,Fall,4.4,False,Express,True,True,49,Credit Card,Fortnightly,14,26.071428571428573,1538.21,49,True,2950,2,True,False,4.4,False,81.3,Platinum,Entry-Point Category
1080,18,Male,Coat,Outerwear,33,Oklahoma,S,Blue,Summer,4.4,False,Free Shipping,True,True,48,Bank Transfer,Monthly,30,12.166666666666666,401.5,48,True,1617,2,True,False,4.4,False,66.9,Gold,Entry-Point Category
1081,65,Male,Scarf,Accessories,59,Pennsylvania,L,Blue,Fall,3.8,False,Express,True,True,22,Cash,Every 3 Months,90,4.055555555555555,239.28,22,False,1357,2,True,False,3.8,False,37.7,Silver,Retention Category
1082,62,Male,Belt,Accessories,30,Idaho,XL,Brown,Spring,4.5,False,Standard,True,True,45,Credit Card,Annually,365,1.0,30.0,45,True,1380,2,True,False,4.5,False,43.7,Silver,Retention Category
1083,54,Male,Hat,Accessories,85,South Carolina,XL,Cyan,Winter,2.6,False,Next Day Air,True,True,30,Venmo,Quarterly,90,4.055555555555555,344.72,30,False,2635,2,True,False,2.6,False,38.4,Silver,Retention Category
1084,35,Male,Backpack,Accessories,97,Washington,L,Teal,Summer,3.3,False,Store Pickup,True,True,43,Cash,Weekly,7,52.142857142857146,5057.86,43,True,4268,2,True,False,3.3,False,81.6,Platinum,Retention Category
1085,34,Male,T-shirt,Clothing,36,Arkansas,S,Purple,Fall,4.1,False,Next Day Air,True,True,48,Cash,Quarterly,90,4.055555555555555,146.0,48,True,1764,2,True,False,4.1,False,52.0,Silver,Entry-Point Category
1086,25,Male,Jewelry,Accessories,85,Utah,M,Turquoise,Winter,3.0,False,Store Pickup,True,True,23,Venmo,Fortnightly,14,26.071428571428573,2216.07,23,False,2040,2,True,False,3.0,False,59.8,Gold,Retention Category
1087,53,Male,Sunglasses,Accessories,62,Alaska,M,Olive,Winter,3.0,False,Free Shipping,True,True,27,PayPal,Bi-Weekly,14,26.071428571428573,1616.43,27,False,1736,2,True,False,3.0,False,57.2,Gold,Retention Category
1088,45,Male,Jeans,Clothing,71,West Virginia,S,White,Winter,3.4,False,Next Day Air,True,True,7,Bank Transfer,Monthly,30,12.166666666666666,863.83,7,False,568,2,True,False,3.4,False,40.6,Silver,Entry-Point Category
1089,49,Male,Pants,Clothing,21,Louisiana,M,Turquoise,Winter,2.7,False,Free Shipping,True,True,2,PayPal,Weekly,7,52.142857142857146,1095.0,2,False,63,2,True,False,2.7,False,34.9,Silver,Entry-Point Category
1090,40,Male,Backpack,Accessories,61,Arizona,M,Silver,Spring,3.8,False,Next Day Air,True,True,33,PayPal,Bi-Weekly,14,26.071428571428573,1590.36,33,False,2074,2,True,False,3.8,False,67.2,Gold,Retention Category
1091,38,Male,Scarf,Accessories,58,Connecticut,M,Violet,Spring,4.2,False,Store Pickup,True,True,27,Cash,Fortnightly,14,26.071428571428573,1512.14,27,False,1624,2,True,False,4.2,False,66.3,Gold,Retention Category
1092,44,Male,Sweater,Clothing,80,North Carolina,L,Lavender,Spring,4.7,False,Store Pickup,True,True,6,Credit Card,Fortnightly,14,26.071428571428573,2085.71,6,False,560,2,True,False,4.7,False,62.5,Gold,Entry-Point Category
1093,68,Male,Jewelry,Accessories,50,South Dakota,L,Magenta,Spring,4.1,False,2-Day Shipping,True,True,20,Venmo,Quarterly,90,4.055555555555555,202.78,20,False,1050,2,True,False,4.1,False,37.6,Silver,Retention Category
1094,60,Male,Sneakers,Footwear,48,Delaware,S,Indigo,Winter,4.2,False,2-Day Shipping,True,True,46,Venmo,Every 3 Months,90,4.055555555555555,194.67,46,True,2256,2,True,False,4.2,False,53.7,Silver,Entry-Point Category
1095,25,Male,Jewelry,Accessories,40,Connecticut,M,Black,Winter,4.8,False,Next Day Air,True,True,25,Cash,Quarterly,90,4.055555555555555,162.22,25,False,1040,2,True,False,4.8,False,44.7,Silver,Retention Category
1096,19,Male,Coat,Outerwear,34,Tennessee,S,Peach,Summer,3.0,False,Free Shipping,True,True,30,Bank Transfer,Quarterly,90,4.055555555555555,137.89,30,False,1054,2,True,False,3.0,False,31.8,Silver,Entry-Point Category
1097,57,Male,Coat,Outerwear,46,New Hampshire,S,Beige,Fall,2.6,False,Standard,True,True,48,Credit Card,Annually,365,1.0,46.0,48,True,2254,2,True,False,2.6,False,31.9,Silver,Entry-Point Category
1098,58,Male,Sunglasses,Accessories,27,Vermont,M,Black,Summer,3.2,False,Store Pickup,True,True,47,Bank Transfer,Weekly,7,52.142857142857146,1407.86,47,True,1296,2,True,False,3.2,False,69.1,Gold,Retention Category
1099,49,Male,Handbag,Accessories,98,Idaho,S,Turquoise,Spring,3.6,False,Next Day Air,True,True,27,Credit Card,Weekly,7,52.142857142857146,5110.0,27,False,2744,2,True,False,3.6,False,74.6,Gold,Retention Category
1100,19,Male,Sweater,Clothing,73,North Carolina,M,Peach,Fall,2.6,False,Next Day Air,True,True,45,Bank Transfer,Fortnightly,14,26.071428571428573,1903.21,45,True,3358,2,True,False,2.6,False,67.3,Gold,Entry-Point Category
1101,50,Male,Pants,Clothing,28,Nevada,L,Gold,Spring,4.4,False,Express,True,True,2,Credit Card,Weekly,7,52.142857142857146,1460.0,2,False,84,2,True,False,4.4,False,52.3,Silver,Entry-Point Category
1102,30,Male,Gloves,Accessories,76,Delaware,XL,Silver,Fall,3.0,False,Free Shipping,True,True,39,Cash,Fortnightly,14,26.071428571428573,1981.43,39,True,3040,2,True,False,3.0,False,67.5,Gold,Retention Category
1103,52,Male,Sweater,Clothing,83,Texas,M,Peach,Fall,2.9,False,Express,True,True,24,Cash,Fortnightly,14,26.071428571428573,2163.93,24,False,2075,2,True,False,2.9,False,59.1,Gold,Entry-Point Category
1104,35,Male,Hoodie,Clothing,23,Tennessee,S,Charcoal,Spring,4.3,False,Free Shipping,True,True,8,Debit Card,Bi-Weekly,14,26.071428571428573,599.64,8,False,207,2,True,False,4.3,False,44.6,Silver,Entry-Point Category
1105,35,Male,Hat,Accessories,28,Delaware,M,Beige,Fall,3.1,False,Express,True,True,8,Bank Transfer,Quarterly,90,4.055555555555555,113.56,8,False,252,2,True,False,3.1,False,18.4,Bronze,Retention Category
1106,33,Male,T-shirt,Clothing,83,Massachusetts,S,Olive,Spring,3.0,False,Next Day Air,True,True,6,Venmo,Every 3 Months,90,4.055555555555555,336.61,6,False,581,2,True,False,3.0,False,27.0,Bronze,Entry-Point Category
1107,52,Male,Skirt,Clothing,96,Minnesota,L,Violet,Winter,3.6,False,Store Pickup,True,True,12,Venmo,Fortnightly,14,26.071428571428573,2502.86,12,False,1248,2,True,False,3.6,False,60.7,Gold,Entry-Point Category
1108,69,Male,Sneakers,Footwear,62,Texas,M,Peach,Fall,2.8,False,Store Pickup,True,True,26,Bank Transfer,Weekly,7,52.142857142857146,3232.86,26,False,1674,2,True,False,2.8,False,64.6,Gold,Entry-Point Category
1109,27,Male,Shorts,Clothing,25,Nebraska,M,Teal,Fall,2.8,False,Standard,True,True,50,Cash,Fortnightly,14,26.071428571428573,651.79,50,True,1275,2,True,False,2.8,False,58.3,Gold,Entry-Point Category
1110,66,Male,Hoodie,Clothing,97,Oklahoma,L,Violet,Winter,3.8,False,Next Day Air,True,True,2,Venmo,Weekly,7,52.142857142857146,5057.86,2,False,291,2,True,False,3.8,False,61.0,Gold,Entry-Point Category
1111,28,Male,Hoodie,Clothing,61,Texas,L,Cyan,Fall,3.0,False,Standard,True,True,31,Cash,Bi-Weekly,14,26.071428571428573,1590.36,31,False,1952,2,True,False,3.0,False,59.5,Gold,Entry-Point Category
1112,22,Male,Shoes,Footwear,66,New York,S,Olive,Summer,4.1,False,Next Day Air,True,True,4,Credit Card,Bi-Weekly,14,26.071428571428573,1720.71,4,False,330,2,True,False,4.1,False,53.4,Silver,Entry-Point Category
1113,69,Male,Hoodie,Clothing,67,Washington,XL,Pink,Spring,4.6,False,Free Shipping,True,True,32,PayPal,Quarterly,90,4.055555555555555,271.72,32,False,2211,2,True,False,4.6,False,52.1,Silver,Entry-Point Category
1114,28,Male,Sunglasses,Accessories,80,Maryland,M,Purple,Summer,4.8,False,Next Day Air,True,True,11,PayPal,Bi-Weekly,14,26.071428571428573,2085.71,11,False,960,2,True,False,4.8,False,66.0,Gold,Retention Category
1115,55,Male,Skirt,Clothing,25,New Hampshire,L,Violet,Fall,2.6,False,Next Day Air,True,True,47,Bank Transfer,Every 3 Months,90,4.055555555555555,101.39,47,True,1200,2,True,False,2.6,False,37.1,Silver,Entry-Point Category
1116,30,Male,Hat,Accessories,58,New York,S,Peach,Fall,4.0,False,2-Day Shipping,True,True,37,Cash,Weekly,7,52.142857142857146,3024.29,37,False,2204,2,True,False,4.0,False,80.7,Platinum,Retention Category
1117,67,Male,Backpack,Accessories,96,Hawaii,M,Charcoal,Winter,4.2,False,Express,True,True,39,PayPal,Fortnightly,14,26.071428571428573,2502.86,39,True,3840,2,True,False,4.2,False,81.9,Platinum,Retention Category
1118,25,Male,Sunglasses,Accessories,77,California,L,Lavender,Spring,4.5,False,Store Pickup,True,True,24,Credit Card,Monthly,30,12.166666666666666,936.83,24,False,1925,2,True,False,4.5,False,60.3,Gold,Retention Category
1119,49,Male,Belt,Accessories,65,Indiana,M,Purple,Summer,4.9,False,Standard,True,True,11,PayPal,Every 3 Months,90,4.055555555555555,263.61,11,False,780,2,True,False,4.9,False,41.3,Silver,Retention Category
1120,34,Male,Jewelry,Accessories,36,Louisiana,M,Indigo,Spring,3.1,False,Standard,True,True,36,Credit Card,Weekly,7,52.142857142857146,1877.14,36,False,1332,2,True,False,3.1,False,65.9,Gold,Retention Category
1121,22,Male,Sneakers,Footwear,84,Pennsylvania,M,Magenta,Winter,4.0,False,Next Day Air,True,True,40,Debit Card,Monthly,30,12.166666666666666,1022.0,40,True,3444,2,True,False,4.0,False,67.3,Gold,Entry-Point Category
1122,63,Male,T-shirt,Clothing,58,Florida,XL,Peach,Fall,3.2,False,Express,True,True,25,Cash,Quarterly,90,4.055555555555555,235.22,25,False,1508,2,True,False,3.2,False,34.5,Silver,Entry-Point Category
1123,70,Male,Handbag,Accessories,62,North Carolina,S,Charcoal,Spring,4.3,False,2-Day Shipping,True,True,12,Credit Card,Annually,365,1.0,62.0,12,False,806,2,True,False,4.3,False,25.4,Bronze,Retention Category
1124,36,Male,Hat,Accessories,67,Massachusetts,S,Purple,Fall,2.5,False,Store Pickup,True,True,38,Cash,Monthly,30,12.166666666666666,815.17,38,True,2613,2,True,False,2.5,True,51.4,Silver,Retention Category
1125,42,Male,Sweater,Clothing,20,Iowa,M,Orange,Spring,3.8,False,Express,True,True,40,Cash,Quarterly,90,4.055555555555555,81.11,40,True,820,2,True,False,3.8,False,39.7,Silver,Entry-Point Category
1126,27,Male,Sandals,Footwear,90,North Dakota,M,Lavender,Summer,2.7,False,2-Day Shipping,True,True,10,Bank Transfer,Weekly,7,52.142857142857146,4692.86,10,False,990,2,True,False,2.7,False,56.5,Gold,Entry-Point Category
1127,23,Male,Scarf,Accessories,58,Iowa,L,Beige,Winter,3.4,False,Standard,True,True,47,Venmo,Fortnightly,14,26.071428571428573,1512.14,47,True,2784,2,True,False,3.4,False,71.6,Gold,Retention Category
1128,50,Male,Shirt,Clothing,53,Delaware,XL,Maroon,Spring,4.8,False,Store Pickup,True,True,22,Debit Card,Monthly,30,12.166666666666666,644.83,22,False,1219,2,True,False,4.8,False,57.6,Gold,Entry-Point Category
1129,56,Male,Gloves,Accessories,30,New York,L,Charcoal,Winter,4.7,False,Next Day Air,True,True,35,Debit Card,Monthly,30,12.166666666666666,365.0,35,False,1080,2,True,False,4.7,False,59.5,Gold,Retention Category
1130,37,Male,Hoodie,Clothing,65,New Hampshire,XL,White,Winter,4.7,False,Express,True,True,46,Venmo,Fortnightly,14,26.071428571428573,1694.64,46,True,3055,2,True,False,4.7,False,82.9,Platinum,Entry-Point Category
1131,67,Male,Jewelry,Accessories,41,Kentucky,M,Lavender,Summer,3.9,False,Standard,True,True,30,PayPal,Bi-Weekly,14,26.071428571428573,1068.93,30,False,1271,2,True,False,3.9,False,61.0,Gold,Retention Category
1132,67,Male,Shirt,Clothing,73,Illinois,M,Black,Spring,3.7,False,Express,True,True,20,Bank Transfer,Monthly,30,12.166666666666666,888.17,20,False,1533,2,True,False,3.7,False,50.8,Silver,Entry-Point Category
1133,50,Male,Hoodie,Clothing,98,North Carolina,S,Teal,Spring,4.3,False,Store Pickup,True,True,25,Cash,Fortnightly,14,26.071428571428573,2555.0,25,False,2548,2,True,False,4.3,False,74.7,Gold,Entry-Point Category
1134,36,Male,Shoes,Footwear,36,Connecticut,XL,Magenta,Winter,4.1,False,2-Day Shipping,True,True,29,Cash,Weekly,7,52.142857142857146,1877.14,29,False,1080,2,True,False,4.1,False,69.9,Gold,Entry-Point Category
1135,62,Male,T-shirt,Clothing,81,Wisconsin,M,Brown,Summer,3.8,False,Express,True,True,2,Venmo,Every 3 Months,90,4.055555555555555,328.5,2,False,243,2,True,False,3.8,False,30.3,Silver,Entry-Point Category
1136,65,Male,Skirt,Clothing,90,Massachusetts,L,Peach,Winter,3.6,False,2-Day Shipping,True,True,32,Bank Transfer,Quarterly,90,4.055555555555555,365.0,32,False,2970,2,True,False,3.6,False,48.7,Silver,Entry-Point Category
1137,23,Male,Handbag,Accessories,83,Illinois,S,Cyan,Summer,4.8,False,Free Shipping,True,True,37,Cash,Monthly,30,12.166666666666666,1009.83,37,False,3154,2,True,False,4.8,False,71.7,Gold,Retention Category
1138,46,Male,Shirt,Clothing,91,New Mexico,XL,Pink,Winter,2.8,False,2-Day Shipping,True,True,16,Bank Transfer,Every 3 Months,90,4.055555555555555,369.06,16,False,1547,2,True,False,2.8,False,32.7,Silver,Entry-Point Category
1139,18,Male,Pants,Clothing,36,Iowa,M,Purple,Summer,4.7,False,Express,True,True,32,Venmo,Fortnightly,14,26.071428571428573,938.57,32,False,1188,2,True,False,4.7,False,67.1,Gold,Entry-Point Category
1140,58,Male,Coat,Outerwear,53,Alabama,L,Purple,Spring,3.9,False,Standard,True,True,42,Debit Card,Bi-Weekly,14,26.071428571428573,1381.79,42,True,2279,2,True,False,3.9,False,71.7,Gold,Entry-Point Category
1141,31,Male,Jeans,Clothing,39,Maryland,M,White,Winter,2.6,False,Store Pickup,True,True,6,Credit Card,Every 3 Months,90,4.055555555555555,158.17,6,False,273,2,True,False,2.6,False,15.6,Bronze,Entry-Point Category
1142,39,Male,Gloves,Accessories,33,Ohio,S,Silver,Winter,4.7,False,Next Day Air,True,True,23,PayPal,Fortnightly,14,26.071428571428573,860.36,23,False,792,2,True,False,4.7,False,60.4,Gold,Retention Category
1143,69,Male,T-shirt,Clothing,76,Ohio,L,Green,Spring,3.5,False,Store Pickup,True,True,27,Venmo,Bi-Weekly,14,26.071428571428573,1981.43,27,False,2128,2,True,False,3.5,False,64.4,Gold,Entry-Point Category
1144,68,Male,Boots,Footwear,23,Nevada,L,Teal,Winter,4.4,False,Standard,True,True,43,PayPal,Quarterly,90,4.055555555555555,93.28,43,True,1012,2,True,False,4.4,False,48.1,Silver,Entry-Point Category
1145,41,Male,Jeans,Clothing,54,South Carolina,S,Indigo,Fall,4.4,False,2-Day Shipping,True,True,25,Bank Transfer,Fortnightly,14,26.071428571428573,1407.86,25,False,1404,2,True,False,4.4,False,65.8,Gold,Entry-Point Category
1146,31,Male,Sneakers,Footwear,89,Nevada,L,Pink,Summer,3.0,False,Express,True,True,30,Cash,Every 3 Months,90,4.055555555555555,360.94,30,False,2759,2,True,False,3.0,False,42.2,Silver,Entry-Point Category
1147,48,Male,Sneakers,Footwear,38,Wisconsin,M,Indigo,Summer,4.2,False,Standard,True,True,7,Bank Transfer,Every 3 Months,90,4.055555555555555,154.11,7,False,304,2,True,False,4.2,False,28.9,Bronze,Entry-Point Category
1148,59,Male,Hat,Accessories,36,Tennessee,XL,Red,Winter,4.3,False,Next Day Air,True,True,17,Debit Card,Annually,365,1.0,36.0,17,False,648,2,True,False,4.3,False,25.9,Bronze,Retention Category
1149,34,Male,Pants,Clothing,66,Florida,M,Violet,Spring,2.6,False,Store Pickup,True,True,10,PayPal,Fortnightly,14,26.071428571428573,1720.71,10,False,726,2,True,False,2.6,False,44.7,Silver,Entry-Point Category
1150,21,Male,Jewelry,Accessories,42,Georgia,L,Cyan,Spring,3.3,False,Store Pickup,True,True,40,Venmo,Annually,365,1.0,42.0,40,True,1722,2,True,False,3.3,False,32.2,Silver,Retention Category
1151,29,Male,Jewelry,Accessories,36,Kentucky,S,Red,Winter,2.7,False,Next Day Air,True,True,50,Venmo,Bi-Weekly,14,26.071428571428573,938.57,50,True,1836,2,True,False,2.7,False,61.5,Gold,Retention Category
1152,41,Male,Blouse,Clothing,86,Ohio,M,Gray,Spring,3.8,False,Express,True,True,24,Credit Card,Weekly,7,52.142857142857146,4484.29,24,False,2150,2,True,False,3.8,False,73.3,Gold,Entry-Point Category
1153,62,Male,Handbag,Accessories,49,Connecticut,M,Gold,Fall,4.0,False,Standard,True,True,8,PayPal,Every 3 Months,90,4.055555555555555,198.72,8,False,441,2,True,False,4.0,False,29.6,Bronze,Retention Category
1154,27,Male,Shirt,Clothing,41,Idaho,M,Pink,Summer,4.0,False,Free Shipping,True,True,6,Bank Transfer,Quarterly,90,4.055555555555555,166.28,6,False,287,2,True,False,4.0,False,27.3,Bronze,Entry-Point Category
1155,49,Male,Dress,Clothing,82,Georgia,L,Cyan,Spring,2.9,False,2-Day Shipping,True,True,44,Credit Card,Bi-Weekly,14,26.071428571428573,2137.86,44,True,3690,2,True,False,2.9,False,70.8,Gold,Entry-Point Category
1156,67,Male,T-shirt,Clothing,53,Tennessee,S,Red,Fall,2.6,False,Express,True,True,47,PayPal,Quarterly,90,4.055555555555555,214.94,47,True,2544,2,True,False,2.6,False,42.0,Silver,Entry-Point Category
1157,20,Male,Shoes,Footwear,21,Hawaii,M,Gold,Summer,4.8,False,Express,True,True,6,Venmo,Every 3 Months,90,4.055555555555555,85.17,6,False,147,2,True,False,4.8,False,28.2,Bronze,Entry-Point Category
1158,37,Male,Belt,Accessories,66,Maryland,M,Charcoal,Fall,4.4,False,Standard,True,True,11,Cash,Quarterly,90,4.055555555555555,267.67,11,False,792,2,True,False,4.4,False,37.6,Silver,Retention Category
1159,69,Male,Belt,Accessories,89,Nevada,L,Orange,Summer,4.0,False,2-Day Shipping,True,True,41,Bank Transfer,Annually,365,1.0,89.0,41,True,3738,2,True,False,4.0,False,43.0,Silver,Retention Category
1160,66,Male,Handbag,Accessories,55,New Hampshire,L,Blue,Fall,3.6,False,2-Day Shipping,True,True,46,Venmo,Every 3 Months,90,4.055555555555555,223.06,46,True,2585,2,True,False,3.6,False,49.6,Silver,Retention Category
1161,37,Male,Scarf,Accessories,42,North Dakota,S,Blue,Summer,3.2,False,Next Day Air,True,True,9,Venmo,Bi-Weekly,14,26.071428571428573,1095.0,9,False,420,2,True,False,3.2,False,43.1,Silver,Retention Category
1162,63,Male,Shorts,Clothing,52,Oklahoma,S,Orange,Fall,3.1,False,2-Day Shipping,True,True,37,PayPal,Monthly,30,12.166666666666666,632.67,37,False,1976,2,True,False,3.1,False,52.8,Silver,Entry-Point Category
1163,47,Male,Sandals,Footwear,92,North Carolina,M,Blue,Winter,4.2,False,Express,True,True,13,PayPal,Weekly,7,52.142857142857146,4797.14,13,False,1288,2,True,False,4.2,False,70.6,Gold,Entry-Point Category
1164,26,Male,Pants,Clothing,56,Tennessee,L,White,Summer,3.0,False,2-Day Shipping,True,True,24,Debit Card,Monthly,30,12.166666666666666,681.33,24,False,1400,2,True,False,3.0,False,44.9,Silver,Entry-Point Category
1165,68,Male,Dress,Clothing,96,Montana,M,Green,Winter,4.2,False,Standard,True,True,47,PayPal,Quarterly,90,4.055555555555555,389.33,47,True,4608,2,True,False,4.2,False,63.8,Gold,Entry-Point Category
1166,51,Male,T-shirt,Clothing,64,Wisconsin,M,Silver,Winter,2.9,False,Next Day Air,True,True,21,Venmo,Every 3 Months,90,4.055555555555555,259.56,21,False,1408,2,True,False,2.9,False,31.0,Silver,Entry-Point Category
1167,48,Male,Dress,Clothing,48,Connecticut,S,Lavender,Winter,3.7,False,Store Pickup,True,True,22,Venmo,Fortnightly,14,26.071428571428573,1251.43,22,False,1104,2,True,False,3.7,False,56.9,Gold,Entry-Point Category
1168,60,Male,Socks,Clothing,83,New Jersey,XL,Beige,Summer,3.6,False,Free Shipping,True,True,16,PayPal,Quarterly,90,4.055555555555555,336.61,16,False,1411,2,True,False,3.6,False,37.5,Silver,Entry-Point Category
1169,68,Male,Scarf,Accessories,91,Mississippi,L,Violet,Summer,3.6,False,Standard,True,True,37,Debit Card,Fortnightly,14,26.071428571428573,2372.5,37,False,3458,2,True,False,3.6,False,74.6,Gold,Retention Category
1170,25,Male,Backpack,Accessories,94,Wyoming,S,Gray,Fall,4.5,False,2-Day Shipping,True,True,3,Cash,Annually,365,1.0,94.0,3,False,376,2,True,False,4.5,False,25.0,Bronze,Retention Category
1171,57,Male,Skirt,Clothing,62,Illinois,S,Red,Spring,3.2,False,Express,True,True,33,Cash,Bi-Weekly,14,26.071428571428573,1616.43,33,False,2108,2,True,False,3.2,False,62.6,Gold,Entry-Point Category
1172,41,Male,Socks,Clothing,55,Louisiana,M,Lavender,Spring,3.9,False,Next Day Air,True,True,15,Debit Card,Annually,365,1.0,55.0,15,False,880,2,True,False,3.9,False,23.3,Bronze,Entry-Point Category
1173,59,Male,Coat,Outerwear,68,Oregon,L,Peach,Spring,4.6,False,Store Pickup,True,True,42,Bank Transfer,Bi-Weekly,14,26.071428571428573,1772.86,42,True,2924,2,True,False,4.6,False,80.6,Platinum,Entry-Point Category
1174,44,Male,Jewelry,Accessories,76,South Dakota,M,Indigo,Winter,2.5,False,Express,True,True,42,Cash,Bi-Weekly,14,26.071428571428573,1981.43,42,True,3268,2,True,False,2.5,True,65.6,Gold,Retention Category
1175,42,Male,Backpack,Accessories,31,Michigan,M,Black,Winter,4.3,False,Express,True,True,19,Bank Transfer,Bi-Weekly,14,26.071428571428573,808.21,19,False,620,2,True,False,4.3,False,54.1,Silver,Retention Category
1176,35,Male,Belt,Accessories,81,New Jersey,M,Beige,Spring,4.1,False,Store Pickup,True,True,26,PayPal,Quarterly,90,4.055555555555555,328.5,26,False,2187,2,True,False,4.1,False,47.4,Silver,Retention Category
1177,36,Male,Dress,Clothing,83,Oregon,M,Red,Winter,3.8,False,Free Shipping,True,True,39,PayPal,Quarterly,90,4.055555555555555,336.61,39,True,3320,2,True,False,3.8,False,53.0,Silver,Entry-Point Category
1178,54,Male,Skirt,Clothing,21,Iowa,M,Black,Spring,4.8,False,Standard,True,True,24,Debit Card,Monthly,30,12.166666666666666,255.5,24,False,525,2,True,False,4.8,False,47.8,Silver,Entry-Point Category
1179,37,Male,Dress,Clothing,22,South Carolina,M,Teal,Spring,4.9,False,Express,True,True,23,Debit Card,Annually,365,1.0,22.0,23,False,528,2,True,False,4.9,False,33.0,Silver,Entry-Point Category
1180,20,Male,T-shirt,Clothing,33,Indiana,M,Blue,Summer,2.8,False,Free Shipping,True,True,44,Bank Transfer,Annually,365,1.0,33.0,44,True,1485,2,True,False,2.8,False,29.6,Bronze,Entry-Point Category
1181,23,Male,Skirt,Clothing,23,Oregon,S,Beige,Spring,4.9,False,Standard,True,True,34,Cash,Monthly,30,12.166666666666666,279.83,34,False,805,2,True,False,4.9,False,56.0,Gold,Entry-Point Category
1182,61,Male,Shorts,Clothing,96,New York,L,Teal,Summer,3.5,False,Free Shipping,True,True,43,Bank Transfer,Quarterly,90,4.055555555555555,389.33,43,True,4224,2,True,False,3.5,False,55.7,Gold,Entry-Point Category
1183,37,Male,Jewelry,Accessories,21,New Mexico,M,Maroon,Spring,3.8,False,Express,True,True,45,PayPal,Quarterly,90,4.055555555555555,85.17,45,True,966,2,True,False,3.8,False,43.1,Silver,Retention Category
1184,23,Male,Pants,Clothing,39,Louisiana,M,Yellow,Spring,4.5,False,2-Day Shipping,True,True,4,Credit Card,Weekly,7,52.142857142857146,2033.57,4,False,195,2,True,False,4.5,False,59.2,Gold,Entry-Point Category
1185,63,Male,Belt,Accessories,73,South Carolina,S,Indigo,Fall,3.4,False,Express,True,True,19,Credit Card,Annually,365,1.0,73.0,19,False,1460,2,True,False,3.4,False,23.0,Bronze,Retention Category
1186,47,Male,Jeans,Clothing,64,Maine,M,Magenta,Spring,3.9,False,Standard,True,True,29,Credit Card,Monthly,30,12.166666666666666,778.67,29,False,1920,2,True,False,3.9,False,56.4,Gold,Entry-Point Category
1187,63,Male,Jeans,Clothing,68,Indiana,M,Beige,Summer,4.1,False,2-Day Shipping,True,True,27,Credit Card,Annually,365,1.0,68.0,27,False,1904,2,True,False,4.1,False,33.4,Silver,Entry-Point Category
1188,56,Male,Hat,Accessories,89,Iowa,L,Maroon,Fall,3.0,False,Express,True,True,37,Credit Card,Every 3 Months,90,4.055555555555555,360.94,37,False,3382,2,True,False,3.0,False,46.5,Silver,Retention Category
1189,68,Male,Blouse,Clothing,29,Mississippi,M,Magenta,Summer,3.3,False,Next Day Air,True,True,11,Credit Card,Weekly,7,52.142857142857146,1512.14,11,False,348,2,True,False,3.3,False,49.2,Silver,Entry-Point Category
1190,64,Male,Shirt,Clothing,97,Arkansas,XL,Teal,Summer,3.8,False,Free Shipping,True,True,28,Debit Card,Annually,365,1.0,97.0,28,False,2813,2,True,False,3.8,False,34.7,Silver,Entry-Point Category
1191,62,Male,Shirt,Clothing,45,South Carolina,M,Orange,Winter,4.3,False,Next Day Air,True,True,31,Credit Card,Weekly,7,52.142857142857146,2346.43,31,False,1440,2,True,False,4.3,False,76.6,Gold,Entry-Point Category
1192,34,Male,T-shirt,Clothing,70,Indiana,L,Charcoal,Winter,4.1,False,Free Shipping,True,True,50,Venmo,Quarterly,90,4.055555555555555,283.89,50,True,3570,2,True,False,4.1,False,59.2,Gold,Entry-Point Category
1193,49,Male,Coat,Outerwear,56,Florida,M,Turquoise,Summer,4.0,False,2-Day Shipping,True,True,42,Venmo,Quarterly,90,4.055555555555555,227.11,42,True,2408,2,True,False,4.0,False,50.8,Silver,Entry-Point Category
1194,40,Male,Jacket,Outerwear,55,Alaska,L,Pink,Fall,5.0,False,2-Day Shipping,True,True,18,Credit Card,Fortnightly,14,26.071428571428573,1433.93,18,False,1045,2,True,False,5.0,False,66.1,Gold,Entry-Point Category
1195,50,Male,Hoodie,Clothing,46,New York,S,Teal,Winter,3.1,False,2-Day Shipping,True,True,6,Credit Card,Fortnightly,14,26.071428571428573,1199.29,6,False,322,2,True,False,3.1,False,42.2,Silver,Entry-Point Category
1196,25,Male,Scarf,Accessories,95,Texas,M,White,Winter,4.0,False,2-Day Shipping,True,True,33,Venmo,Monthly,30,12.166666666666666,1155.83,33,False,3230,2,True,False,4.0,False,65.2,Gold,Retention Category
1197,30,Male,Belt,Accessories,88,North Dakota,M,Maroon,Winter,3.2,False,2-Day Shipping,True,True,13,Bank Transfer,Bi-Weekly,14,26.071428571428573,2294.29,13,False,1232,2,True,False,3.2,False,56.1,Gold,Retention Category
1198,54,Male,Sneakers,Footwear,92,Vermont,L,Violet,Fall,3.9,False,Standard,True,True,26,PayPal,Annually,365,1.0,92.0,26,False,2484,2,True,False,3.9,False,33.5,Silver,Entry-Point Category
1199,40,Male,Socks,Clothing,49,New Jersey,M,Brown,Summer,3.9,False,2-Day Shipping,True,True,17,Cash,Annually,365,1.0,49.0,17,False,882,2,True,False,3.9,False,23.8,Bronze,Entry-Point Category
1200,49,Male,Sandals,Footwear,89,Maryland,M,Indigo,Fall,4.5,False,Free Shipping,True,True,3,Debit Card,Weekly,7,52.142857142857146,4640.71,3,False,356,2,True,False,4.5,False,66.7,Gold,Entry-Point Category
1201,27,Male,Coat,Outerwear,22,Connecticut,XL,Black,Winter,4.4,False,Store Pickup,True,True,7,PayPal,Weekly,7,52.142857142857146,1147.14,7,False,176,2,True,False,4.4,False,52.7,Silver,Entry-Point Category
1202,27,Male,Shoes,Footwear,61,Illinois,XL,Black,Summer,3.1,False,2-Day Shipping,True,True,46,Venmo,Fortnightly,14,26.071428571428573,1590.36,46,True,2867,2,True,False,3.1,False,69.1,Gold,Entry-Point Category
1203,48,Male,Scarf,Accessories,29,Maryland,S,Olive,Spring,2.9,False,Standard,True,True,14,Venmo,Every 3 Months,90,4.055555555555555,117.61,14,False,435,2,True,False,2.9,False,20.4,Bronze,Retention Category
1204,40,Male,Sneakers,Footwear,82,Minnesota,M,Orange,Winter,3.7,False,Free Shipping,True,True,23,Bank Transfer,Annually,365,1.0,82.0,23,False,1968,2,True,False,3.7,False,28.8,Bronze,Entry-Point Category
1205,67,Male,Belt,Accessories,94,Florida,M,Pink,Spring,3.2,False,2-Day Shipping,True,True,20,Credit Card,Every 3 Months,90,4.055555555555555,381.22,20,False,1974,2,True,False,3.2,False,38.9,Silver,Retention Category
1206,52,Male,Handbag,Accessories,99,California,M,Olive,Spring,3.5,False,Standard,True,True,38,Bank Transfer,Fortnightly,14,26.071428571428573,2581.07,38,True,3861,2,True,False,3.5,False,76.2,Gold,Retention Category
1207,22,Male,Handbag,Accessories,59,Mississippi,S,Cyan,Fall,3.0,False,Free Shipping,True,True,16,Venmo,Every 3 Months,90,4.055555555555555,239.28,16,False,1003,2,True,False,3.0,False,27.6,Bronze,Retention Category
1208,62,Male,Boots,Footwear,90,Washington,M,White,Summer,4.1,False,Next Day Air,True,True,48,Credit Card,Every 3 Months,90,4.055555555555555,365.0,48,True,4410,2,True,False,4.1,False,62.4,Gold,Entry-Point Category
1209,20,Male,Boots,Footwear,100,Wisconsin,S,Red,Winter,3.8,False,2-Day Shipping,True,True,8,Debit Card,Annually,365,1.0,100.0,8,False,900,2,True,False,3.8,False,23.3,Bronze,Entry-Point Category
1210,41,Male,Pants,Clothing,62,Pennsylvania,M,Blue,Winter,3.8,False,Next Day Air,True,True,16,Bank Transfer,Monthly,30,12.166666666666666,754.33,16,False,1054,2,True,False,3.8,False,47.3,Silver,Entry-Point Category
1211,34,Male,Sunglasses,Accessories,78,Missouri,M,Olive,Fall,4.1,False,Next Day Air,True,True,5,Cash,Quarterly,90,4.055555555555555,316.33,5,False,468,2,True,False,4.1,False,34.3,Silver,Retention Category
1212,23,Male,Hoodie,Clothing,94,Oklahoma,M,Green,Spring,4.6,False,Store Pickup,True,True,14,Venmo,Every 3 Months,90,4.055555555555555,381.22,14,False,1410,2,True,False,4.6,False,46.7,Silver,Entry-Point Category
1213,32,Male,Shoes,Footwear,74,Pennsylvania,M,Yellow,Summer,2.5,False,Free Shipping,True,True,18,Credit Card,Weekly,7,52.142857142857146,3858.57,18,False,1406,2,True,False,2.5,True,58.5,Gold,Entry-Point Category
1214,68,Male,Handbag,Accessories,52,Kentucky,XL,Black,Spring,3.7,False,Express,True,True,14,Debit Card,Every 3 Months,90,4.055555555555555,210.89,14,False,780,2,True,False,3.7,False,30.9,Silver,Retention Category
1215,30,Male,Jacket,Outerwear,81,Vermont,M,Blue,Fall,3.8,False,Free Shipping,True,True,5,Cash,Every 3 Months,90,4.055555555555555,328.5,5,False,486,2,True,False,3.8,False,32.3,Silver,Entry-Point Category
1216,66,Male,Blouse,Clothing,20,Oregon,L,Pink,Winter,2.6,False,2-Day Shipping,True,True,15,Credit Card,Every 3 Months,90,4.055555555555555,81.11,15,False,320,2,True,False,2.6,False,15.1,Bronze,Entry-Point Category
1217,62,Male,Pants,Clothing,32,Utah,XL,Lavender,Summer,3.7,False,Free Shipping,True,True,3,Venmo,Every 3 Months,90,4.055555555555555,129.78,3,False,128,2,True,False,3.7,False,20.7,Bronze,Entry-Point Category
1218,50,Male,Boots,Footwear,63,Nebraska,XL,Cyan,Fall,2.6,False,Free Shipping,True,True,12,Cash,Every 3 Months,90,4.055555555555555,255.5,12,False,819,2,True,False,2.6,False,22.9,Bronze,Entry-Point Category
1219,55,Male,Boots,Footwear,79,Pennsylvania,M,Cyan,Spring,3.1,False,Store Pickup,True,True,43,Cash,Every 3 Months,90,4.055555555555555,320.39,43,True,3476,2,True,False,3.1,False,48.9,Silver,Entry-Point Category
1220,19,Male,Sweater,Clothing,23,Vermont,M,Gold,Winter,2.5,False,Next Day Air,True,True,35,Credit Card,Bi-Weekly,14,26.071428571428573,599.64,35,False,828,2,True,False,2.5,True,46.5,Silver,Entry-Point Category
1221,67,Male,Gloves,Accessories,64,Kentucky,M,Green,Winter,3.8,False,Express,True,True,36,Bank Transfer,Quarterly,90,4.055555555555555,259.56,36,False,2368,2,True,False,3.8,False,47.3,Silver,Retention Category
1222,18,Male,Socks,Clothing,69,Iowa,M,Red,Winter,4.5,False,Standard,True,True,3,Cash,Quarterly,90,4.055555555555555,279.83,3,False,276,2,True,False,4.5,False,34.1,Silver,Entry-Point Category
1223,58,Male,Jeans,Clothing,69,Indiana,L,Magenta,Fall,3.4,False,Store Pickup,True,True,27,Bank Transfer,Annually,365,1.0,69.0,27,False,1932,2,True,False,3.4,False,27.6,Bronze,Entry-Point Category
1224,69,Male,Pants,Clothing,24,Kansas,L,Red,Winter,3.9,False,Free Shipping,True,True,21,Bank Transfer,Weekly,7,52.142857142857146,1251.43,21,False,528,2,True,False,3.9,False,58.0,Gold,Entry-Point Category
1225,62,Male,Shorts,Clothing,50,Illinois,M,Yellow,Summer,3.7,False,Store Pickup,True,True,18,Venmo,Weekly,7,52.142857142857146,2607.14,18,False,950,2,True,False,3.7,False,65.8,Gold,Entry-Point Category
1226,28,Male,Gloves,Accessories,97,North Carolina,S,Turquoise,Fall,2.6,False,Free Shipping,True,True,16,Debit Card,Weekly,7,52.142857142857146,5057.86,16,False,1649,2,True,False,2.6,False,59.8,Gold,Retention Category
1227,53,Male,Sandals,Footwear,91,Ohio,S,Cyan,Fall,3.4,False,Store Pickup,True,True,18,Venmo,Bi-Weekly,14,26.071428571428573,2372.5,18,False,1729,2,True,False,3.4,False,61.4,Gold,Entry-Point Category
1228,27,Male,Blouse,Clothing,37,Illinois,L,Yellow,Spring,4.9,False,Store Pickup,True,True,19,Bank Transfer,Bi-Weekly,14,26.071428571428573,964.64,19,False,740,2,True,False,4.9,False,61.0,Gold,Entry-Point Category
1229,55,Male,Jacket,Outerwear,55,Indiana,S,Yellow,Winter,3.9,False,Express,True,True,1,Cash,Annually,365,1.0,55.0,1,False,110,2,True,False,3.9,False,14.8,Bronze,Entry-Point Category
1230,34,Male,Jewelry,Accessories,52,Kansas,XL,Maroon,Winter,3.6,False,Express,True,True,39,Bank Transfer,Annually,365,1.0,52.0,39,True,2080,2,True,False,3.6,False,34.9,Silver,Retention Category
1231,25,Male,Hat,Accessories,80,Illinois,L,Brown,Spring,3.8,False,Standard,True,True,49,Venmo,Monthly,30,12.166666666666666,973.33,49,True,4000,2,True,False,3.8,False,70.4,Gold,Retention Category
1232,66,Male,Socks,Clothing,79,Pennsylvania,M,Gold,Spring,4.0,False,2-Day Shipping,True,True,43,Credit Card,Fortnightly,14,26.071428571428573,2059.64,43,True,3476,2,True,False,4.0,False,78.6,Gold,Entry-Point Category
1233,57,Male,Handbag,Accessories,23,New York,M,Charcoal,Summer,3.6,False,Free Shipping,True,True,31,Debit Card,Every 3 Months,90,4.055555555555555,93.28,31,False,736,2,True,False,3.6,False,34.4,Silver,Retention Category
1234,46,Male,Pants,Clothing,73,Utah,L,Beige,Winter,3.5,False,Next Day Air,True,True,40,Venmo,Every 3 Months,90,4.055555555555555,296.06,40,True,2993,2,True,False,3.5,False,49.1,Silver,Entry-Point Category
1235,38,Male,Gloves,Accessories,99,New Jersey,M,Indigo,Fall,4.1,False,Store Pickup,True,True,2,Bank Transfer,Bi-Weekly,14,26.071428571428573,2581.07,2,False,297,2,True,False,4.1,False,59.5,Gold,Retention Category
1236,23,Male,Sweater,Clothing,22,Idaho,M,Red,Spring,3.0,False,Store Pickup,True,True,46,PayPal,Every 3 Months,90,4.055555555555555,89.22,46,True,1034,2,True,False,3.0,False,37.8,Silver,Entry-Point Category
1237,42,Male,Hat,Accessories,68,New Mexico,M,White,Summer,4.4,False,Store Pickup,True,True,35,Debit Card,Every 3 Months,90,4.055555555555555,275.78,35,False,2448,2,True,False,4.4,False,52.5,Silver,Retention Category
1238,25,Male,Dress,Clothing,92,Michigan,S,Charcoal,Spring,4.4,False,2-Day Shipping,True,True,42,Credit Card,Quarterly,90,4.055555555555555,373.11,42,True,3956,2,True,False,4.4,False,61.6,Gold,Entry-Point Category
1239,55,Male,Pants,Clothing,77,Wyoming,M,Violet,Winter,3.7,False,Express,True,True,3,Venmo,Fortnightly,14,26.071428571428573,2007.5,3,False,308,2,True,False,3.7,False,51.7,Silver,Entry-Point Category
1240,62,Male,Coat,Outerwear,37,New Jersey,XL,Magenta,Spring,4.8,False,Standard,True,True,32,Debit Card,Every 3 Months,90,4.055555555555555,150.06,32,False,1221,2,True,False,4.8,False,48.3,Silver,Entry-Point Category
1241,41,Male,Scarf,Accessories,79,New Jersey,L,White,Winter,2.9,False,Store Pickup,True,True,48,Debit Card,Annually,365,1.0,79.0,48,True,3871,2,True,False,2.9,False,37.0,Silver,Retention Category
1242,58,Male,Hoodie,Clothing,51,Hawaii,XL,Pink,Winter,3.1,False,Express,True,True,34,Credit Card,Weekly,7,52.142857142857146,2659.29,34,False,1785,2,True,False,3.1,False,71.1,Gold,Entry-Point Category
1243,56,Male,Socks,Clothing,27,Nevada,M,Lavender,Summer,4.0,False,Next Day Air,True,True,15,Bank Transfer,Quarterly,90,4.055555555555555,109.5,15,False,432,2,True,False,4.0,False,29.7,Bronze,Entry-Point Category
1244,25,Male,Blouse,Clothing,23,New Hampshire,S,Pink,Spring,3.0,False,Store Pickup,True,True,22,Debit Card,Annually,365,1.0,23.0,22,False,529,2,True,False,3.0,False,17.2,Bronze,Entry-Point Category
1245,70,Male,Socks,Clothing,76,Indiana,S,Silver,Summer,3.9,False,2-Day Shipping,True,True,2,Cash,Monthly,30,12.166666666666666,924.67,2,False,228,2,True,False,3.9,False,42.1,Silver,Entry-Point Category
1246,42,Male,Dress,Clothing,31,New York,M,Violet,Fall,3.4,False,Standard,True,True,30,Bank Transfer,Weekly,7,52.142857142857146,1616.43,30,False,961,2,True,False,3.4,False,62.2,Gold,Entry-Point Category
1247,27,Male,Hoodie,Clothing,60,Louisiana,M,Charcoal,Winter,2.7,False,Standard,True,True,27,Cash,Monthly,30,12.166666666666666,730.0,27,False,1680,2,True,False,2.7,False,44.9,Silver,Entry-Point Category
1248,65,Male,T-shirt,Clothing,99,Virginia,M,Charcoal,Spring,3.8,False,Express,True,True,18,Venmo,Bi-Weekly,14,26.071428571428573,2581.07,18,False,1881,2,True,False,3.8,False,66.4,Gold,Entry-Point Category
1249,62,Male,Hat,Accessories,37,Wisconsin,XL,Red,Winter,3.0,False,Free Shipping,True,True,8,Credit Card,Annually,365,1.0,37.0,8,False,333,2,True,False,3.0,False,10.2,Bronze,Retention Category
1250,62,Male,Boots,Footwear,50,Oregon,M,Peach,Winter,4.5,False,Express,True,True,48,Venmo,Fortnightly,14,26.071428571428573,1303.57,48,True,2450,2,True,False,4.5,False,79.5,Gold,Entry-Point Category
1251,52,Male,Jeans,Clothing,26,New Hampshire,XL,Purple,Winter,4.1,False,Free Shipping,True,True,24,Cash,Monthly,30,12.166666666666666,316.33,24,False,650,2,True,False,4.1,False,45.6,Silver,Entry-Point Category
1252,56,Male,Shorts,Clothing,86,Indiana,XL,Orange,Spring,5.0,False,Next Day Air,True,True,43,Credit Card,Monthly,30,12.166666666666666,1046.33,43,True,3784,2,True,False,5.0,False,77.2,Gold,Entry-Point Category
1253,28,Male,Sandals,Footwear,41,Massachusetts,L,Magenta,Fall,4.0,False,Standard,True,True,8,Cash,Quarterly,90,4.055555555555555,166.28,8,False,369,2,True,False,4.0,False,28.4,Bronze,Entry-Point Category
1254,39,Male,Sandals,Footwear,23,Montana,XL,Red,Winter,4.9,False,Express,True,True,49,PayPal,Annually,365,1.0,23.0,49,True,1150,2,True,False,4.9,False,48.7,Silver,Entry-Point Category
1255,54,Male,Sneakers,Footwear,56,California,XL,Black,Spring,3.3,False,2-Day Shipping,True,True,2,Credit Card,Bi-Weekly,14,26.071428571428573,1460.0,2,False,168,2,True,False,3.3,False,43.3,Silver,Entry-Point Category
1256,30,Male,Hat,Accessories,68,Indiana,M,Peach,Fall,4.1,False,Standard,True,True,38,Cash,Fortnightly,14,26.071428571428573,1772.86,38,True,2652,2,True,False,4.1,False,74.3,Gold,Retention Category
1257,45,Male,Coat,Outerwear,48,West Virginia,S,Olive,Winter,3.6,False,Express,True,True,4,Cash,Fortnightly,14,26.071428571428573,1251.43,4,False,240,2,True,False,3.6,False,45.4,Silver,Entry-Point Category
1258,68,Male,Dress,Clothing,67,Minnesota,L,Gold,Spring,3.0,False,Free Shipping,True,True,31,Cash,Every 3 Months,90,4.055555555555555,271.72,31,False,2144,2,True,False,3.0,False,38.4,Silver,Entry-Point Category
1259,47,Male,Boots,Footwear,87,Ohio,XL,Gold,Spring,4.1,False,2-Day Shipping,True,True,34,Debit Card,Every 3 Months,90,4.055555555555555,352.83,34,False,3045,2,True,False,4.1,False,53.5,Silver,Entry-Point Category
1260,68,Male,Skirt,Clothing,64,Minnesota,M,Turquoise,Fall,3.9,False,Standard,True,True,45,Credit Card,Monthly,30,12.166666666666666,778.67,45,True,2944,2,True,False,3.9,False,65.9,Gold,Entry-Point Category
1261,63,Male,Shirt,Clothing,93,Virginia,XL,Green,Spring,4.1,False,Store Pickup,True,True,30,Debit Card,Quarterly,90,4.055555555555555,377.17,30,False,2883,2,True,False,4.1,False,52.1,Silver,Entry-Point Category
1262,20,Male,Shirt,Clothing,29,Connecticut,L,Maroon,Summer,2.8,False,Next Day Air,True,True,2,Credit Card,Fortnightly,14,26.071428571428573,756.07,2,False,87,2,True,False,2.8,False,31.0,Silver,Entry-Point Category
1263,29,Male,Boots,Footwear,62,Tennessee,L,Brown,Winter,4.8,False,Store Pickup,True,True,44,Venmo,Monthly,30,12.166666666666666,754.33,44,True,2790,2,True,False,4.8,False,72.1,Gold,Entry-Point Category
1264,41,Male,Hoodie,Clothing,70,Delaware,L,Brown,Winter,4.6,False,2-Day Shipping,True,True,1,Credit Card,Bi-Weekly,14,26.071428571428573,1825.0,1,False,140,2,True,False,4.6,False,56.5,Gold,Entry-Point Category
1265,52,Male,Sweater,Clothing,92,Vermont,S,Blue,Winter,2.5,False,Next Day Air,True,True,1,Venmo,Bi-Weekly,14,26.071428571428573,2398.57,1,False,184,2,True,False,2.5,True,44.6,Silver,Entry-Point Category
1266,32,Male,Shirt,Clothing,79,Louisiana,M,Lavender,Spring,2.7,False,Next Day Air,True,True,27,Bank Transfer,Weekly,7,52.142857142857146,4119.29,27,False,2212,2,True,False,2.7,False,65.7,Gold,Entry-Point Category
1267,20,Male,Blouse,Clothing,31,North Dakota,M,Peach,Fall,4.0,False,Standard,True,True,14,Debit Card,Every 3 Months,90,4.055555555555555,125.72,14,False,465,2,True,False,4.0,False,29.8,Bronze,Entry-Point Category
1268,47,Male,T-shirt,Clothing,83,Oregon,S,Gray,Spring,2.7,False,Standard,True,True,41,Cash,Weekly,7,52.142857142857146,4327.86,41,True,3486,2,True,False,2.7,False,74.5,Gold,Entry-Point Category
1269,23,Male,Jacket,Outerwear,88,Idaho,XL,Charcoal,Winter,2.9,False,Next Day Air,True,True,25,Debit Card,Bi-Weekly,14,26.071428571428573,2294.29,25,False,2288,2,True,False,2.9,False,60.9,Gold,Entry-Point Category
1270,43,Male,Jewelry,Accessories,53,Vermont,M,Lavender,Spring,3.0,False,Standard,True,True,47,PayPal,Quarterly,90,4.055555555555555,214.94,47,True,2544,2,True,False,3.0,False,45.2,Silver,Retention Category
1271,67,Male,Hoodie,Clothing,98,West Virginia,M,Green,Fall,3.3,False,Standard,True,True,20,Cash,Annually,365,1.0,98.0,20,False,2058,2,True,False,3.3,False,26.0,Bronze,Entry-Point Category
1272,70,Male,Jewelry,Accessories,57,Kentucky,S,Gray,Spring,4.3,False,Store Pickup,True,True,42,PayPal,Annually,365,1.0,57.0,42,True,2451,2,True,False,4.3,False,43.0,Silver,Retention Category
1273,35,Male,Sandals,Footwear,80,Wisconsin,M,Orange,Winter,4.4,False,Express,True,True,16,Bank Transfer,Monthly,30,12.166666666666666,973.33,16,False,1360,2,True,False,4.4,False,55.5,Gold,Entry-Point Category
1274,41,Male,Jeans,Clothing,29,Mississippi,L,Silver,Spring,4.1,False,Next Day Air,True,True,32,Credit Card,Every 3 Months,90,4.055555555555555,117.61,32,False,957,2,True,False,4.1,False,41.3,Silver,Entry-Point Category
1275,54,Male,Hat,Accessories,73,Missouri,M,Olive,Spring,3.1,False,2-Day Shipping,True,True,37,PayPal,Quarterly,90,4.055555555555555,296.06,37,False,2774,2,True,False,3.1,False,44.0,Silver,Retention Category
1276,55,Male,Sweater,Clothing,32,Arkansas,S,Turquoise,Fall,4.5,False,Standard,True,True,1,PayPal,Monthly,30,12.166666666666666,389.33,1,False,64,2,True,False,4.5,False,38.6,Silver,Entry-Point Category
1277,51,Male,Boots,Footwear,68,Wyoming,L,Turquoise,Spring,4.8,False,Next Day Air,True,True,37,Bank Transfer,Weekly,7,52.142857142857146,3545.71,37,False,2584,2,True,False,4.8,False,87.9,Platinum,Entry-Point Category
1278,19,Male,Blouse,Clothing,97,Rhode Island,L,Green,Spring,5.0,False,Express,True,True,5,Venmo,Quarterly,90,4.055555555555555,393.39,5,False,582,2,True,False,5.0,False,45.2,Silver,Entry-Point Category
1279,28,Male,Shorts,Clothing,98,Utah,M,Violet,Fall,2.8,False,Next Day Air,True,True,31,Venmo,Fortnightly,14,26.071428571428573,2555.0,31,False,3136,2,True,False,2.8,False,66.1,Gold,Entry-Point Category
1280,63,Male,Hoodie,Clothing,56,Maryland,L,Charcoal,Fall,3.7,False,Express,True,True,18,Debit Card,Annually,365,1.0,56.0,18,False,1064,2,True,False,3.7,False,23.3,Bronze,Entry-Point Category
1281,30,Male,Pants,Clothing,78,Georgia,L,White,Winter,4.4,False,2-Day Shipping,True,True,39,Venmo,Every 3 Months,90,4.055555555555555,316.33,39,True,3120,2,True,False,4.4,False,57.0,Gold,Entry-Point Category
1282,29,Male,Belt,Accessories,81,New Jersey,M,Olive,Spring,4.5,False,Store Pickup,True,True,8,Venmo,Bi-Weekly,14,26.071428571428573,2111.79,8,False,729,2,True,False,4.5,False,62.3,Gold,Retention Category
1283,24,Male,Shirt,Clothing,68,New Hampshire,L,Violet,Winter,3.0,False,Free Shipping,True,True,20,Venmo,Monthly,30,12.166666666666666,827.33,20,False,1428,2,True,False,3.0,False,44.3,Silver,Entry-Point Category
1284,69,Male,Shirt,Clothing,94,Oregon,M,Violet,Winter,3.9,False,2-Day Shipping,True,True,23,Debit Card,Every 3 Months,90,4.055555555555555,381.22,23,False,2256,2,True,False,3.9,False,46.4,Silver,Entry-Point Category
1285,65,Male,Dress,Clothing,93,Arkansas,M,Black,Spring,3.9,False,Express,True,True,38,PayPal,Fortnightly,14,26.071428571428573,2424.64,38,True,3627,2,True,False,3.9,False,78.1,Gold,Entry-Point Category
1286,64,Male,Gloves,Accessories,99,North Carolina,M,Charcoal,Fall,3.5,False,Next Day Air,True,True,45,Bank Transfer,Fortnightly,14,26.071428571428573,2581.07,45,True,4554,2,True,False,3.5,False,80.3,Platinum,Retention Category
1287,40,Male,Gloves,Accessories,49,West Virginia,L,Yellow,Winter,4.9,False,Next Day Air,True,True,44,Debit Card,Fortnightly,14,26.071428571428573,1277.5,44,True,2205,2,True,False,4.9,False,79.9,Gold,Retention Category
1288,24,Male,Jeans,Clothing,28,Utah,XL,Blue,Winter,3.4,False,Standard,True,True,20,PayPal,Monthly,30,12.166666666666666,340.67,20,False,588,2,True,False,3.4,False,38.5,Silver,Entry-Point Category
1289,66,Male,Belt,Accessories,93,South Dakota,XL,Charcoal,Winter,4.1,False,Standard,True,True,34,PayPal,Bi-Weekly,14,26.071428571428573,2424.64,34,False,3255,2,True,False,4.1,False,77.6,Gold,Retention Category
1290,35,Male,Jacket,Outerwear,24,New Hampshire,M,Red,Fall,2.9,False,Next Day Air,True,True,10,PayPal,Weekly,7,52.142857142857146,1251.43,10,False,264,2,True,False,2.9,False,43.2,Silver,Entry-Point Category
1291,67,Male,Skirt,Clothing,35,Maryland,M,Indigo,Spring,3.4,False,Free Shipping,True,True,3,PayPal,Annually,365,1.0,35.0,3,False,140,2,True,False,3.4,False,10.1,Bronze,Entry-Point Category
1292,69,Male,Sandals,Footwear,68,South Dakota,S,Beige,Spring,3.2,False,2-Day Shipping,True,True,23,Debit Card,Fortnightly,14,26.071428571428573,1772.86,23,False,1632,2,True,False,3.2,False,57.8,Gold,Entry-Point Category
1293,26,Male,Belt,Accessories,61,Kentucky,M,Maroon,Summer,3.8,False,Free Shipping,True,True,42,Bank Transfer,Annually,365,1.0,61.0,42,True,2623,2,True,False,3.8,False,39.1,Silver,Retention Category
1294,23,Male,Sweater,Clothing,74,Florida,XL,Yellow,Fall,4.1,False,Standard,True,True,30,Debit Card,Annually,365,1.0,74.0,30,False,2294,2,True,False,4.1,False,35.6,Silver,Entry-Point Category
1295,27,Male,Shirt,Clothing,64,Texas,M,Silver,Summer,4.5,False,Standard,True,True,21,Cash,Every 3 Months,90,4.055555555555555,259.56,21,False,1408,2,True,False,4.5,False,44.0,Silver,Entry-Point Category
1296,30,Male,Sneakers,Footwear,60,New Mexico,M,Olive,Fall,2.8,False,Standard,True,True,50,PayPal,Weekly,7,52.142857142857146,3128.57,50,True,3060,2,True,False,2.8,False,78.7,Gold,Entry-Point Category
1297,48,Male,Jeans,Clothing,29,South Dakota,S,Teal,Spring,2.8,False,Express,True,True,16,Cash,Bi-Weekly,14,26.071428571428573,756.07,16,False,493,2,True,False,2.8,False,39.4,Silver,Entry-Point Category
1298,44,Male,Sandals,Footwear,85,New Jersey,M,Silver,Summer,4.6,False,Standard,True,True,32,Venmo,Annually,365,1.0,85.0,32,False,2805,2,True,False,4.6,False,42.0,Silver,Entry-Point Category
1299,29,Male,Pants,Clothing,81,Indiana,S,Indigo,Summer,3.0,False,Free Shipping,True,True,14,Bank Transfer,Fortnightly,14,26.071428571428573,2111.79,14,False,1215,2,True,False,3.0,False,53.5,Silver,Entry-Point Category
1300,29,Male,Belt,Accessories,23,Louisiana,L,Teal,Fall,3.6,False,2-Day Shipping,True,True,42,Venmo,Bi-Weekly,14,26.071428571428573,599.64,42,True,989,2,True,False,3.6,False,59.1,Gold,Retention Category
1301,67,Male,T-shirt,Clothing,100,West Virginia,M,Charcoal,Spring,4.5,False,Next Day Air,True,True,47,Credit Card,Every 3 Months,90,4.055555555555555,405.56,47,True,4800,2,True,False,4.5,False,67.2,Gold,Entry-Point Category
1302,42,Male,Shirt,Clothing,54,Maine,M,Orange,Fall,5.0,False,Express,True,True,21,Debit Card,Weekly,7,52.142857142857146,2815.71,21,False,1188,2,True,False,5.0,False,78.5,Gold,Entry-Point Category
1303,23,Male,Sneakers,Footwear,25,Idaho,M,Gold,Fall,2.9,False,Next Day Air,True,True,37,Credit Card,Monthly,30,12.166666666666666,304.17,37,False,950,2,True,False,2.9,False,42.8,Silver,Entry-Point Category
1304,34,Male,Blouse,Clothing,32,New York,L,Silver,Summer,3.1,False,Next Day Air,True,True,10,Credit Card,Annually,365,1.0,32.0,10,False,352,2,True,False,3.1,False,11.6,Bronze,Entry-Point Category
1305,64,Male,Backpack,Accessories,63,Montana,S,Orange,Spring,4.0,False,2-Day Shipping,True,True,18,PayPal,Every 3 Months,90,4.055555555555555,255.5,18,False,1197,2,True,False,4.0,False,37.7,Silver,Retention Category
1306,31,Male,Pants,Clothing,56,Mississippi,XL,Peach,Spring,4.5,False,Express,True,True,2,PayPal,Every 3 Months,90,4.055555555555555,227.11,2,False,168,2,True,False,4.5,False,30.8,Silver,Entry-Point Category
1307,54,Male,Sweater,Clothing,33,Alaska,L,Brown,Winter,4.5,False,Next Day Air,True,True,40,PayPal,Annually,365,1.0,33.0,40,True,1353,2,True,False,4.5,False,41.2,Silver,Entry-Point Category
1308,23,Male,Coat,Outerwear,32,Missouri,L,Black,Summer,3.1,False,Express,True,True,43,PayPal,Annually,365,1.0,32.0,43,True,1408,2,True,False,3.1,False,31.4,Silver,Entry-Point Category
1309,59,Male,Dress,Clothing,38,Rhode Island,L,Red,Summer,4.4,False,Next Day Air,True,True,14,Credit Card,Every 3 Months,90,4.055555555555555,154.11,14,False,570,2,True,False,4.4,False,34.5,Silver,Entry-Point Category
1310,32,Male,Blouse,Clothing,21,Hawaii,L,Lavender,Summer,4.7,False,Store Pickup,True,True,41,Cash,Quarterly,90,4.055555555555555,85.17,41,True,882,2,True,False,4.7,False,48.2,Silver,Entry-Point Category
1311,43,Male,Hoodie,Clothing,59,South Carolina,L,Brown,Winter,3.1,False,Store Pickup,True,True,38,Credit Card,Every 3 Months,90,4.055555555555555,239.28,38,True,2301,2,True,False,3.1,False,41.7,Silver,Entry-Point Category
1312,32,Male,Shoes,Footwear,87,Tennessee,M,Maroon,Fall,4.2,False,Express,True,True,12,Venmo,Annually,365,1.0,87.0,12,False,1131,2,True,False,4.2,False,27.1,Bronze,Entry-Point Category
1313,66,Male,T-shirt,Clothing,79,Missouri,M,Violet,Winter,3.0,False,Store Pickup,True,True,19,Bank Transfer,Monthly,30,12.166666666666666,961.17,19,False,1580,2,True,False,3.0,False,45.6,Silver,Entry-Point Category
1314,70,Male,Shoes,Footwear,28,Missouri,M,Lavender,Summer,3.8,False,Free Shipping,True,True,23,Credit Card,Bi-Weekly,14,26.071428571428573,730.0,23,False,672,2,True,False,3.8,False,51.2,Silver,Entry-Point Category
1315,42,Male,Boots,Footwear,67,Missouri,S,Magenta,Summer,3.4,False,Free Shipping,True,True,49,Debit Card,Annually,365,1.0,67.0,49,True,3350,2,True,False,3.4,False,40.6,Silver,Entry-Point Category
1316,56,Male,Shorts,Clothing,75,Mississippi,L,Green,Spring,4.2,False,2-Day Shipping,True,True,29,Debit Card,Quarterly,90,4.055555555555555,304.17,29,False,2250,2,True,False,4.2,False,48.7,Silver,Entry-Point Category
1317,28,Male,Belt,Accessories,32,Arkansas,S,Lavender,Spring,4.6,False,Standard,True,True,14,Debit Card,Bi-Weekly,14,26.071428571428573,834.29,14,False,480,2,True,False,4.6,False,53.9,Silver,Retention Category
1318,28,Male,Pants,Clothing,43,Kentucky,M,Green,Spring,2.8,False,Free Shipping,True,True,19,Cash,Monthly,30,12.166666666666666,523.17,19,False,860,2,True,False,2.8,False,37.7,Silver,Entry-Point Category
1319,52,Male,Shorts,Clothing,93,Connecticut,M,Maroon,Spring,2.7,False,Express,True,True,19,Credit Card,Bi-Weekly,14,26.071428571428573,2424.64,19,False,1860,2,True,False,2.7,False,56.9,Gold,Entry-Point Category
1320,65,Male,Sunglasses,Accessories,24,Oklahoma,M,Magenta,Spring,4.0,False,Standard,True,True,48,Bank Transfer,Weekly,7,52.142857142857146,1251.43,48,True,1176,2,True,False,4.0,False,75.1,Gold,Retention Category
1321,56,Male,Hat,Accessories,31,California,XL,Teal,Fall,3.1,False,Free Shipping,True,True,19,Debit Card,Annually,365,1.0,31.0,19,False,620,2,True,False,3.1,False,16.8,Bronze,Retention Category
1322,59,Male,T-shirt,Clothing,84,Missouri,L,Orange,Winter,3.7,False,Express,True,True,45,Bank Transfer,Every 3 Months,90,4.055555555555555,340.67,45,True,3864,2,True,False,3.7,False,55.9,Gold,Entry-Point Category
1323,23,Male,Pants,Clothing,74,Washington,M,Violet,Winter,4.0,False,Next Day Air,True,True,17,Bank Transfer,Quarterly,90,4.055555555555555,300.11,17,False,1332,2,True,False,4.0,False,39.5,Silver,Entry-Point Category
1324,58,Male,Shorts,Clothing,62,New York,M,Yellow,Spring,4.6,False,Standard,True,True,15,Debit Card,Every 3 Months,90,4.055555555555555,251.44,15,False,992,2,True,False,4.6,False,40.6,Silver,Entry-Point Category
1325,39,Male,Jewelry,Accessories,77,Indiana,S,Orange,Summer,3.8,False,Free Shipping,True,True,11,Credit Card,Fortnightly,14,26.071428571428573,2007.5,11,False,924,2,True,False,3.8,False,57.4,Gold,Retention Category
1326,28,Male,Backpack,Accessories,73,Oregon,L,Gold,Summer,3.5,False,Express,True,True,1,Cash,Monthly,30,12.166666666666666,888.17,1,False,146,2,True,False,3.5,False,37.9,Silver,Retention Category
1327,40,Male,Shoes,Footwear,50,Texas,M,Indigo,Spring,3.8,False,Free Shipping,True,True,17,Cash,Monthly,30,12.166666666666666,608.33,17,False,900,2,True,False,3.8,False,45.8,Silver,Entry-Point Category
1328,52,Male,Coat,Outerwear,40,Florida,M,Turquoise,Winter,2.8,False,Standard,True,True,37,Cash,Weekly,7,52.142857142857146,2085.71,37,False,1520,2,True,False,2.8,False,65.6,Gold,Entry-Point Category
1329,37,Male,Sweater,Clothing,97,Rhode Island,M,Orange,Winter,3.7,False,Standard,True,True,40,Bank Transfer,Weekly,7,52.142857142857146,5057.86,40,True,3977,2,True,False,3.7,False,83.1,Platinum,Entry-Point Category
1330,70,Male,Gloves,Accessories,63,Texas,M,Indigo,Fall,3.3,False,Express,True,True,50,PayPal,Every 3 Months,90,4.055555555555555,255.5,50,True,3213,2,True,False,3.3,False,51.2,Silver,Retention Category
1331,30,Male,Handbag,Accessories,65,Vermont,M,Charcoal,Fall,2.9,False,Standard,True,True,20,PayPal,Bi-Weekly,14,26.071428571428573,1694.64,20,False,1365,2,True,False,2.9,False,52.7,Silver,Retention Category
1332,38,Male,Socks,Clothing,91,Maryland,M,Lavender,Spring,3.2,False,Standard,True,True,8,PayPal,Bi-Weekly,14,26.071428571428573,2372.5,8,False,819,2,True,False,3.2,False,54.1,Silver,Entry-Point Category
1333,66,Male,Hoodie,Clothing,60,Alaska,S,Gold,Spring,4.3,False,Store Pickup,True,True,16,Bank Transfer,Quarterly,90,4.055555555555555,243.33,16,False,1020,2,True,False,4.3,False,38.5,Silver,Entry-Point Category
1334,29,Male,Pants,Clothing,69,Idaho,M,Lavender,Winter,2.7,False,Next Day Air,True,True,9,Bank Transfer,Quarterly,90,4.055555555555555,279.83,9,False,690,2,True,False,2.7,False,23.2,Bronze,Entry-Point Category
1335,46,Male,Coat,Outerwear,52,West Virginia,S,White,Spring,3.8,False,Store Pickup,True,True,12,Venmo,Monthly,30,12.166666666666666,632.67,12,False,676,2,True,False,3.8,False,43.3,Silver,Entry-Point Category
1336,56,Male,Boots,Footwear,49,Nevada,M,Lavender,Fall,4.8,False,2-Day Shipping,True,True,26,Credit Card,Weekly,7,52.142857142857146,2555.0,26,False,1323,2,True,False,4.8,False,79.2,Gold,Entry-Point Category
1337,23,Male,Sneakers,Footwear,85,Oregon,M,Charcoal,Spring,4.8,False,Store Pickup,True,True,44,Debit Card,Fortnightly,14,26.071428571428573,2216.07,44,True,3825,2,True,False,4.8,False,86.9,Platinum,Entry-Point Category
1338,37,Male,Sweater,Clothing,86,Tennessee,L,Silver,Spring,3.4,False,Express,True,True,19,Credit Card,Bi-Weekly,14,26.071428571428573,2242.14,19,False,1720,2,True,False,3.4,False,60.8,Gold,Entry-Point Category
1339,56,Male,Handbag,Accessories,51,Alabama,S,Yellow,Winter,2.6,False,Standard,True,True,43,PayPal,Fortnightly,14,26.071428571428573,1329.64,43,True,2244,2,True,False,2.6,False,61.3,Gold,Retention Category
1340,36,Male,Belt,Accessories,56,Indiana,L,Olive,Winter,5.0,False,Next Day Air,True,True,5,Bank Transfer,Every 3 Months,90,4.055555555555555,227.11,5,False,336,2,True,False,5.0,False,36.5,Silver,Retention Category
1341,40,Male,Belt,Accessories,72,Idaho,M,Peach,Fall,4.4,False,Next Day Air,True,True,5,Debit Card,Every 3 Months,90,4.055555555555555,292.0,5,False,432,2,True,False,4.4,False,35.3,Silver,Retention Category
1342,26,Male,Hoodie,Clothing,27,Rhode Island,XL,Yellow,Fall,3.8,False,Standard,True,True,31,Bank Transfer,Quarterly,90,4.055555555555555,109.5,31,False,864,2,True,False,3.8,False,37.6,Silver,Entry-Point Category
1343,57,Male,Sunglasses,Accessories,43,Arizona,XL,Yellow,Summer,3.4,False,2-Day Shipping,True,True,11,Bank Transfer,Monthly,30,12.166666666666666,523.17,11,False,516,2,True,False,3.4,False,37.8,Silver,Retention Category
1344,68,Male,Sneakers,Footwear,56,Florida,M,Indigo,Spring,3.4,False,Standard,True,True,34,Bank Transfer,Monthly,30,12.166666666666666,681.33,34,False,1960,2,True,False,3.4,False,54.3,Silver,Entry-Point Category
1345,56,Male,T-shirt,Clothing,37,New York,S,Violet,Fall,4.9,False,Next Day Air,True,True,14,Cash,Annually,365,1.0,37.0,14,False,555,2,True,False,4.9,False,29.0,Bronze,Entry-Point Category
1346,40,Male,Dress,Clothing,21,Nebraska,M,White,Fall,3.6,False,Standard,True,True,42,Venmo,Weekly,7,52.142857142857146,1095.0,42,True,903,2,True,False,3.6,False,66.1,Gold,Entry-Point Category
1347,44,Male,Hoodie,Clothing,91,Mississippi,L,White,Winter,3.0,False,Free Shipping,True,True,15,Venmo,Bi-Weekly,14,26.071428571428573,2372.5,15,False,1456,2,True,False,3.0,False,56.6,Gold,Entry-Point Category
1348,44,Male,Sweater,Clothing,95,Vermont,M,Cyan,Summer,3.9,False,2-Day Shipping,True,True,47,Bank Transfer,Monthly,30,12.166666666666666,1155.83,47,True,4560,2,True,False,3.9,False,72.5,Gold,Entry-Point Category
1349,19,Male,Belt,Accessories,54,Nebraska,XL,Purple,Spring,3.2,False,Standard,True,True,23,Credit Card,Fortnightly,14,26.071428571428573,1407.86,23,False,1296,2,True,False,3.2,False,54.7,Silver,Retention Category
1350,21,Male,Socks,Clothing,36,South Carolina,XL,Black,Spring,3.2,False,Next Day Air,True,True,23,Cash,Bi-Weekly,14,26.071428571428573,938.57,23,False,864,2,True,False,3.2,False,49.3,Silver,Entry-Point Category
1351,31,Male,Sunglasses,Accessories,71,Delaware,M,Orange,Fall,4.3,False,Next Day Air,True,True,1,Cash,Every 3 Months,90,4.055555555555555,287.94,1,False,142,2,True,False,4.3,False,31.7,Silver,Retention Category
1352,30,Male,Coat,Outerwear,31,Vermont,L,Maroon,Summer,2.8,False,2-Day Shipping,True,True,28,Bank Transfer,Quarterly,90,4.055555555555555,125.72,28,False,899,2,True,False,2.8,False,28.4,Bronze,Entry-Point Category
1353,65,Male,Hat,Accessories,89,Indiana,XL,Orange,Spring,4.5,False,Next Day Air,True,True,37,Credit Card,Bi-Weekly,14,26.071428571428573,2320.36,37,False,3382,2,True,False,4.5,False,81.4,Platinum,Retention Category
1354,39,Male,Pants,Clothing,83,Oregon,M,Teal,Winter,4.1,False,Next Day Air,True,True,4,Cash,Every 3 Months,90,4.055555555555555,336.61,4,False,415,2,True,False,4.1,False,34.6,Silver,Entry-Point Category
1355,64,Male,Backpack,Accessories,42,Maryland,M,Gray,Spring,3.6,False,2-Day Shipping,True,True,21,Bank Transfer,Quarterly,90,4.055555555555555,170.33,21,False,924,2,True,False,3.6,False,32.9,Silver,Retention Category
1356,59,Male,Shorts,Clothing,91,Florida,M,Blue,Summer,3.0,False,2-Day Shipping,True,True,50,PayPal,Bi-Weekly,14,26.071428571428573,2372.5,50,True,4641,2,True,False,3.0,False,77.5,Gold,Entry-Point Category
1357,49,Male,Jacket,Outerwear,61,Indiana,M,Cyan,Spring,4.0,False,Free Shipping,True,True,34,Bank Transfer,Annually,365,1.0,61.0,34,False,2135,2,True,False,4.0,False,36.3,Silver,Entry-Point Category
1358,24,Male,Backpack,Accessories,66,Texas,S,Red,Summer,3.5,False,Next Day Air,True,True,20,Cash,Quarterly,90,4.055555555555555,267.67,20,False,1386,2,True,False,3.5,False,35.5,Silver,Retention Category
1359,19,Male,Scarf,Accessories,22,Nebraska,XL,Pink,Spring,2.5,False,Store Pickup,True,True,25,Venmo,Every 3 Months,90,4.055555555555555,89.22,25,False,572,2,True,False,2.5,True,21.6,Bronze,Retention Category
1360,27,Male,Hoodie,Clothing,68,North Carolina,S,Cyan,Winter,4.3,False,Store Pickup,True,True,26,Bank Transfer,Fortnightly,14,26.071428571428573,1772.86,26,False,1836,2,True,False,4.3,False,68.7,Gold,Entry-Point Category
1361,56,Male,Skirt,Clothing,43,Alabama,L,Black,Fall,2.8,False,Express,True,True,4,Bank Transfer,Annually,365,1.0,43.0,4,False,215,2,True,False,2.8,False,6.7,Bronze,Entry-Point Category
1362,49,Male,Dress,Clothing,32,Alabama,M,Beige,Fall,3.7,False,Next Day Air,True,True,39,Debit Card,Monthly,30,12.166666666666666,389.33,39,True,1280,2,True,False,3.7,False,54.8,Silver,Entry-Point Category
1363,41,Male,Coat,Outerwear,46,Colorado,M,Gray,Fall,4.3,False,Express,True,True,29,Cash,Weekly,7,52.142857142857146,2398.57,29,False,1380,2,True,False,4.3,False,75.8,Gold,Entry-Point Category
1364,36,Male,Blouse,Clothing,90,Wisconsin,L,Red,Summer,4.0,False,Express,True,True,47,PayPal,Quarterly,90,4.055555555555555,365.0,47,True,4320,2,True,False,4.0,False,60.8,Gold,Entry-Point Category
1365,68,Male,Hat,Accessories,75,Delaware,L,Yellow,Fall,4.7,False,Express,True,True,5,Cash,Every 3 Months,90,4.055555555555555,304.17,5,False,450,2,True,False,4.7,False,38.4,Silver,Retention Category
1366,28,Male,Handbag,Accessories,69,Indiana,M,Magenta,Winter,4.5,False,Store Pickup,True,True,18,Bank Transfer,Fortnightly,14,26.071428571428573,1798.93,18,False,1311,2,True,False,4.5,False,65.6,Gold,Retention Category
1367,45,Male,Belt,Accessories,40,Iowa,M,Magenta,Fall,3.1,False,Free Shipping,True,True,10,Credit Card,Fortnightly,14,26.071428571428573,1042.86,10,False,440,2,True,False,3.1,False,42.1,Silver,Retention Category
1368,60,Male,Belt,Accessories,63,Iowa,S,Black,Fall,3.8,False,Express,True,True,25,Cash,Quarterly,90,4.055555555555555,255.5,25,False,1638,2,True,False,3.8,False,40.4,Silver,Retention Category
1369,21,Male,Shirt,Clothing,36,Wisconsin,L,Orange,Summer,4.9,False,Express,True,True,2,Cash,Weekly,7,52.142857142857146,1877.14,2,False,108,2,True,False,4.9,False,59.9,Gold,Entry-Point Category
1370,32,Male,Shoes,Footwear,75,Iowa,M,Green,Winter,3.2,False,Standard,True,True,48,Venmo,Fortnightly,14,26.071428571428573,1955.36,48,True,3675,2,True,False,3.2,False,74.4,Gold,Entry-Point Category
1371,27,Male,Scarf,Accessories,67,Montana,L,Peach,Summer,3.8,False,2-Day Shipping,True,True,41,Bank Transfer,Every 3 Months,90,4.055555555555555,271.72,41,True,2814,2,True,False,3.8,False,50.8,Silver,Retention Category
1372,40,Male,Pants,Clothing,64,Mississippi,M,Charcoal,Spring,2.8,False,Store Pickup,True,True,42,Credit Card,Monthly,30,12.166666666666666,778.67,42,True,2752,2,True,False,2.8,False,55.3,Gold,Entry-Point Category
1373,64,Male,Blouse,Clothing,61,Michigan,M,Gray,Fall,4.0,False,2-Day Shipping,True,True,44,PayPal,Bi-Weekly,14,26.071428571428573,1590.36,44,True,2745,2,True,False,4.0,False,75.2,Gold,Entry-Point Category
1374,18,Male,Gloves,Accessories,40,Virginia,L,Turquoise,Winter,2.6,False,Store Pickup,True,True,6,Cash,Quarterly,90,4.055555555555555,162.22,6,False,280,2,True,False,2.6,False,15.7,Bronze,Retention Category
1375,22,Male,Handbag,Accessories,97,New York,M,Red,Fall,2.7,False,Free Shipping,True,True,5,Bank Transfer,Quarterly,90,4.055555555555555,393.39,5,False,582,2,True,False,2.7,False,26.9,Bronze,Retention Category
1376,42,Male,Sneakers,Footwear,31,Maine,L,Brown,Spring,4.1,False,2-Day Shipping,True,True,8,Credit Card,Annually,365,1.0,31.0,8,False,279,2,True,False,4.1,False,18.7,Bronze,Entry-Point Category
1377,57,Male,Sandals,Footwear,65,New Jersey,L,Pink,Spring,5.0,False,Free Shipping,True,True,24,PayPal,Annually,365,1.0,65.0,24,False,1625,2,True,False,5.0,False,38.1,Silver,Entry-Point Category
1378,33,Male,Sunglasses,Accessories,54,Maryland,L,Olive,Spring,3.0,False,Next Day Air,True,True,42,Venmo,Monthly,30,12.166666666666666,657.0,42,True,2322,2,True,False,3.0,False,55.4,Gold,Retention Category
1379,37,Male,Jacket,Outerwear,49,Kentucky,XL,Lavender,Fall,3.6,False,Free Shipping,True,True,24,Venmo,Weekly,7,52.142857142857146,2555.0,24,False,1225,2,True,False,3.6,False,68.3,Gold,Entry-Point Category
1380,21,Male,T-shirt,Clothing,64,Minnesota,L,Purple,Fall,2.8,False,2-Day Shipping,True,True,38,Venmo,Bi-Weekly,14,26.071428571428573,1668.57,38,True,2496,2,True,False,2.8,False,62.6,Gold,Entry-Point Category
1381,51,Male,Sneakers,Footwear,35,Massachusetts,S,Beige,Winter,4.6,False,Standard,True,True,41,Cash,Fortnightly,14,26.071428571428573,912.5,41,True,1470,2,True,False,4.6,False,71.1,Gold,Entry-Point Category
1382,30,Male,Shoes,Footwear,86,Illinois,L,Green,Winter,2.9,False,Standard,True,True,48,Venmo,Quarterly,90,4.055555555555555,348.78,48,True,4214,2,True,False,2.9,False,51.7,Silver,Entry-Point Category
1383,68,Male,Jacket,Outerwear,55,Michigan,L,Brown,Winter,4.8,False,Express,True,True,16,Bank Transfer,Quarterly,90,4.055555555555555,223.06,16,False,935,2,True,False,4.8,False,41.4,Silver,Entry-Point Category
1384,36,Male,Scarf,Accessories,58,Wisconsin,M,Beige,Spring,3.3,False,Express,True,True,4,Venmo,Monthly,30,12.166666666666666,705.67,4,False,290,2,True,False,3.3,False,35.7,Silver,Retention Category
1385,46,Male,Sneakers,Footwear,96,Alaska,M,Beige,Fall,4.6,False,Standard,True,True,8,Bank Transfer,Weekly,7,52.142857142857146,5005.71,8,False,864,2,True,False,4.6,False,71.2,Gold,Entry-Point Category
1386,41,Male,Jewelry,Accessories,64,Mississippi,M,Indigo,Fall,2.6,False,Store Pickup,True,True,1,Bank Transfer,Bi-Weekly,14,26.071428571428573,1668.57,1,False,128,2,True,False,2.6,False,38.8,Silver,Retention Category
1387,68,Male,Jacket,Outerwear,56,Oregon,M,Silver,Fall,4.0,False,Next Day Air,True,True,4,Debit Card,Quarterly,90,4.055555555555555,227.11,4,False,280,2,True,False,4.0,False,28.1,Bronze,Entry-Point Category
1388,21,Male,Blouse,Clothing,85,Maryland,M,Gold,Winter,3.8,False,Standard,True,True,20,Credit Card,Monthly,30,12.166666666666666,1034.17,20,False,1785,2,True,False,3.8,False,53.6,Silver,Entry-Point Category
1389,62,Male,Dress,Clothing,23,Arkansas,M,Lavender,Spring,3.9,False,Express,True,True,40,Cash,Quarterly,90,4.055555555555555,93.28,40,True,943,2,True,False,3.9,False,42.2,Silver,Entry-Point Category
1390,59,Male,Scarf,Accessories,72,Illinois,L,Orange,Fall,2.6,False,Store Pickup,True,True,8,Debit Card,Fortnightly,14,26.071428571428573,1877.14,8,False,648,2,True,False,2.6,False,45.2,Silver,Retention Category
1391,25,Male,Hat,Accessories,38,Arkansas,M,Maroon,Summer,4.3,False,Standard,True,True,42,Debit Card,Weekly,7,52.142857142857146,1981.43,42,True,1634,2,True,False,4.3,False,80.0,Platinum,Retention Category
1392,53,Male,Blouse,Clothing,29,Mississippi,S,White,Winter,3.6,False,Express,True,True,38,Credit Card,Annually,365,1.0,29.0,38,True,1131,2,True,False,3.6,False,32.2,Silver,Entry-Point Category
1393,31,Male,Gloves,Accessories,46,Arkansas,M,Yellow,Spring,4.2,False,Express,True,True,34,Venmo,Every 3 Months,90,4.055555555555555,186.56,34,False,1610,2,True,False,4.2,False,46.5,Silver,Retention Category
1394,46,Male,Gloves,Accessories,58,Idaho,L,Yellow,Spring,3.9,False,Express,True,True,14,PayPal,Fortnightly,14,26.071428571428573,1512.14,14,False,870,2,True,False,3.9,False,55.9,Gold,Retention Category
1395,26,Male,Coat,Outerwear,43,Iowa,L,Magenta,Fall,4.7,False,Next Day Air,True,True,39,Cash,Weekly,7,52.142857142857146,2242.14,39,True,1720,2,True,False,4.7,False,83.5,Platinum,Entry-Point Category
1396,47,Male,Scarf,Accessories,32,West Virginia,L,Turquoise,Spring,2.8,False,Next Day Air,True,True,40,PayPal,Bi-Weekly,14,26.071428571428573,834.29,40,True,1312,2,True,False,2.8,False,55.0,Gold,Retention Category
1397,37,Male,Pants,Clothing,30,Wisconsin,XL,Lavender,Winter,3.0,False,Next Day Air,True,True,49,Debit Card,Monthly,30,12.166666666666666,365.0,49,True,1500,2,True,False,3.0,False,53.9,Silver,Entry-Point Category
1398,55,Male,Sunglasses,Accessories,67,Massachusetts,S,Magenta,Summer,4.7,False,Store Pickup,True,True,33,PayPal,Annually,365,1.0,67.0,33,False,2278,2,True,False,4.7,False,41.8,Silver,Retention Category
1399,30,Male,Dress,Clothing,45,Texas,M,Cyan,Summer,2.5,False,Free Shipping,True,True,25,Credit Card,Weekly,7,52.142857142857146,2346.43,25,False,1170,2,True,False,2.5,True,58.5,Gold,Entry-Point Category
1400,19,Male,Hat,Accessories,81,Nebraska,M,Olive,Winter,3.1,False,Store Pickup,True,True,48,Venmo,Annually,365,1.0,81.0,48,True,3969,2,True,False,3.1,False,38.7,Silver,Retention Category
1401,36,Male,Backpack,Accessories,23,Nevada,M,Red,Fall,3.6,False,Next Day Air,True,True,22,Credit Card,Every 3 Months,90,4.055555555555555,93.28,22,False,529,2,True,False,3.6,False,28.9,Bronze,Retention Category
1402,23,Male,Sandals,Footwear,59,Indiana,M,Blue,Fall,3.5,False,2-Day Shipping,True,True,1,PayPal,Weekly,7,52.142857142857146,3076.43,1,False,118,2,True,False,3.5,False,55.0,Gold,Entry-Point Category
1403,62,Male,Sunglasses,Accessories,21,North Dakota,L,White,Summer,3.1,False,Express,True,True,47,PayPal,Monthly,30,12.166666666666666,255.5,47,True,1008,2,True,False,3.1,False,47.9,Silver,Retention Category
1404,26,Male,Backpack,Accessories,20,Georgia,M,Peach,Spring,3.6,False,Store Pickup,True,True,20,Credit Card,Bi-Weekly,14,26.071428571428573,521.43,20,False,420,2,True,False,3.6,False,44.6,Silver,Retention Category
1405,36,Male,Jewelry,Accessories,28,New Mexico,M,Charcoal,Winter,3.5,False,Next Day Air,True,True,10,Debit Card,Weekly,7,52.142857142857146,1460.0,10,False,308,2,True,False,3.5,False,49.8,Silver,Retention Category
1406,33,Male,Socks,Clothing,100,New Hampshire,M,Peach,Winter,2.7,False,Store Pickup,True,True,39,Credit Card,Monthly,30,12.166666666666666,1216.67,39,True,4000,2,True,False,2.7,False,58.8,Gold,Entry-Point Category
1407,32,Male,Shirt,Clothing,46,Washington,L,Turquoise,Spring,3.6,False,Express,True,True,15,Debit Card,Monthly,30,12.166666666666666,559.67,15,False,736,2,True,False,3.6,False,42.3,Silver,Entry-Point Category
1408,56,Male,Handbag,Accessories,61,Nevada,XL,Charcoal,Spring,4.5,False,Express,True,True,11,Credit Card,Annually,365,1.0,61.0,11,False,732,2,True,False,4.5,False,26.2,Bronze,Retention Category
1409,58,Male,Blouse,Clothing,58,Maine,M,Yellow,Winter,4.1,False,Free Shipping,True,True,38,Venmo,Weekly,7,52.142857142857146,3024.29,38,True,2262,2,True,False,4.1,False,82.1,Platinum,Entry-Point Category
1410,34,Male,Backpack,Accessories,50,Idaho,M,Blue,Spring,4.2,False,Standard,True,True,41,Cash,Fortnightly,14,26.071428571428573,1303.57,41,True,2100,2,True,False,4.2,False,72.9,Gold,Retention Category
1411,61,Male,Hat,Accessories,93,Tennessee,M,Purple,Summer,4.0,False,Store Pickup,True,True,18,Debit Card,Annually,365,1.0,93.0,18,False,1767,2,True,False,4.0,False,29.5,Bronze,Retention Category
1412,48,Male,Skirt,Clothing,24,Louisiana,L,Green,Summer,2.8,False,Store Pickup,True,True,13,Venmo,Quarterly,90,4.055555555555555,97.33,13,False,336,2,True,False,2.8,False,17.8,Bronze,Entry-Point Category
1413,25,Male,Shorts,Clothing,100,Michigan,M,Charcoal,Summer,2.6,False,2-Day Shipping,True,True,43,Venmo,Annually,365,1.0,100.0,43,True,4400,2,True,False,2.6,False,34.5,Silver,Entry-Point Category
1414,51,Male,Blouse,Clothing,79,New Hampshire,S,Indigo,Fall,2.7,False,Store Pickup,True,True,12,Bank Transfer,Quarterly,90,4.055555555555555,320.39,12,False,1027,2,True,False,2.7,False,27.2,Bronze,Entry-Point Category
1415,29,Male,Socks,Clothing,51,Minnesota,M,Black,Summer,4.5,False,Store Pickup,True,True,3,Credit Card,Bi-Weekly,14,26.071428571428573,1329.64,3,False,204,2,True,False,4.5,False,52.7,Silver,Entry-Point Category
1416,54,Male,Belt,Accessories,90,Illinois,M,Blue,Winter,3.7,False,Free Shipping,True,True,12,Credit Card,Every 3 Months,90,4.055555555555555,365.0,12,False,1170,2,True,False,3.7,False,37.3,Silver,Retention Category
1417,48,Male,Boots,Footwear,56,Idaho,L,Silver,Summer,3.4,False,Free Shipping,True,True,46,Cash,Quarterly,90,4.055555555555555,227.11,46,True,2632,2,True,False,3.4,False,48.2,Silver,Entry-Point Category
1418,62,Male,Shorts,Clothing,25,Montana,S,Brown,Spring,4.6,False,Standard,True,True,21,Debit Card,Fortnightly,14,26.071428571428573,651.79,21,False,550,2,True,False,4.6,False,55.6,Gold,Entry-Point Category
1419,18,Male,Shirt,Clothing,75,Alabama,M,Violet,Summer,4.1,False,2-Day Shipping,True,True,23,Venmo,Every 3 Months,90,4.055555555555555,304.17,23,False,1800,2,True,False,4.1,False,44.2,Silver,Entry-Point Category
1420,43,Male,Handbag,Accessories,75,Montana,M,Orange,Summer,2.6,False,Free Shipping,True,True,4,Debit Card,Quarterly,90,4.055555555555555,304.17,4,False,375,2,True,False,2.6,False,20.7,Bronze,Retention Category
1421,22,Male,Jeans,Clothing,53,California,XL,Gray,Summer,4.6,False,Store Pickup,True,True,45,PayPal,Every 3 Months,90,4.055555555555555,214.94,45,True,2438,2,True,False,4.6,False,56.9,Gold,Entry-Point Category
1422,68,Male,Dress,Clothing,100,Pennsylvania,S,Gold,Spring,3.0,False,Standard,True,True,24,Bank Transfer,Fortnightly,14,26.071428571428573,2607.14,24,False,2500,2,True,False,3.0,False,63.9,Gold,Entry-Point Category
1423,44,Male,Dress,Clothing,27,Texas,L,Charcoal,Fall,3.4,False,Free Shipping,True,True,3,PayPal,Bi-Weekly,14,26.071428571428573,703.93,3,False,108,2,True,False,3.4,False,35.7,Silver,Entry-Point Category
1424,51,Male,Sandals,Footwear,60,Michigan,S,Black,Fall,3.5,False,Free Shipping,True,True,12,Venmo,Every 3 Months,90,4.055555555555555,243.33,12,False,780,2,True,False,3.5,False,29.6,Bronze,Entry-Point Category
1425,66,Male,Jacket,Outerwear,23,Connecticut,S,Indigo,Fall,3.5,False,Standard,True,True,34,Bank Transfer,Every 3 Months,90,4.055555555555555,93.28,34,False,805,2,True,False,3.5,False,35.5,Silver,Entry-Point Category
1426,59,Male,Coat,Outerwear,40,Wyoming,S,White,Winter,3.7,False,Next Day Air,True,True,39,Credit Card,Annually,365,1.0,40.0,39,True,1600,2,True,False,3.7,False,34.6,Silver,Entry-Point Category
1427,60,Male,Pants,Clothing,38,Michigan,M,Yellow,Summer,4.8,False,Free Shipping,True,True,35,PayPal,Every 3 Months,90,4.055555555555555,154.11,35,False,1368,2,True,False,4.8,False,50.4,Silver,Entry-Point Category
1428,31,Male,Backpack,Accessories,90,South Dakota,S,Orange,Summer,4.9,False,Store Pickup,True,True,8,Credit Card,Annually,365,1.0,90.0,8,False,810,2,True,False,4.9,False,30.7,Silver,Retention Category
1429,20,Male,Blouse,Clothing,97,North Dakota,S,Green,Summer,4.9,False,Express,True,True,42,PayPal,Quarterly,90,4.055555555555555,393.39,42,True,4171,2,True,False,4.9,False,66.6,Gold,Entry-Point Category
1430,24,Male,Skirt,Clothing,38,Maryland,L,Gold,Fall,4.7,False,Standard,True,True,6,Credit Card,Every 3 Months,90,4.055555555555555,154.11,6,False,266,2,True,False,4.7,False,32.3,Silver,Entry-Point Category
1431,48,Male,Sandals,Footwear,30,Michigan,S,Orange,Summer,4.9,False,Free Shipping,True,True,3,Credit Card,Fortnightly,14,26.071428571428573,782.14,3,False,120,2,True,False,4.9,False,49.0,Silver,Entry-Point Category
1432,39,Male,Pants,Clothing,88,South Dakota,M,Cyan,Fall,2.9,False,Express,True,True,29,Venmo,Quarterly,90,4.055555555555555,356.89,29,False,2640,2,True,False,2.9,False,40.7,Silver,Entry-Point Category
1433,34,Male,Hat,Accessories,33,Florida,L,Black,Winter,4.4,False,Express,True,True,32,Debit Card,Quarterly,90,4.055555555555555,133.83,32,False,1089,2,True,False,4.4,False,44.4,Silver,Retention Category
1434,70,Male,Hoodie,Clothing,60,Minnesota,L,Yellow,Winter,3.2,False,Next Day Air,True,True,45,Debit Card,Weekly,7,52.142857142857146,3128.57,45,True,2760,2,True,False,3.2,False,78.9,Gold,Entry-Point Category
1435,59,Male,Sweater,Clothing,64,New York,L,Maroon,Summer,4.6,False,Free Shipping,True,True,21,Debit Card,Bi-Weekly,14,26.071428571428573,1668.57,21,False,1408,2,True,False,4.6,False,67.0,Gold,Entry-Point Category
1436,45,Male,Scarf,Accessories,95,Oregon,XL,Black,Fall,4.0,False,Standard,True,True,41,Cash,Weekly,7,52.142857142857146,4953.57,41,True,3990,2,True,False,4.0,False,86.1,Platinum,Retention Category
1437,35,Male,Sneakers,Footwear,83,Minnesota,M,Gray,Winter,3.7,False,Free Shipping,True,True,23,PayPal,Fortnightly,14,26.071428571428573,2163.93,23,False,1992,2,True,False,3.7,False,64.9,Gold,Entry-Point Category
1438,69,Male,Boots,Footwear,97,Montana,XL,Orange,Winter,4.2,False,Free Shipping,True,True,14,Cash,Annually,365,1.0,97.0,14,False,1455,2,True,False,4.2,False,29.7,Bronze,Entry-Point Category
1439,58,Male,Coat,Outerwear,38,Washington,M,Cyan,Spring,2.9,False,Standard,True,True,24,Debit Card,Monthly,30,12.166666666666666,462.33,24,False,950,2,True,False,2.9,False,40.9,Silver,Entry-Point Category
1440,25,Male,Boots,Footwear,48,New Mexico,M,Magenta,Summer,4.8,False,Next Day Air,True,True,25,Cash,Fortnightly,14,26.071428571428573,1251.43,25,False,1248,2,True,False,4.8,False,67.6,Gold,Entry-Point Category
1441,27,Male,Sandals,Footwear,76,Arizona,M,Pink,Spring,4.4,False,Standard,True,True,13,Venmo,Monthly,30,12.166666666666666,924.67,13,False,1064,2,True,False,4.4,False,52.9,Silver,Entry-Point Category
1442,34,Male,Pants,Clothing,25,Nebraska,S,Turquoise,Summer,3.4,False,Free Shipping,True,True,3,Venmo,Every 3 Months,90,4.055555555555555,101.39,3,False,100,2,True,False,3.4,False,17.1,Bronze,Entry-Point Category
1443,53,Male,Hoodie,Clothing,92,Idaho,S,Violet,Spring,2.8,False,2-Day Shipping,True,True,42,Credit Card,Annually,365,1.0,92.0,42,True,3956,2,True,False,2.8,False,34.1,Silver,Entry-Point Category
1444,58,Male,Sandals,Footwear,47,Idaho,L,Teal,Fall,4.2,False,Next Day Air,True,True,2,Cash,Monthly,30,12.166666666666666,571.83,2,False,141,2,True,False,4.2,False,39.6,Silver,Entry-Point Category
1445,32,Male,Sweater,Clothing,36,Vermont,L,Pink,Fall,3.8,False,Express,True,True,26,Cash,Quarterly,90,4.055555555555555,146.0,26,False,972,2,True,False,3.8,False,36.3,Silver,Entry-Point Category
1446,64,Male,Belt,Accessories,51,Arkansas,M,Gold,Fall,3.1,False,2-Day Shipping,True,True,24,Credit Card,Annually,365,1.0,51.0,24,False,1275,2,True,False,3.1,False,21.8,Bronze,Retention Category
1447,63,Male,Jeans,Clothing,35,Wyoming,XL,Red,Summer,3.2,False,Express,True,True,6,Credit Card,Quarterly,90,4.055555555555555,141.94,6,False,245,2,True,False,3.2,False,19.4,Bronze,Entry-Point Category
1448,23,Male,Hoodie,Clothing,57,New Mexico,S,Beige,Summer,3.0,False,Next Day Air,True,True,25,PayPal,Monthly,30,12.166666666666666,693.5,25,False,1482,2,True,False,3.0,False,45.6,Silver,Entry-Point Category
1449,64,Male,Boots,Footwear,95,West Virginia,M,Black,Summer,3.6,False,Free Shipping,True,True,11,Credit Card,Every 3 Months,90,4.055555555555555,385.28,11,False,1140,2,True,False,3.6,False,37.0,Silver,Entry-Point Category
1450,18,Male,Socks,Clothing,41,New York,L,Lavender,Winter,2.5,False,Store Pickup,True,True,20,Cash,Every 3 Months,90,4.055555555555555,166.28,20,False,861,2,True,False,2.5,True,23.4,Bronze,Entry-Point Category
1451,25,Male,Dress,Clothing,44,Illinois,S,Teal,Winter,3.4,False,Free Shipping,True,True,25,Cash,Quarterly,90,4.055555555555555,178.44,25,False,1144,2,True,False,3.4,False,34.0,Silver,Entry-Point Category
1452,54,Male,Jacket,Outerwear,34,Utah,M,Maroon,Fall,2.5,False,Next Day Air,True,True,35,PayPal,Quarterly,90,4.055555555555555,137.89,35,False,1224,2,True,False,2.5,True,31.2,Silver,Entry-Point Category
1453,60,Male,Jacket,Outerwear,25,Colorado,L,Blue,Spring,4.7,False,2-Day Shipping,True,True,11,Bank Transfer,Quarterly,90,4.055555555555555,101.39,11,False,300,2,True,False,4.7,False,32.5,Silver,Entry-Point Category
1454,36,Male,Boots,Footwear,93,Virginia,S,Teal,Winter,3.2,False,2-Day Shipping,True,True,41,Bank Transfer,Fortnightly,14,26.071428571428573,2424.64,41,True,3906,2,True,False,3.2,False,74.2,Gold,Entry-Point Category
1455,66,Male,Sneakers,Footwear,50,Georgia,L,Maroon,Winter,2.9,False,Free Shipping,True,True,17,Credit Card,Annually,365,1.0,50.0,17,False,900,2,True,False,2.9,False,15.8,Bronze,Entry-Point Category
1456,60,Male,Pants,Clothing,79,Alabama,L,Silver,Fall,4.9,False,Express,True,True,1,PayPal,Every 3 Months,90,4.055555555555555,320.39,1,False,158,2,True,False,4.9,False,38.2,Silver,Entry-Point Category
1457,59,Male,Coat,Outerwear,100,Montana,S,Olive,Spring,2.7,False,Store Pickup,True,True,30,PayPal,Every 3 Months,90,4.055555555555555,405.56,30,False,3100,2,True,False,2.7,False,42.5,Silver,Entry-Point Category
1458,58,Male,Shirt,Clothing,57,Pennsylvania,S,Gray,Spring,4.7,False,Express,True,True,47,Venmo,Fortnightly,14,26.071428571428573,1486.07,47,True,2736,2,True,False,4.7,False,82.0,Platinum,Entry-Point Category
1459,35,Male,Sweater,Clothing,28,Missouri,M,Peach,Spring,2.9,False,2-Day Shipping,True,True,34,Venmo,Weekly,7,52.142857142857146,1460.0,34,False,980,2,True,False,2.9,False,59.5,Gold,Entry-Point Category
1460,20,Male,Shoes,Footwear,35,Maine,L,Yellow,Winter,4.8,False,Express,True,True,18,Venmo,Fortnightly,14,26.071428571428573,912.5,18,False,665,2,True,False,4.8,False,58.7,Gold,Entry-Point Category
1461,70,Male,Boots,Footwear,85,Pennsylvania,L,Violet,Fall,4.6,False,Standard,True,True,33,Venmo,Bi-Weekly,14,26.071428571428573,2216.07,33,False,2890,2,True,False,4.6,False,79.1,Gold,Entry-Point Category
1462,54,Male,Sunglasses,Accessories,95,Oregon,S,Red,Summer,5.0,False,2-Day Shipping,True,True,42,Venmo,Quarterly,90,4.055555555555555,385.28,42,True,4085,2,True,False,5.0,False,66.7,Gold,Retention Category
1463,38,Male,Sneakers,Footwear,90,Utah,S,Charcoal,Summer,4.8,False,2-Day Shipping,True,True,2,Venmo,Quarterly,90,4.055555555555555,365.0,2,False,270,2,True,False,4.8,False,40.2,Silver,Entry-Point Category
1464,54,Male,Jewelry,Accessories,49,Oklahoma,M,Beige,Summer,4.9,False,Store Pickup,True,True,1,Bank Transfer,Monthly,30,12.166666666666666,596.17,1,False,98,2,True,False,4.9,False,44.8,Silver,Retention Category
1465,33,Male,Belt,Accessories,92,Montana,M,Peach,Winter,4.6,False,2-Day Shipping,True,True,23,Bank Transfer,Quarterly,90,4.055555555555555,373.11,23,False,2208,2,True,False,4.6,False,51.7,Silver,Retention Category
1466,46,Male,Gloves,Accessories,72,Nebraska,XL,Violet,Winter,3.9,False,Store Pickup,True,True,42,Cash,Bi-Weekly,14,26.071428571428573,1877.14,42,True,3096,2,True,False,3.9,False,75.9,Gold,Retention Category
1467,58,Male,Shorts,Clothing,71,Alabama,M,Green,Summer,4.5,False,Store Pickup,True,True,3,PayPal,Annually,365,1.0,71.0,3,False,284,2,True,False,4.5,False,22.3,Bronze,Entry-Point Category
1468,30,Male,Jewelry,Accessories,27,Ohio,XL,Olive,Winter,4.7,False,Store Pickup,True,True,16,Debit Card,Fortnightly,14,26.071428571428573,703.93,16,False,459,2,True,False,4.7,False,54.1,Silver,Retention Category
1469,42,Male,Gloves,Accessories,39,Arkansas,S,Silver,Fall,3.9,False,Express,True,True,46,Cash,Fortnightly,14,26.071428571428573,1016.79,46,True,1833,2,True,False,3.9,False,69.8,Gold,Retention Category
1470,28,Male,Jewelry,Accessories,98,Mississippi,M,Purple,Winter,4.4,False,Standard,True,True,31,PayPal,Every 3 Months,90,4.055555555555555,397.44,31,False,3136,2,True,False,4.4,False,56.5,Gold,Retention Category
1471,43,Male,Sandals,Footwear,27,California,M,Silver,Spring,3.9,False,Next Day Air,True,True,15,Cash,Every 3 Months,90,4.055555555555555,109.5,15,False,432,2,True,False,3.9,False,28.8,Bronze,Entry-Point Category
1472,31,Male,Jewelry,Accessories,71,Alaska,S,Gray,Spring,2.8,False,2-Day Shipping,True,True,48,Venmo,Every 3 Months,90,4.055555555555555,287.94,48,True,3479,2,True,False,2.8,False,47.7,Silver,Retention Category
1473,39,Male,Hat,Accessories,24,Indiana,L,Turquoise,Spring,3.5,False,Store Pickup,True,True,11,Cash,Weekly,7,52.142857142857146,1251.43,11,False,288,2,True,False,3.5,False,48.7,Silver,Retention Category
1474,69,Male,Shorts,Clothing,63,Wisconsin,M,Violet,Fall,4.3,False,Express,True,True,20,Credit Card,Every 3 Months,90,4.055555555555555,255.5,20,False,1323,2,True,False,4.3,False,41.5,Silver,Entry-Point Category
1475,31,Male,Sweater,Clothing,72,New Jersey,S,Pink,Fall,3.9,False,Next Day Air,True,True,6,Credit Card,Monthly,30,12.166666666666666,876.0,6,False,504,2,True,False,3.9,False,44.2,Silver,Entry-Point Category
1476,44,Male,Blouse,Clothing,61,Rhode Island,M,Teal,Spring,4.0,False,Express,True,True,24,Cash,Monthly,30,12.166666666666666,742.17,24,False,1525,2,True,False,4.0,False,53.8,Silver,Entry-Point Category
1477,39,Male,Hat,Accessories,56,Wyoming,M,Magenta,Fall,4.1,False,Next Day Air,True,True,18,Credit Card,Monthly,30,12.166666666666666,681.33,18,False,1064,2,True,False,4.1,False,50.2,Silver,Retention Category
1478,24,Male,Belt,Accessories,32,Oregon,XL,Silver,Summer,4.3,False,Standard,True,True,1,PayPal,Every 3 Months,90,4.055555555555555,129.78,1,False,64,2,True,False,4.3,False,24.6,Bronze,Retention Category
1479,28,Male,Gloves,Accessories,23,Washington,M,Blue,Summer,4.2,False,Free Shipping,True,True,13,Venmo,Bi-Weekly,14,26.071428571428573,599.64,13,False,322,2,True,False,4.2,False,46.7,Silver,Retention Category
1480,48,Male,Coat,Outerwear,100,Washington,L,Black,Spring,4.0,False,Standard,True,True,2,Bank Transfer,Weekly,7,52.142857142857146,5214.29,2,False,300,2,True,False,4.0,False,63.0,Gold,Entry-Point Category
1481,39,Male,Jewelry,Accessories,74,New Hampshire,M,Gold,Fall,3.6,False,Express,True,True,26,Cash,Quarterly,90,4.055555555555555,300.11,26,False,1998,2,True,False,3.6,False,41.7,Silver,Retention Category
1482,64,Male,Skirt,Clothing,33,Maryland,S,Gray,Spring,3.3,False,Standard,True,True,31,PayPal,Quarterly,90,4.055555555555555,133.83,31,False,1056,2,True,False,3.3,False,34.7,Silver,Entry-Point Category
1483,28,Male,Gloves,Accessories,67,Wisconsin,S,Magenta,Spring,4.1,False,2-Day Shipping,True,True,43,Bank Transfer,Weekly,7,52.142857142857146,3493.57,43,True,2948,2,True,False,4.1,False,85.8,Platinum,Retention Category
1484,39,Male,Jewelry,Accessories,61,Massachusetts,S,Yellow,Summer,4.7,False,Next Day Air,True,True,12,Debit Card,Bi-Weekly,14,26.071428571428573,1590.36,12,False,793,2,True,False,4.7,False,61.8,Gold,Retention Category
1485,49,Male,Shorts,Clothing,46,Nebraska,M,Teal,Summer,4.4,False,Store Pickup,True,True,22,Venmo,Every 3 Months,90,4.055555555555555,186.56,22,False,1058,2,True,False,4.4,False,40.7,Silver,Entry-Point Category
1486,22,Male,Gloves,Accessories,56,Nebraska,L,Red,Spring,3.4,False,Standard,True,True,3,Cash,Fortnightly,14,26.071428571428573,1460.0,3,False,224,2,True,False,3.4,False,44.7,Silver,Retention Category
1487,25,Male,Sneakers,Footwear,73,Idaho,S,Yellow,Spring,5.0,False,Free Shipping,True,True,23,Venmo,Every 3 Months,90,4.055555555555555,296.06,23,False,1752,2,True,False,5.0,False,50.7,Silver,Entry-Point Category
1488,40,Male,Skirt,Clothing,44,Arizona,L,Black,Summer,4.6,False,Store Pickup,True,True,26,PayPal,Annually,365,1.0,44.0,26,False,1188,2,True,False,4.6,False,34.6,Silver,Entry-Point Category
1489,23,Male,Hat,Accessories,44,Hawaii,L,Pink,Winter,4.0,False,Standard,True,True,37,Credit Card,Weekly,7,52.142857142857146,2294.29,37,False,1672,2,True,False,4.0,False,77.1,Gold,Retention Category
1490,24,Male,Jewelry,Accessories,26,Missouri,XL,Magenta,Summer,4.1,False,Next Day Air,True,True,42,Venmo,Quarterly,90,4.055555555555555,105.44,42,True,1118,2,True,False,4.1,False,46.6,Silver,Retention Category
1491,66,Male,Sneakers,Footwear,52,Louisiana,L,Olive,Spring,4.9,False,Express,True,True,15,Venmo,Bi-Weekly,14,26.071428571428573,1355.71,15,False,832,2,True,False,4.9,False,63.3,Gold,Entry-Point Category
1492,27,Male,Shirt,Clothing,54,Arkansas,S,Black,Summer,2.7,False,Free Shipping,True,True,10,Bank Transfer,Quarterly,90,4.055555555555555,219.0,10,False,594,2,True,False,2.7,False,20.8,Bronze,Entry-Point Category
1493,62,Male,Jacket,Outerwear,38,North Carolina,M,Maroon,Summer,4.5,False,Free Shipping,True,True,3,Venmo,Quarterly,90,4.055555555555555,154.11,3,False,152,2,True,False,4.5,False,28.6,Bronze,Entry-Point Category
1494,70,Male,Belt,Accessories,44,North Dakota,S,Gold,Fall,2.7,False,Standard,True,True,44,Credit Card,Quarterly,90,4.055555555555555,178.44,44,True,1980,2,True,False,2.7,False,39.7,Silver,Retention Category
1495,43,Male,T-shirt,Clothing,76,Montana,M,Gray,Spring,3.0,False,Next Day Air,True,True,23,Bank Transfer,Fortnightly,14,26.071428571428573,1981.43,23,False,1824,2,True,False,3.0,False,57.9,Gold,Entry-Point Category
1496,45,Male,Jewelry,Accessories,23,Rhode Island,M,Brown,Winter,4.5,False,Next Day Air,True,True,6,PayPal,Weekly,7,52.142857142857146,1199.29,6,False,161,2,True,False,4.5,False,53.6,Silver,Retention Category
1497,63,Male,T-shirt,Clothing,98,Idaho,M,Purple,Winter,5.0,False,Standard,True,True,9,Venmo,Bi-Weekly,14,26.071428571428573,2555.0,9,False,980,2,True,False,5.0,False,70.4,Gold,Entry-Point Category
1498,69,Male,Jacket,Outerwear,33,Michigan,S,Magenta,Spring,3.8,False,2-Day Shipping,True,True,16,Debit Card,Every 3 Months,90,4.055555555555555,133.83,16,False,561,2,True,False,3.8,False,29.6,Bronze,Entry-Point Category
1499,59,Male,Sweater,Clothing,32,Illinois,M,Teal,Summer,3.1,False,Standard,True,True,46,Venmo,Fortnightly,14,26.071428571428573,834.29,46,True,1504,2,True,False,3.1,False,60.9,Gold,Entry-Point Category
1500,19,Male,Boots,Footwear,85,Georgia,S,Olive,Fall,3.4,False,Free Shipping,True,True,24,Credit Card,Every 3 Months,90,4.055555555555555,344.72,24,False,2125,2,True,False,3.4,False,41.2,Silver,Entry-Point Category
1501,63,Male,Jeans,Clothing,69,Alabama,L,Maroon,Summer,4.8,False,Next Day Air,True,True,22,Debit Card,Monthly,30,12.166666666666666,839.5,22,False,1587,2,True,False,4.8,False,60.5,Gold,Entry-Point Category
1502,37,Male,Jeans,Clothing,55,Alaska,XL,Silver,Spring,2.7,False,Standard,True,True,13,Debit Card,Every 3 Months,90,4.055555555555555,223.06,13,False,770,2,True,False,2.7,False,22.7,Bronze,Entry-Point Category
1503,37,Male,Pants,Clothing,66,Massachusetts,M,Black,Summer,3.2,False,Store Pickup,True,True,20,Cash,Fortnightly,14,26.071428571428573,1720.71,20,False,1386,2,True,False,3.2,False,55.4,Gold,Entry-Point Category
1504,50,Male,Jacket,Outerwear,30,Michigan,M,Maroon,Fall,3.9,False,2-Day Shipping,True,True,46,Cash,Quarterly,90,4.055555555555555,121.67,46,True,1410,2,True,False,3.9,False,47.8,Silver,Entry-Point Category
1505,60,Male,Jacket,Outerwear,80,Alaska,M,Teal,Winter,4.2,False,Next Day Air,True,True,10,Bank Transfer,Monthly,30,12.166666666666666,973.33,10,False,880,2,True,False,4.2,False,50.4,Silver,Entry-Point Category
1506,46,Male,Belt,Accessories,20,North Dakota,M,Teal,Summer,3.0,False,Express,True,True,39,Cash,Monthly,30,12.166666666666666,243.33,39,True,800,2,True,False,3.0,False,41.7,Silver,Retention Category
1507,35,Male,Shirt,Clothing,30,South Carolina,L,Beige,Fall,3.0,False,2-Day Shipping,True,True,44,PayPal,Quarterly,90,4.055555555555555,121.67,44,True,1350,2,True,False,3.0,False,39.3,Silver,Entry-Point Category
1508,66,Male,Dress,Clothing,86,Pennsylvania,S,Maroon,Winter,3.7,False,2-Day Shipping,True,True,7,Venmo,Annually,365,1.0,86.0,7,False,688,2,True,False,3.7,False,19.9,Bronze,Entry-Point Category
1509,35,Male,Blouse,Clothing,84,Colorado,L,Beige,Spring,4.4,False,Store Pickup,True,True,3,Cash,Every 3 Months,90,4.055555555555555,340.67,3,False,336,2,True,False,4.4,False,36.6,Silver,Entry-Point Category
1510,20,Male,Dress,Clothing,54,New Hampshire,XL,White,Summer,4.6,False,Free Shipping,True,True,44,Debit Card,Annually,365,1.0,54.0,44,True,2430,2,True,False,4.6,False,46.1,Silver,Entry-Point Category
1511,55,Male,Blouse,Clothing,30,Maryland,XL,Gray,Fall,3.0,False,Free Shipping,True,True,31,Venmo,Annually,365,1.0,30.0,31,False,960,2,True,False,3.0,False,23.3,Bronze,Entry-Point Category
1512,34,Male,Dress,Clothing,91,Georgia,M,Violet,Winter,3.6,False,Express,True,True,48,Credit Card,Weekly,7,52.142857142857146,4745.0,48,True,4459,2,True,False,3.6,False,86.6,Platinum,Entry-Point Category
1513,60,Male,Sneakers,Footwear,23,Wisconsin,L,Silver,Winter,3.9,False,Standard,True,True,18,PayPal,Bi-Weekly,14,26.071428571428573,599.64,18,False,437,2,True,False,3.9,False,47.0,Silver,Entry-Point Category
1514,22,Male,Socks,Clothing,35,Texas,M,Red,Spring,4.1,False,Free Shipping,True,True,27,Cash,Monthly,30,12.166666666666666,425.83,27,False,980,2,True,False,4.1,False,52.4,Silver,Entry-Point Category
1515,26,Male,Shoes,Footwear,90,Utah,L,Brown,Winter,3.9,False,2-Day Shipping,True,True,1,Venmo,Weekly,7,52.142857142857146,4692.86,1,False,180,2,True,False,3.9,False,60.7,Gold,Entry-Point Category
1516,39,Male,Jeans,Clothing,93,Indiana,S,Turquoise,Fall,3.9,False,2-Day Shipping,True,True,34,Cash,Weekly,7,52.142857142857146,4849.29,34,False,3255,2,True,False,3.9,False,81.0,Platinum,Entry-Point Category
1517,20,Male,Jeans,Clothing,68,Nevada,L,Indigo,Winter,4.5,False,Express,True,True,5,Bank Transfer,Bi-Weekly,14,26.071428571428573,1772.86,5,False,408,2,True,False,4.5,False,57.8,Gold,Entry-Point Category
1518,57,Male,Gloves,Accessories,41,New Hampshire,M,Violet,Spring,3.4,False,Standard,True,True,12,Cash,Quarterly,90,4.055555555555555,166.28,12,False,533,2,True,False,3.4,False,25.7,Bronze,Retention Category
1519,68,Male,Belt,Accessories,73,New York,M,Yellow,Winter,4.1,False,Next Day Air,True,True,14,Venmo,Fortnightly,14,26.071428571428573,1903.21,14,False,1095,2,True,False,4.1,False,61.0,Gold,Retention Category
1520,50,Male,Sunglasses,Accessories,73,Texas,L,Cyan,Fall,4.9,False,Next Day Air,True,True,40,PayPal,Weekly,7,52.142857142857146,3806.43,40,True,2993,2,True,False,4.9,False,90.8,Platinum,Retention Category
1521,21,Male,Hat,Accessories,66,Iowa,M,Brown,Summer,4.4,False,2-Day Shipping,True,True,39,Cash,Quarterly,90,4.055555555555555,267.67,39,True,2640,2,True,False,4.4,False,54.4,Silver,Retention Category
1522,29,Male,Backpack,Accessories,59,Washington,M,White,Summer,2.7,False,2-Day Shipping,True,True,50,Bank Transfer,Weekly,7,52.142857142857146,3076.43,50,True,3009,2,True,False,2.7,False,77.9,Gold,Retention Category
1523,38,Male,Shorts,Clothing,72,Tennessee,L,Yellow,Spring,4.8,False,Free Shipping,True,True,5,Debit Card,Monthly,30,12.166666666666666,876.0,5,False,432,2,True,False,4.8,False,50.8,Silver,Entry-Point Category
1524,54,Male,Socks,Clothing,88,Georgia,M,White,Summer,3.3,False,2-Day Shipping,True,True,35,Debit Card,Annually,365,1.0,88.0,35,False,3168,2,True,False,3.3,False,33.6,Silver,Entry-Point Category
1525,22,Male,Socks,Clothing,76,Massachusetts,L,Pink,Summer,4.4,False,Free Shipping,True,True,6,Cash,Bi-Weekly,14,26.071428571428573,1981.43,6,False,532,2,True,False,4.4,False,59.4,Gold,Entry-Point Category
1526,29,Male,Belt,Accessories,31,Oregon,M,Indigo,Winter,4.6,False,2-Day Shipping,True,True,22,Cash,Fortnightly,14,26.071428571428573,808.21,22,False,713,2,True,False,4.6,False,58.3,Gold,Retention Category
1527,41,Male,Jacket,Outerwear,22,Oklahoma,L,White,Summer,3.1,False,Next Day Air,True,True,27,PayPal,Monthly,30,12.166666666666666,267.67,27,False,616,2,True,False,3.1,False,36.6,Silver,Entry-Point Category
1528,26,Male,Hat,Accessories,75,Wisconsin,L,Red,Fall,4.5,False,2-Day Shipping,True,True,33,Debit Card,Fortnightly,14,26.071428571428573,1955.36,33,False,2550,2,True,False,4.5,False,76.1,Gold,Retention Category
1529,69,Male,T-shirt,Clothing,75,Oregon,S,Red,Spring,4.0,False,Store Pickup,True,True,47,Venmo,Bi-Weekly,14,26.071428571428573,1955.36,47,True,3600,2,True,False,4.0,False,80.2,Platinum,Entry-Point Category
1530,20,Male,Backpack,Accessories,63,Georgia,M,Lavender,Winter,3.1,False,Free Shipping,True,True,48,Credit Card,Bi-Weekly,14,26.071428571428573,1642.5,48,True,3087,2,True,False,3.1,False,70.8,Gold,Retention Category
1531,59,Male,Coat,Outerwear,21,New Mexico,M,Teal,Spring,3.9,False,Next Day Air,True,True,22,Bank Transfer,Quarterly,90,4.055555555555555,85.17,22,False,483,2,True,False,3.9,False,30.3,Silver,Entry-Point Category
1532,63,Male,Backpack,Accessories,83,Mississippi,S,Violet,Spring,4.5,False,Next Day Air,True,True,8,PayPal,Bi-Weekly,14,26.071428571428573,2163.93,8,False,747,2,True,False,4.5,False,62.7,Gold,Retention Category
1533,68,Male,Jacket,Outerwear,46,Wisconsin,S,Silver,Winter,4.4,False,Next Day Air,True,True,5,PayPal,Every 3 Months,90,4.055555555555555,186.56,5,False,276,2,True,False,4.4,False,30.7,Silver,Entry-Point Category
1534,50,Male,Shoes,Footwear,59,New Hampshire,M,Gold,Summer,3.6,False,2-Day Shipping,True,True,16,Bank Transfer,Quarterly,90,4.055555555555555,239.28,16,False,1003,2,True,False,3.6,False,32.5,Silver,Entry-Point Category
1535,55,Male,Blouse,Clothing,66,Wyoming,M,Green,Summer,3.4,False,Free Shipping,True,True,26,Venmo,Fortnightly,14,26.071428571428573,1720.71,26,False,1782,2,True,False,3.4,False,60.7,Gold,Entry-Point Category
1536,36,Male,Sandals,Footwear,74,West Virginia,S,Turquoise,Fall,4.0,False,2-Day Shipping,True,True,8,Venmo,Monthly,30,12.166666666666666,900.33,8,False,666,2,True,False,4.0,False,46.5,Silver,Entry-Point Category
1537,18,Male,Sunglasses,Accessories,82,Michigan,M,Indigo,Summer,2.6,False,Store Pickup,True,True,17,Cash,Quarterly,90,4.055555555555555,332.56,17,False,1476,2,True,False,2.6,False,29.9,Bronze,Retention Category
1538,68,Male,Shoes,Footwear,89,Alaska,L,Black,Spring,3.2,False,Next Day Air,True,True,50,Venmo,Annually,365,1.0,89.0,50,True,4539,2,True,False,3.2,False,41.7,Silver,Entry-Point Category
1539,56,Male,Dress,Clothing,65,Illinois,L,Charcoal,Fall,3.2,False,Standard,True,True,22,Venmo,Bi-Weekly,14,26.071428571428573,1694.64,22,False,1495,2,True,False,3.2,False,56.5,Gold,Entry-Point Category
1540,32,Male,Belt,Accessories,55,Hawaii,M,Turquoise,Spring,5.0,False,2-Day Shipping,True,True,19,Cash,Every 3 Months,90,4.055555555555555,223.06,19,False,1100,2,True,False,5.0,False,44.5,Silver,Retention Category
1541,28,Male,Shorts,Clothing,95,Colorado,M,Red,Winter,2.9,False,Next Day Air,True,True,14,Bank Transfer,Monthly,30,12.166666666666666,1155.83,14,False,1425,2,True,False,2.9,False,44.6,Silver,Entry-Point Category
1542,24,Male,Handbag,Accessories,77,Illinois,S,Indigo,Winter,2.9,False,Store Pickup,True,True,35,Cash,Bi-Weekly,14,26.071428571428573,2007.5,35,False,2772,2,True,False,2.9,False,64.7,Gold,Retention Category
1543,59,Male,Blouse,Clothing,44,Hawaii,M,Maroon,Winter,3.5,False,Next Day Air,True,True,43,PayPal,Weekly,7,52.142857142857146,2294.29,43,True,1936,2,True,False,3.5,False,76.5,Gold,Entry-Point Category
1544,56,Male,Jeans,Clothing,89,Wisconsin,M,Indigo,Fall,4.0,False,Standard,True,True,24,Venmo,Annually,365,1.0,89.0,24,False,2225,2,True,False,4.0,False,32.7,Silver,Entry-Point Category
1545,30,Male,Jewelry,Accessories,24,Arkansas,M,Maroon,Spring,3.9,False,Standard,True,True,17,Debit Card,Bi-Weekly,14,26.071428571428573,625.71,17,False,432,2,True,False,3.9,False,46.9,Silver,Retention Category
1546,48,Male,Belt,Accessories,43,Delaware,M,Black,Winter,4.9,False,Store Pickup,True,True,49,Bank Transfer,Annually,365,1.0,43.0,49,True,2150,2,True,False,4.9,False,50.6,Silver,Retention Category
1547,60,Male,Sneakers,Footwear,51,Oregon,XL,Purple,Summer,3.8,False,Express,True,True,17,Bank Transfer,Annually,365,1.0,51.0,17,False,918,2,True,False,3.8,False,23.1,Bronze,Entry-Point Category
1548,46,Male,Hat,Accessories,46,South Carolina,L,Teal,Summer,3.5,False,Standard,True,True,40,Cash,Quarterly,90,4.055555555555555,186.56,40,True,1886,2,True,False,3.5,False,44.2,Silver,Retention Category
1549,69,Male,Dress,Clothing,32,Maryland,M,Silver,Summer,3.7,False,Store Pickup,True,True,43,Bank Transfer,Weekly,7,52.142857142857146,1668.57,43,True,1408,2,True,False,3.7,False,72.7,Gold,Entry-Point Category
1550,19,Male,Sneakers,Footwear,55,Kansas,M,Black,Spring,2.9,False,2-Day Shipping,True,True,19,Debit Card,Every 3 Months,90,4.055555555555555,223.06,19,False,1100,2,True,False,2.9,False,27.7,Bronze,Entry-Point Category
1551,66,Male,Sunglasses,Accessories,26,Arkansas,S,Black,Summer,2.8,False,Free Shipping,True,True,40,Bank Transfer,Quarterly,90,4.055555555555555,105.44,40,True,1066,2,True,False,2.8,False,34.7,Silver,Retention Category
1552,64,Male,Handbag,Accessories,29,Minnesota,M,Olive,Summer,3.7,False,2-Day Shipping,True,True,13,Credit Card,Monthly,30,12.166666666666666,352.83,13,False,406,2,True,False,3.7,False,37.2,Silver,Retention Category
1553,54,Male,Blouse,Clothing,49,New Mexico,L,Purple,Spring,3.0,False,Express,True,True,20,Credit Card,Monthly,30,12.166666666666666,596.17,20,False,1029,2,True,False,3.0,False,40.8,Silver,Entry-Point Category
1554,27,Male,Blouse,Clothing,45,Delaware,M,Indigo,Spring,4.8,False,Free Shipping,True,True,21,Debit Card,Quarterly,90,4.055555555555555,182.5,21,False,990,2,True,False,4.8,False,43.1,Silver,Entry-Point Category
1555,64,Male,Shorts,Clothing,48,Utah,S,Lavender,Winter,2.7,False,Standard,True,True,18,Cash,Bi-Weekly,14,26.071428571428573,1251.43,18,False,912,2,True,False,2.7,False,46.4,Silver,Entry-Point Category
1556,43,Male,Shorts,Clothing,47,Ohio,S,Cyan,Winter,4.5,False,Free Shipping,True,True,44,Cash,Quarterly,90,4.055555555555555,190.61,44,True,2115,2,True,False,4.5,False,54.7,Silver,Entry-Point Category
1557,43,Male,Hoodie,Clothing,57,Alabama,M,Gold,Fall,2.7,False,Standard,True,True,26,Credit Card,Quarterly,90,4.055555555555555,231.17,26,False,1539,2,True,False,2.7,False,30.9,Silver,Entry-Point Category
1558,27,Male,Backpack,Accessories,34,South Dakota,L,Magenta,Fall,3.5,False,Next Day Air,True,True,34,PayPal,Quarterly,90,4.055555555555555,137.89,34,False,1190,2,True,False,3.5,False,38.5,Silver,Retention Category
1559,35,Male,Sunglasses,Accessories,75,New Mexico,XL,Teal,Fall,3.5,False,Express,True,True,24,Credit Card,Every 3 Months,90,4.055555555555555,304.17,24,False,1875,2,True,False,3.5,False,39.9,Silver,Retention Category
1560,43,Male,Scarf,Accessories,94,Oregon,L,Beige,Fall,4.5,False,Store Pickup,True,True,23,PayPal,Fortnightly,14,26.071428571428573,2450.71,23,False,2256,2,True,False,4.5,False,74.2,Gold,Retention Category
1561,57,Male,Hat,Accessories,84,Oregon,M,Teal,Winter,3.8,False,Free Shipping,True,True,3,Debit Card,Weekly,7,52.142857142857146,4380.0,3,False,336,2,True,False,3.8,False,60.5,Gold,Retention Category
1562,50,Male,Scarf,Accessories,38,Mississippi,M,Indigo,Summer,3.8,False,Standard,True,True,2,Bank Transfer,Quarterly,90,4.055555555555555,154.11,2,False,114,2,True,False,3.8,False,22.2,Bronze,Retention Category
1563,37,Male,Scarf,Accessories,75,Alabama,M,Purple,Winter,3.2,False,Next Day Air,True,True,23,Venmo,Bi-Weekly,14,26.071428571428573,1955.36,23,False,1800,2,True,False,3.2,False,59.3,Gold,Retention Category
1564,68,Male,Pants,Clothing,44,Kansas,M,Teal,Fall,4.3,False,Next Day Air,True,True,8,Cash,Weekly,7,52.142857142857146,2294.29,8,False,396,2,True,False,4.3,False,62.3,Gold,Entry-Point Category
1565,22,Male,Backpack,Accessories,33,California,XL,Turquoise,Summer,4.5,False,Next Day Air,True,True,30,Debit Card,Every 3 Months,90,4.055555555555555,133.83,30,False,1023,2,True,False,4.5,False,43.8,Silver,Retention Category
1566,58,Male,Sunglasses,Accessories,93,Idaho,L,Peach,Fall,4.2,False,Free Shipping,True,True,48,PayPal,Annually,365,1.0,93.0,48,True,4557,2,True,False,4.2,False,49.3,Silver,Retention Category
1567,48,Male,Sneakers,Footwear,99,Wyoming,S,Green,Winter,3.0,False,Free Shipping,True,True,21,Cash,Bi-Weekly,14,26.071428571428573,2581.07,21,False,2178,2,True,False,3.0,False,61.9,Gold,Entry-Point Category
1568,30,Male,Backpack,Accessories,33,Minnesota,M,Turquoise,Spring,4.1,False,Standard,True,True,9,Cash,Monthly,30,12.166666666666666,401.5,9,False,330,2,True,False,4.1,False,41.1,Silver,Retention Category
1569,51,Male,Sneakers,Footwear,76,Washington,L,Yellow,Spring,4.6,False,Store Pickup,True,True,8,Debit Card,Monthly,30,12.166666666666666,924.67,8,False,684,2,True,False,4.6,False,51.6,Silver,Entry-Point Category
1570,20,Male,Skirt,Clothing,63,Hawaii,M,Orange,Summer,2.9,False,Standard,True,True,29,Debit Card,Weekly,7,52.142857142857146,3285.0,29,False,1890,2,True,False,2.9,False,67.3,Gold,Entry-Point Category
1571,30,Male,Pants,Clothing,41,Missouri,L,Brown,Winter,4.8,False,Next Day Air,True,True,3,Bank Transfer,Every 3 Months,90,4.055555555555555,166.28,3,False,164,2,True,False,4.8,False,31.6,Silver,Entry-Point Category
1572,28,Male,Jewelry,Accessories,88,Colorado,L,Silver,Winter,4.5,False,Next Day Air,True,True,11,Bank Transfer,Fortnightly,14,26.071428571428573,2294.29,11,False,1056,2,True,False,4.5,False,65.5,Gold,Retention Category
1573,37,Male,Skirt,Clothing,92,Washington,L,White,Summer,3.4,False,2-Day Shipping,True,True,16,Debit Card,Monthly,30,12.166666666666666,1119.33,16,False,1564,2,True,False,3.4,False,49.1,Silver,Entry-Point Category
1574,36,Male,T-shirt,Clothing,31,North Dakota,L,Indigo,Summer,4.3,False,2-Day Shipping,True,True,25,Debit Card,Weekly,7,52.142857142857146,1616.43,25,False,806,2,True,False,4.3,False,66.6,Gold,Entry-Point Category
1575,18,Male,Skirt,Clothing,25,Minnesota,S,Magenta,Spring,4.2,False,Free Shipping,True,True,32,PayPal,Bi-Weekly,14,26.071428571428573,651.79,32,False,825,2,True,False,4.2,False,59.2,Gold,Entry-Point Category
1576,52,Male,Shirt,Clothing,28,California,M,Turquoise,Spring,3.6,False,Next Day Air,True,True,28,Cash,Fortnightly,14,26.071428571428573,730.0,28,False,812,2,True,False,3.6,False,52.7,Silver,Entry-Point Category
1577,56,Male,Dress,Clothing,75,Michigan,M,White,Spring,3.7,False,2-Day Shipping,True,True,36,PayPal,Monthly,30,12.166666666666666,912.5,36,False,2775,2,True,False,3.7,False,60.8,Gold,Entry-Point Category
1578,68,Male,Boots,Footwear,34,Delaware,S,Olive,Spring,4.0,False,Standard,True,True,7,Venmo,Fortnightly,14,26.071428571428573,886.43,7,False,272,2,True,False,4.0,False,45.8,Silver,Entry-Point Category
1579,62,Male,Pants,Clothing,97,California,S,Maroon,Winter,4.9,False,2-Day Shipping,True,True,2,PayPal,Quarterly,90,4.055555555555555,393.39,2,False,291,2,True,False,4.9,False,42.6,Silver,Entry-Point Category
1580,35,Male,Jacket,Outerwear,80,Oklahoma,M,Violet,Summer,3.1,False,Free Shipping,True,True,6,Bank Transfer,Monthly,30,12.166666666666666,973.33,6,False,560,2,True,False,3.1,False,39.2,Silver,Entry-Point Category
1581,65,Male,Sneakers,Footwear,71,North Dakota,L,Cyan,Summer,3.7,False,Standard,True,True,30,Cash,Annually,365,1.0,71.0,30,False,2201,2,True,False,3.7,False,32.0,Silver,Entry-Point Category
1582,69,Male,Jewelry,Accessories,77,Ohio,L,Teal,Fall,4.2,False,Free Shipping,True,True,46,Cash,Quarterly,90,4.055555555555555,312.28,46,True,3619,2,True,False,4.2,False,59.2,Gold,Retention Category
1583,28,Male,Belt,Accessories,41,Hawaii,L,Red,Spring,2.5,False,Next Day Air,True,True,39,Cash,Monthly,30,12.166666666666666,498.83,39,True,1640,2,True,False,2.5,True,47.3,Silver,Retention Category
1584,37,Male,Scarf,Accessories,92,Maryland,XL,Yellow,Summer,4.3,False,Next Day Air,True,True,8,Venmo,Annually,365,1.0,92.0,8,False,828,2,True,False,4.3,False,26.1,Bronze,Retention Category
1585,41,Male,Blouse,Clothing,95,Hawaii,S,Silver,Spring,3.1,False,Store Pickup,True,True,46,Credit Card,Quarterly,90,4.055555555555555,385.28,46,True,4465,2,True,False,3.1,False,53.9,Silver,Entry-Point Category
1586,37,Male,Sweater,Clothing,25,Alabama,M,Charcoal,Fall,3.0,False,Next Day Air,True,True,40,Debit Card,Fortnightly,14,26.071428571428573,651.79,40,True,1025,2,True,False,3.0,False,54.0,Silver,Entry-Point Category
1587,25,Male,Boots,Footwear,77,Oklahoma,M,Purple,Fall,4.0,False,Express,True,True,21,Bank Transfer,Weekly,7,52.142857142857146,4015.0,21,False,1694,2,True,False,4.0,False,72.5,Gold,Entry-Point Category
1588,41,Male,Socks,Clothing,99,Alabama,M,Beige,Summer,3.5,False,Free Shipping,True,True,33,Credit Card,Fortnightly,14,26.071428571428573,2581.07,33,False,3366,2,True,False,3.5,False,73.4,Gold,Entry-Point Category
1589,48,Male,Belt,Accessories,24,Vermont,L,Cyan,Winter,3.2,False,Next Day Air,True,True,3,Venmo,Monthly,30,12.166666666666666,292.0,3,False,96,2,True,False,3.2,False,24.1,Bronze,Retention Category
1590,42,Male,Sneakers,Footwear,72,Ohio,M,Silver,Summer,2.7,False,Store Pickup,True,True,48,Cash,Weekly,7,52.142857142857146,3754.29,48,True,3528,2,True,False,2.7,False,77.8,Gold,Entry-Point Category
1591,54,Male,Jeans,Clothing,80,Wisconsin,S,Pink,Winter,3.0,False,Free Shipping,True,True,8,PayPal,Annually,365,1.0,80.0,8,False,720,2,True,False,3.0,False,13.9,Bronze,Entry-Point Category
1592,18,Male,Skirt,Clothing,100,South Dakota,L,Gold,Winter,2.9,False,Next Day Air,True,True,24,PayPal,Annually,365,1.0,100.0,24,False,2500,2,True,False,2.9,False,25.4,Bronze,Entry-Point Category
1593,56,Male,Shoes,Footwear,83,Iowa,M,Cyan,Summer,3.3,False,Free Shipping,True,True,10,Bank Transfer,Every 3 Months,90,4.055555555555555,336.61,10,False,913,2,True,False,3.3,False,31.5,Silver,Entry-Point Category
1594,61,Male,Dress,Clothing,95,Maryland,M,Black,Spring,4.9,False,2-Day Shipping,True,True,25,Bank Transfer,Monthly,30,12.166666666666666,1155.83,25,False,2470,2,True,False,4.9,False,67.4,Gold,Entry-Point Category
1595,40,Male,Handbag,Accessories,41,Colorado,XL,Charcoal,Summer,3.7,False,Store Pickup,True,True,3,Cash,Fortnightly,14,26.071428571428573,1068.93,3,False,164,2,True,False,3.7,False,43.1,Silver,Retention Category
1596,34,Male,Backpack,Accessories,35,Wisconsin,S,Magenta,Spring,3.5,False,Standard,True,True,45,Debit Card,Fortnightly,14,26.071428571428573,912.5,45,True,1610,2,True,False,3.5,False,64.5,Gold,Retention Category
1597,42,Male,Jewelry,Accessories,30,Mississippi,S,Pink,Fall,4.7,False,Store Pickup,True,True,15,Debit Card,Monthly,30,12.166666666666666,365.0,15,False,480,2,True,False,4.7,False,47.3,Silver,Retention Category
1598,43,Male,Hat,Accessories,21,Mississippi,XL,Maroon,Winter,2.6,False,Store Pickup,True,True,34,Bank Transfer,Quarterly,90,4.055555555555555,85.17,34,False,735,2,True,False,2.6,False,27.3,Bronze,Retention Category
1599,47,Male,Jewelry,Accessories,85,California,M,Teal,Fall,4.1,False,Express,True,True,21,Venmo,Bi-Weekly,14,26.071428571428573,2216.07,21,False,1870,2,True,False,4.1,False,67.7,Gold,Retention Category
1600,48,Male,Shirt,Clothing,54,Delaware,M,Orange,Winter,2.8,False,2-Day Shipping,True,True,22,Debit Card,Bi-Weekly,14,26.071428571428573,1407.86,22,False,1242,2,True,False,2.8,False,51.0,Silver,Entry-Point Category
1601,20,Male,Boots,Footwear,26,Montana,S,Yellow,Spring,4.7,False,Next Day Air,True,True,24,PayPal,Weekly,7,52.142857142857146,1355.71,24,False,650,2,True,False,4.7,False,67.1,Gold,Entry-Point Category
1602,65,Male,Shirt,Clothing,59,Indiana,XL,Red,Spring,2.9,False,Store Pickup,True,True,33,Credit Card,Monthly,30,12.166666666666666,717.83,33,False,2006,2,True,False,2.9,False,50.0,Silver,Entry-Point Category
1603,54,Male,Sunglasses,Accessories,48,West Virginia,S,Charcoal,Winter,2.8,False,Free Shipping,True,True,13,Venmo,Fortnightly,14,26.071428571428573,1251.43,13,False,672,2,True,False,2.8,False,44.2,Silver,Retention Category
1604,23,Male,Shorts,Clothing,98,Iowa,L,Black,Summer,4.3,False,Next Day Air,True,True,17,Debit Card,Bi-Weekly,14,26.071428571428573,2555.0,17,False,1764,2,True,False,4.3,False,69.8,Gold,Entry-Point Category
1605,18,Male,Sweater,Clothing,92,Maine,M,White,Summer,4.8,False,2-Day Shipping,True,True,25,Credit Card,Every 3 Months,90,4.055555555555555,373.11,25,False,2392,2,True,False,4.8,False,54.5,Silver,Entry-Point Category
1606,70,Male,Belt,Accessories,46,Connecticut,M,Lavender,Winter,3.4,False,Next Day Air,True,True,15,Credit Card,Bi-Weekly,14,26.071428571428573,1199.29,15,False,736,2,True,False,3.4,False,49.8,Silver,Retention Category
1607,55,Male,T-shirt,Clothing,21,Kansas,S,White,Spring,4.3,False,Standard,True,True,4,PayPal,Fortnightly,14,26.071428571428573,547.5,4,False,105,2,True,False,4.3,False,41.4,Silver,Entry-Point Category
1608,49,Male,Shorts,Clothing,72,Vermont,S,Gray,Fall,2.7,False,Free Shipping,True,True,43,Debit Card,Quarterly,90,4.055555555555555,292.0,43,True,3168,2,True,False,2.7,False,44.1,Silver,Entry-Point Category
1609,26,Male,Sandals,Footwear,58,Nebraska,XL,Cyan,Fall,4.6,False,Next Day Air,True,True,12,Bank Transfer,Bi-Weekly,14,26.071428571428573,1512.14,12,False,754,2,True,False,4.6,False,60.4,Gold,Entry-Point Category
1610,33,Male,Shirt,Clothing,93,Nevada,S,Brown,Fall,4.1,False,Standard,True,True,3,Venmo,Monthly,30,12.166666666666666,1131.5,3,False,372,2,True,False,4.1,False,47.3,Silver,Entry-Point Category
1611,20,Male,Socks,Clothing,31,Tennessee,L,Purple,Spring,3.4,False,2-Day Shipping,True,True,1,PayPal,Annually,365,1.0,31.0,1,False,62,2,True,False,3.4,False,8.5,Bronze,Entry-Point Category
1612,41,Male,Pants,Clothing,26,Arkansas,L,Yellow,Winter,4.5,False,Next Day Air,True,True,6,Debit Card,Monthly,30,12.166666666666666,316.33,6,False,182,2,True,False,4.5,False,38.2,Silver,Entry-Point Category
1613,18,Male,Skirt,Clothing,68,Wisconsin,M,Indigo,Summer,4.4,False,Standard,True,True,26,Venmo,Monthly,30,12.166666666666666,827.33,26,False,1836,2,True,False,4.4,False,59.4,Gold,Entry-Point Category
1614,26,Male,Jewelry,Accessories,31,Illinois,S,Black,Summer,4.0,False,Next Day Air,True,True,6,Credit Card,Fortnightly,14,26.071428571428573,808.21,6,False,217,2,True,False,4.0,False,44.1,Silver,Retention Category
1615,30,Male,T-shirt,Clothing,41,Kansas,S,Gray,Summer,3.4,False,Free Shipping,True,True,22,Cash,Bi-Weekly,14,26.071428571428573,1068.93,22,False,943,2,True,False,3.4,False,52.1,Silver,Entry-Point Category
1616,64,Male,Jewelry,Accessories,62,New York,M,Indigo,Fall,3.2,False,Standard,True,True,45,Cash,Bi-Weekly,14,26.071428571428573,1616.43,45,True,2852,2,True,False,3.2,False,69.4,Gold,Retention Category
1617,26,Male,Hat,Accessories,41,Colorado,M,Green,Spring,3.4,False,Standard,True,True,50,Cash,Quarterly,90,4.055555555555555,166.28,50,True,2091,2,True,False,3.4,False,48.4,Silver,Retention Category
1618,43,Male,Blouse,Clothing,64,Wisconsin,M,Peach,Winter,4.3,False,Standard,True,True,50,Credit Card,Fortnightly,14,26.071428571428573,1668.57,50,True,3264,2,True,False,4.3,False,82.0,Platinum,Entry-Point Category
1619,63,Male,Sandals,Footwear,72,Michigan,L,Purple,Summer,5.0,False,Standard,True,True,39,Debit Card,Quarterly,90,4.055555555555555,292.0,39,True,2880,2,True,False,5.0,False,60.0,Gold,Entry-Point Category
1620,57,Male,Handbag,Accessories,78,Hawaii,L,Beige,Winter,3.5,False,Store Pickup,True,True,50,Venmo,Bi-Weekly,14,26.071428571428573,2033.57,50,True,3978,2,True,False,3.5,False,78.5,Gold,Retention Category
1621,25,Male,Hat,Accessories,47,Virginia,M,Charcoal,Winter,3.1,False,2-Day Shipping,True,True,27,PayPal,Every 3 Months,90,4.055555555555555,190.61,27,False,1316,2,True,False,3.1,False,33.3,Silver,Retention Category
1622,68,Male,Scarf,Accessories,46,Ohio,L,Gray,Summer,3.9,False,2-Day Shipping,True,True,38,Debit Card,Fortnightly,14,26.071428571428573,1199.29,38,True,1794,2,True,False,3.9,False,67.7,Gold,Retention Category
1623,31,Male,Shorts,Clothing,43,Missouri,S,Brown,Winter,4.0,False,Store Pickup,True,True,37,Bank Transfer,Every 3 Months,90,4.055555555555555,174.39,37,False,1634,2,True,False,4.0,False,46.1,Silver,Entry-Point Category
1624,64,Male,Backpack,Accessories,58,Indiana,M,Cyan,Summer,3.5,False,Next Day Air,True,True,50,Debit Card,Annually,365,1.0,58.0,50,True,2958,2,True,False,3.5,False,41.2,Silver,Retention Category
1625,38,Male,Sweater,Clothing,32,Florida,M,White,Winter,3.6,False,Free Shipping,True,True,40,PayPal,Every 3 Months,90,4.055555555555555,129.78,40,True,1312,2,True,False,3.6,False,42.2,Silver,Entry-Point Category
1626,34,Male,Skirt,Clothing,45,Minnesota,L,Beige,Winter,3.0,False,Next Day Air,True,True,3,PayPal,Bi-Weekly,14,26.071428571428573,1173.21,3,False,180,2,True,False,3.0,False,39.0,Silver,Entry-Point Category
1627,32,Male,Sneakers,Footwear,35,Nevada,L,Orange,Summer,2.6,False,Next Day Air,True,True,45,Credit Card,Bi-Weekly,14,26.071428571428573,912.5,45,True,1610,2,True,False,2.6,False,57.3,Gold,Entry-Point Category
1628,69,Male,Sunglasses,Accessories,21,Maine,M,Olive,Winter,2.9,False,Next Day Air,True,True,8,Credit Card,Annually,365,1.0,21.0,8,False,189,2,True,False,2.9,False,7.9,Bronze,Retention Category
1629,45,Male,Dress,Clothing,64,Massachusetts,S,Teal,Winter,3.1,False,Next Day Air,True,True,7,Cash,Monthly,30,12.166666666666666,778.67,7,False,512,2,True,False,3.1,False,36.9,Silver,Entry-Point Category
1630,35,Male,Blouse,Clothing,88,North Dakota,S,Silver,Spring,3.3,False,Next Day Air,True,True,13,Venmo,Quarterly,90,4.055555555555555,356.89,13,False,1232,2,True,False,3.3,False,34.2,Silver,Entry-Point Category
1631,63,Male,Shoes,Footwear,48,New Jersey,M,Gold,Summer,2.9,False,Store Pickup,True,True,29,Venmo,Every 3 Months,90,4.055555555555555,194.67,29,False,1440,2,True,False,2.9,False,32.9,Silver,Entry-Point Category
1632,65,Male,Sweater,Clothing,36,Indiana,L,Violet,Summer,3.9,False,2-Day Shipping,True,True,7,Bank Transfer,Fortnightly,14,26.071428571428573,938.57,7,False,288,2,True,False,3.9,False,45.7,Silver,Entry-Point Category
1633,35,Male,Gloves,Accessories,28,Oregon,S,White,Summer,4.7,False,2-Day Shipping,True,True,50,Debit Card,Every 3 Months,90,4.055555555555555,113.56,50,True,1428,2,True,False,4.7,False,56.4,Gold,Retention Category
1634,54,Male,Socks,Clothing,80,North Dakota,M,Peach,Spring,4.4,False,2-Day Shipping,True,True,33,Debit Card,Bi-Weekly,14,26.071428571428573,2085.71,33,False,2720,2,True,False,4.4,False,76.4,Gold,Entry-Point Category
1635,28,Male,Coat,Outerwear,23,South Carolina,S,Orange,Summer,3.6,False,Store Pickup,True,True,30,Cash,Every 3 Months,90,4.055555555555555,93.28,30,False,713,2,True,False,3.6,False,33.7,Silver,Entry-Point Category
1636,68,Male,Sunglasses,Accessories,24,North Carolina,L,Violet,Summer,3.2,False,Standard,True,True,40,Cash,Annually,365,1.0,24.0,40,True,984,2,True,False,3.2,False,29.7,Bronze,Retention Category
1637,58,Male,Boots,Footwear,22,North Dakota,L,Green,Fall,4.0,False,Free Shipping,True,True,49,Cash,Fortnightly,14,26.071428571428573,573.57,49,True,1100,2,True,False,4.0,False,66.3,Gold,Entry-Point Category
1638,35,Male,Dress,Clothing,21,Massachusetts,M,Peach,Spring,3.5,False,Next Day Air,True,True,32,Venmo,Fortnightly,14,26.071428571428573,547.5,32,False,693,2,True,False,3.5,False,51.7,Silver,Entry-Point Category
1639,68,Male,Jacket,Outerwear,51,Tennessee,M,Black,Spring,4.6,False,Free Shipping,True,True,18,Venmo,Weekly,7,52.142857142857146,2659.29,18,False,969,2,True,False,4.6,False,73.4,Gold,Entry-Point Category
1640,41,Male,Gloves,Accessories,65,Missouri,L,Blue,Summer,3.3,False,Free Shipping,True,True,50,PayPal,Annually,365,1.0,65.0,50,True,3315,2,True,False,3.3,False,40.1,Silver,Retention Category
1641,65,Male,Scarf,Accessories,51,Tennessee,S,Magenta,Spring,4.0,False,2-Day Shipping,True,True,13,PayPal,Weekly,7,52.142857142857146,2659.29,13,False,714,2,True,False,4.0,False,65.6,Gold,Retention Category
1642,50,Male,Hoodie,Clothing,32,Colorado,L,Violet,Summer,3.4,False,Free Shipping,True,True,1,Bank Transfer,Every 3 Months,90,4.055555555555555,129.78,1,False,64,2,True,False,3.4,False,17.1,Bronze,Entry-Point Category
1643,18,Male,Coat,Outerwear,70,Mississippi,M,Beige,Spring,4.2,False,Store Pickup,True,True,16,PayPal,Fortnightly,14,26.071428571428573,1825.0,16,False,1190,2,True,False,4.2,False,62.4,Gold,Entry-Point Category
1644,38,Male,Scarf,Accessories,77,Ohio,L,Pink,Summer,3.9,False,2-Day Shipping,True,True,6,PayPal,Monthly,30,12.166666666666666,936.83,6,False,539,2,True,False,3.9,False,44.9,Silver,Retention Category
1645,68,Male,Coat,Outerwear,90,North Carolina,S,Beige,Summer,3.9,False,Next Day Air,True,True,21,Debit Card,Monthly,30,12.166666666666666,1095.0,21,False,1980,2,True,False,3.9,False,56.0,Gold,Entry-Point Category
1646,53,Male,Scarf,Accessories,36,Ohio,L,Green,Summer,2.8,False,Standard,True,True,36,Venmo,Every 3 Months,90,4.055555555555555,146.0,36,False,1332,2,True,False,2.8,False,34.2,Silver,Retention Category
1647,58,Male,Handbag,Accessories,77,Nebraska,S,Silver,Summer,3.7,False,Standard,True,True,20,Bank Transfer,Every 3 Months,90,4.055555555555555,312.28,20,False,1617,2,True,False,3.7,False,39.4,Silver,Retention Category
1648,34,Male,Boots,Footwear,78,Hawaii,M,Purple,Summer,4.9,False,Store Pickup,True,True,8,Debit Card,Quarterly,90,4.055555555555555,316.33,8,False,702,2,True,False,4.9,False,42.4,Silver,Entry-Point Category
1649,36,Male,Pants,Clothing,69,Oklahoma,M,Gray,Summer,2.6,False,Express,True,True,22,Credit Card,Monthly,30,12.166666666666666,839.5,22,False,1587,2,True,False,2.6,False,42.8,Silver,Entry-Point Category
1650,58,Male,T-shirt,Clothing,63,Wisconsin,M,White,Summer,4.9,False,Free Shipping,True,True,3,Credit Card,Quarterly,90,4.055555555555555,255.5,3,False,252,2,True,False,4.9,False,36.0,Silver,Entry-Point Category
1651,60,Male,Scarf,Accessories,36,Arkansas,M,Silver,Winter,3.4,False,Next Day Air,True,True,46,Credit Card,Fortnightly,14,26.071428571428573,938.57,46,True,1692,2,True,False,3.4,False,64.7,Gold,Retention Category
1652,59,Male,Coat,Outerwear,80,Texas,M,Blue,Winter,3.9,False,Standard,True,True,42,Debit Card,Monthly,30,12.166666666666666,973.33,42,True,3440,2,True,False,3.9,False,67.0,Gold,Entry-Point Category
1653,65,Male,Sweater,Clothing,35,New Mexico,M,Orange,Summer,4.0,False,Next Day Air,True,True,1,Bank Transfer,Fortnightly,14,26.071428571428573,912.5,1,False,70,2,True,False,4.0,False,42.3,Silver,Entry-Point Category
1654,31,Male,Belt,Accessories,93,Colorado,L,Silver,Winter,3.0,False,2-Day Shipping,True,True,29,Debit Card,Bi-Weekly,14,26.071428571428573,2424.64,29,False,2790,2,True,False,3.0,False,65.4,Gold,Retention Category
1655,43,Male,Belt,Accessories,25,Indiana,L,Gray,Spring,2.6,False,Store Pickup,True,True,14,Credit Card,Quarterly,90,4.055555555555555,101.39,14,False,375,2,True,False,2.6,False,17.3,Bronze,Retention Category
1656,37,Male,Sweater,Clothing,81,Arizona,L,Gold,Spring,3.2,False,Next Day Air,True,True,4,PayPal,Monthly,30,12.166666666666666,985.5,4,False,405,2,True,False,3.2,False,38.7,Silver,Entry-Point Category
1657,21,Male,Blouse,Clothing,42,Indiana,L,Brown,Spring,2.6,False,2-Day Shipping,True,True,41,PayPal,Every 3 Months,90,4.055555555555555,170.33,41,True,1764,2,True,False,2.6,False,36.9,Silver,Entry-Point Category
1658,69,Male,Skirt,Clothing,36,Indiana,L,Turquoise,Spring,3.2,False,Store Pickup,True,True,4,Debit Card,Bi-Weekly,14,26.071428571428573,938.57,4,False,180,2,True,False,3.2,False,38.0,Silver,Entry-Point Category
1659,32,Male,Jewelry,Accessories,66,Alaska,S,Pink,Spring,4.1,False,Store Pickup,True,True,47,Cash,Weekly,7,52.142857142857146,3441.43,47,True,3168,2,True,False,4.1,False,88.1,Platinum,Retention Category
1660,53,Male,Gloves,Accessories,37,Utah,M,Black,Fall,3.9,False,Next Day Air,True,True,44,Venmo,Annually,365,1.0,37.0,44,True,1665,2,True,False,3.9,False,38.9,Silver,Retention Category
1661,59,Male,T-shirt,Clothing,45,Louisiana,L,Yellow,Winter,4.1,False,Standard,True,True,37,Venmo,Monthly,30,12.166666666666666,547.5,37,False,1710,2,True,False,4.1,False,59.6,Gold,Entry-Point Category
1662,64,Male,Gloves,Accessories,86,Iowa,S,Beige,Summer,2.7,False,2-Day Shipping,True,True,21,Debit Card,Quarterly,90,4.055555555555555,348.78,21,False,1892,2,True,False,2.7,False,33.9,Silver,Retention Category
1663,63,Male,Sunglasses,Accessories,24,New Mexico,M,Olive,Winter,4.6,False,Free Shipping,True,True,46,Debit Card,Fortnightly,14,26.071428571428573,625.71,46,True,1128,2,True,False,4.6,False,70.0,Gold,Retention Category
1664,43,Male,Shirt,Clothing,22,Maine,XL,Gold,Summer,3.5,False,Standard,True,True,1,Cash,Bi-Weekly,14,26.071428571428573,573.57,1,False,44,2,True,False,3.5,False,33.3,Silver,Entry-Point Category
1665,19,Male,Handbag,Accessories,53,Minnesota,M,Purple,Spring,5.0,False,Next Day Air,True,True,35,PayPal,Weekly,7,52.142857142857146,2763.57,35,False,1908,2,True,False,5.0,False,86.9,Platinum,Retention Category
1666,40,Male,Jacket,Outerwear,41,New Mexico,L,Pink,Fall,3.4,False,Next Day Air,True,True,49,Venmo,Monthly,30,12.166666666666666,498.83,49,True,2050,2,True,False,3.4,False,60.3,Gold,Entry-Point Category
1667,51,Male,Skirt,Clothing,64,Arkansas,M,Blue,Summer,3.1,False,Store Pickup,True,True,47,PayPal,Annually,365,1.0,64.0,47,True,3072,2,True,False,3.1,False,36.7,Silver,Entry-Point Category
1668,51,Male,Handbag,Accessories,40,Oklahoma,L,Brown,Winter,3.4,False,2-Day Shipping,True,True,24,Bank Transfer,Every 3 Months,90,4.055555555555555,162.22,24,False,1000,2,True,False,3.4,False,32.7,Silver,Retention Category
1669,66,Male,Blouse,Clothing,33,Utah,L,Charcoal,Summer,4.0,False,Standard,True,True,28,Debit Card,Fortnightly,14,26.071428571428573,860.36,28,False,957,2,True,False,4.0,False,57.9,Gold,Entry-Point Category
1670,42,Male,T-shirt,Clothing,59,Wisconsin,L,Maroon,Winter,2.7,False,Store Pickup,True,True,22,Bank Transfer,Quarterly,90,4.055555555555555,239.28,22,False,1357,2,True,False,2.7,False,28.9,Bronze,Entry-Point Category
1671,22,Male,Pants,Clothing,73,Utah,L,Cyan,Fall,3.6,False,Free Shipping,True,True,20,Cash,Weekly,7,52.142857142857146,3806.43,20,False,1533,2,True,False,3.6,False,68.2,Gold,Entry-Point Category
1672,31,Male,Hoodie,Clothing,22,Utah,M,Olive,Winter,4.0,False,Free Shipping,True,True,25,Bank Transfer,Weekly,7,52.142857142857146,1147.14,25,False,572,2,True,False,4.0,False,60.1,Gold,Entry-Point Category
1673,18,Male,Boots,Footwear,73,South Carolina,L,Gold,Fall,3.8,False,Free Shipping,True,True,15,Venmo,Quarterly,90,4.055555555555555,296.06,15,False,1168,2,True,False,3.8,False,36.4,Silver,Entry-Point Category
1674,21,Male,Blouse,Clothing,62,Hawaii,M,Violet,Fall,3.4,False,Next Day Air,True,True,49,Venmo,Bi-Weekly,14,26.071428571428573,1616.43,49,True,3100,2,True,False,3.4,False,73.6,Gold,Entry-Point Category
1675,35,Male,Coat,Outerwear,56,Alaska,M,Peach,Winter,3.2,False,Free Shipping,True,True,10,Debit Card,Fortnightly,14,26.071428571428573,1460.0,10,False,616,2,True,False,3.2,False,47.3,Silver,Entry-Point Category
1676,35,Male,Pants,Clothing,90,Colorado,M,Beige,Spring,4.7,False,Next Day Air,True,True,21,Credit Card,Annually,365,1.0,90.0,21,False,1980,2,True,False,4.7,False,36.8,Silver,Entry-Point Category
1677,27,Male,Sunglasses,Accessories,44,West Virginia,M,Cyan,Winter,3.1,False,Next Day Air,True,True,34,Bank Transfer,Weekly,7,52.142857142857146,2294.29,34,False,1540,2,True,False,3.1,False,68.1,Gold,Retention Category
1678,65,Male,Jeans,Clothing,35,Oregon,L,Silver,Summer,3.3,False,Next Day Air,False,False,41,Debit Card,Weekly,7,52.142857142857146,1825.0,41,True,1470,0,False,False,3.3,False,70.0,Gold,Entry-Point Category
1679,41,Male,Pants,Clothing,71,Ohio,S,Magenta,Summer,4.8,False,2-Day Shipping,False,False,30,Venmo,Fortnightly,14,26.071428571428573,1851.07,30,False,2201,0,False,True,4.8,False,75.8,Gold,Entry-Point Category
1680,60,Male,Dress,Clothing,52,Massachusetts,S,Black,Fall,4.5,False,Next Day Air,False,False,24,Debit Card,Bi-Weekly,14,26.071428571428573,1355.71,24,False,1300,0,False,False,4.5,False,65.5,Gold,Entry-Point Category
1681,61,Male,Shoes,Footwear,37,Louisiana,M,Olive,Summer,3.4,False,Store Pickup,False,False,6,Credit Card,Annually,365,1.0,37.0,6,False,259,0,False,False,3.4,False,12.4,Bronze,Entry-Point Category
1682,24,Male,Sneakers,Footwear,95,Virginia,L,Green,Winter,3.7,False,2-Day Shipping,False,False,14,Credit Card,Bi-Weekly,14,26.071428571428573,2476.79,14,False,1425,0,False,True,3.7,False,62.4,Gold,Entry-Point Category
1683,65,Male,Socks,Clothing,97,New York,M,Yellow,Fall,4.9,False,2-Day Shipping,False,False,37,Credit Card,Bi-Weekly,14,26.071428571428573,2528.93,37,False,3686,0,False,True,4.9,False,86.4,Platinum,Entry-Point Category
1684,23,Male,Coat,Outerwear,57,Arkansas,S,Lavender,Spring,3.5,False,Next Day Air,False,False,37,Venmo,Quarterly,90,4.055555555555555,231.17,37,False,2166,0,False,False,3.5,False,44.0,Silver,Entry-Point Category
1685,30,Male,Shirt,Clothing,93,New Mexico,M,Indigo,Spring,4.6,False,Standard,False,False,28,PayPal,Weekly,7,52.142857142857146,4849.29,28,False,2697,0,False,True,4.6,False,82.9,Platinum,Entry-Point Category
1686,33,Male,Blouse,Clothing,48,Minnesota,M,Pink,Winter,4.6,False,Standard,False,False,43,PayPal,Bi-Weekly,14,26.071428571428573,1251.43,43,True,2112,0,False,False,4.6,False,76.8,Gold,Entry-Point Category
1687,22,Male,Gloves,Accessories,75,Illinois,L,Red,Fall,4.2,False,Store Pickup,False,False,25,Cash,Annually,365,1.0,75.0,25,False,1950,0,False,True,4.2,False,33.5,Silver,Retention Category
1688,67,Male,Skirt,Clothing,70,Georgia,S,Magenta,Winter,3.7,False,Free Shipping,False,False,4,PayPal,Annually,365,1.0,70.0,4,False,350,0,False,True,3.7,False,16.3,Bronze,Entry-Point Category
1689,28,Male,Handbag,Accessories,26,Mississippi,S,Peach,Winter,3.0,False,Next Day Air,False,False,13,Venmo,Fortnightly,14,26.071428571428573,677.86,13,False,364,0,False,False,3.0,False,38.1,Silver,Retention Category
1690,32,Male,Shirt,Clothing,73,North Carolina,L,Turquoise,Winter,4.6,False,Store Pickup,False,False,32,Bank Transfer,Monthly,30,12.166666666666666,888.17,32,False,2409,0,False,True,4.6,False,65.6,Gold,Entry-Point Category
1691,40,Male,Coat,Outerwear,30,Nevada,M,Black,Summer,3.2,False,Free Shipping,False,False,1,Cash,Annually,365,1.0,30.0,1,False,60,0,False,False,3.2,False,6.8,Bronze,Entry-Point Category
1692,64,Male,Shoes,Footwear,61,Connecticut,L,Blue,Summer,3.5,False,Next Day Air,False,False,4,Cash,Annually,365,1.0,61.0,4,False,305,0,False,True,3.5,False,14.0,Bronze,Entry-Point Category
1693,56,Male,Handbag,Accessories,75,Utah,M,Beige,Winter,2.6,False,Standard,False,False,33,Cash,Bi-Weekly,14,26.071428571428573,1955.36,33,False,2550,0,False,True,2.6,False,60.7,Gold,Retention Category
1694,63,Male,Jacket,Outerwear,88,Tennessee,XL,Olive,Fall,4.9,False,Standard,False,False,45,Bank Transfer,Fortnightly,14,26.071428571428573,2294.29,45,True,4048,0,False,True,4.9,False,88.9,Platinum,Entry-Point Category
1695,20,Male,Shirt,Clothing,67,Mississippi,M,Turquoise,Summer,2.7,False,Express,False,False,20,Debit Card,Fortnightly,14,26.071428571428573,1746.79,20,False,1407,0,False,True,2.7,False,51.7,Silver,Entry-Point Category
1696,54,Male,Hat,Accessories,95,Nebraska,S,Yellow,Fall,4.7,False,2-Day Shipping,False,False,1,PayPal,Fortnightly,14,26.071428571428573,2476.79,1,False,190,0,False,True,4.7,False,62.8,Gold,Retention Category
1697,31,Male,Sunglasses,Accessories,69,West Virginia,S,Turquoise,Spring,4.0,False,Free Shipping,False,False,7,Credit Card,Bi-Weekly,14,26.071428571428573,1798.93,7,False,552,0,False,True,4.0,False,55.4,Gold,Retention Category
1698,36,Male,Shirt,Clothing,87,South Carolina,L,Lavender,Fall,3.5,False,Next Day Air,False,False,48,Credit Card,Every 3 Months,90,4.055555555555555,352.83,48,True,4263,0,False,True,3.5,False,56.8,Gold,Entry-Point Category
1699,25,Male,Belt,Accessories,41,Iowa,XL,Turquoise,Winter,4.8,False,Standard,False,False,46,Bank Transfer,Quarterly,90,4.055555555555555,166.28,46,True,1927,0,False,False,4.8,False,57.3,Gold,Retention Category
1700,20,Male,Sweater,Clothing,67,North Dakota,L,Teal,Spring,4.0,False,Free Shipping,False,False,34,Debit Card,Annually,365,1.0,67.0,34,False,2345,0,False,True,4.0,False,36.8,Silver,Entry-Point Category
1701,62,Male,Hoodie,Clothing,70,West Virginia,L,Black,Fall,4.1,False,Express,False,False,36,Bank Transfer,Monthly,30,12.166666666666666,851.67,36,False,2590,0,False,True,4.1,False,63.5,Gold,Entry-Point Category
1702,69,Male,Handbag,Accessories,41,Mississippi,XL,Blue,Winter,3.8,False,Next Day Air,False,False,44,Debit Card,Every 3 Months,90,4.055555555555555,166.28,44,True,1845,0,False,False,3.8,False,48.0,Silver,Retention Category
1703,54,Male,Jeans,Clothing,83,Alabama,XL,Yellow,Summer,5.0,False,Express,False,False,48,Bank Transfer,Weekly,7,52.142857142857146,4327.86,48,True,4067,0,False,True,5.0,False,97.0,Platinum,Entry-Point Category
1704,39,Male,Backpack,Accessories,22,California,M,Black,Spring,4.0,False,Next Day Air,False,False,12,Bank Transfer,Annually,365,1.0,22.0,12,False,286,0,False,False,4.0,False,19.3,Bronze,Retention Category
1705,56,Male,Sneakers,Footwear,20,Idaho,M,Lavender,Summer,3.9,False,Store Pickup,False,False,19,Cash,Every 3 Months,90,4.055555555555555,81.11,19,False,400,0,False,False,3.9,False,27.8,Bronze,Entry-Point Category
1706,39,Male,Jewelry,Accessories,29,South Dakota,L,Cyan,Summer,3.4,False,2-Day Shipping,False,False,49,Venmo,Bi-Weekly,14,26.071428571428573,756.07,49,True,1450,0,False,False,3.4,False,64.1,Gold,Retention Category
1707,37,Male,Sunglasses,Accessories,87,North Dakota,M,Brown,Spring,3.0,False,Standard,False,False,25,Venmo,Fortnightly,14,26.071428571428573,2268.21,25,False,2262,0,False,True,3.0,False,61.5,Gold,Retention Category
1708,25,Male,Shorts,Clothing,81,Nevada,L,Maroon,Fall,4.9,False,2-Day Shipping,False,False,25,Cash,Bi-Weekly,14,26.071428571428573,2111.79,25,False,2106,0,False,True,4.9,False,75.5,Gold,Entry-Point Category
1709,35,Male,Boots,Footwear,58,Florida,L,Cyan,Spring,3.2,False,Express,False,False,1,Credit Card,Quarterly,90,4.055555555555555,235.22,1,False,116,0,False,False,3.2,False,20.0,Bronze,Entry-Point Category
1710,45,Male,Skirt,Clothing,83,Indiana,M,Pink,Winter,3.8,False,Standard,False,False,19,Bank Transfer,Annually,365,1.0,83.0,19,False,1660,0,False,True,3.8,False,27.2,Bronze,Entry-Point Category
1711,19,Male,Pants,Clothing,59,Arkansas,XL,Orange,Fall,3.8,False,Store Pickup,False,False,7,Credit Card,Quarterly,90,4.055555555555555,239.28,7,False,472,0,False,False,3.8,False,28.9,Bronze,Entry-Point Category
1712,21,Male,T-shirt,Clothing,93,North Carolina,M,Lavender,Spring,4.7,False,Express,False,False,19,Credit Card,Monthly,30,12.166666666666666,1131.5,19,False,1860,0,False,True,4.7,False,61.6,Gold,Entry-Point Category
1713,65,Male,T-shirt,Clothing,87,Illinois,S,Beige,Fall,3.8,False,2-Day Shipping,False,False,9,Cash,Fortnightly,14,26.071428571428573,2268.21,9,False,870,0,False,True,3.8,False,58.3,Gold,Entry-Point Category
1714,49,Male,Jacket,Outerwear,22,Missouri,M,Pink,Winter,4.6,False,Free Shipping,False,False,37,PayPal,Quarterly,90,4.055555555555555,89.22,37,False,836,0,False,False,4.6,False,45.5,Silver,Entry-Point Category
1715,30,Male,Jeans,Clothing,71,South Dakota,S,Charcoal,Summer,4.4,False,Standard,False,False,15,Cash,Monthly,30,12.166666666666666,863.83,15,False,1136,0,False,True,4.4,False,53.4,Silver,Entry-Point Category
1716,23,Male,Dress,Clothing,69,Idaho,XL,Gray,Spring,3.4,False,2-Day Shipping,False,False,30,PayPal,Bi-Weekly,14,26.071428571428573,1798.93,30,False,2139,0,False,True,3.4,False,64.0,Gold,Entry-Point Category
1717,69,Male,Blouse,Clothing,47,Connecticut,M,Cyan,Winter,4.7,False,Standard,False,False,30,Cash,Every 3 Months,90,4.055555555555555,190.61,30,False,1457,0,False,False,4.7,False,48.0,Silver,Entry-Point Category
1718,29,Male,Hoodie,Clothing,50,Hawaii,L,Orange,Summer,2.9,False,Express,False,False,16,Debit Card,Bi-Weekly,14,26.071428571428573,1303.57,16,False,850,0,False,False,2.9,False,47.2,Silver,Entry-Point Category
1719,54,Male,T-shirt,Clothing,96,Maryland,L,Pink,Winter,3.4,False,2-Day Shipping,False,False,14,PayPal,Every 3 Months,90,4.055555555555555,389.33,14,False,1440,0,False,True,3.4,False,37.4,Silver,Entry-Point Category
1720,45,Male,Sweater,Clothing,39,Maryland,M,White,Winter,3.2,False,Free Shipping,False,False,8,Venmo,Quarterly,90,4.055555555555555,158.17,8,False,351,0,False,False,3.2,False,21.4,Bronze,Entry-Point Category
1721,25,Male,Shorts,Clothing,84,Massachusetts,S,Beige,Winter,2.8,False,Express,False,False,40,Debit Card,Bi-Weekly,14,26.071428571428573,2190.0,40,True,3444,0,False,True,2.8,False,68.2,Gold,Entry-Point Category
1722,34,Male,Jewelry,Accessories,28,Delaware,S,Magenta,Spring,4.3,False,Free Shipping,False,False,24,Credit Card,Monthly,30,12.166666666666666,340.67,24,False,700,0,False,False,4.3,False,48.4,Silver,Retention Category
1723,46,Male,T-shirt,Clothing,51,Massachusetts,L,Violet,Summer,3.3,False,Standard,False,False,14,Cash,Fortnightly,14,26.071428571428573,1329.64,14,False,765,0,False,False,3.3,False,49.5,Silver,Entry-Point Category
1724,70,Male,Scarf,Accessories,20,New York,XL,Gold,Spring,3.3,False,Standard,False,False,39,PayPal,Annually,365,1.0,20.0,39,True,800,0,False,False,3.3,False,29.5,Bronze,Retention Category
1725,42,Male,Shoes,Footwear,72,Delaware,S,Teal,Winter,3.3,False,Free Shipping,False,False,21,PayPal,Weekly,7,52.142857142857146,3754.29,21,False,1584,0,False,True,3.3,False,66.3,Gold,Entry-Point Category
1726,45,Male,Sunglasses,Accessories,33,Massachusetts,M,Indigo,Spring,3.0,False,Next Day Air,False,False,32,Venmo,Quarterly,90,4.055555555555555,133.83,32,False,1089,0,False,False,3.0,False,33.0,Silver,Retention Category
1727,57,Male,Coat,Outerwear,28,Indiana,S,Olive,Summer,2.8,False,Express,False,False,45,Debit Card,Weekly,7,52.142857142857146,1460.0,45,True,1288,0,False,False,2.8,False,65.0,Gold,Entry-Point Category
1728,49,Male,Blouse,Clothing,53,Virginia,S,Violet,Spring,4.0,False,Express,False,False,19,PayPal,Monthly,30,12.166666666666666,644.83,19,False,1060,0,False,False,4.0,False,49.3,Silver,Entry-Point Category
1729,23,Male,Jeans,Clothing,48,Wyoming,L,Black,Fall,4.3,False,Express,False,False,1,Debit Card,Every 3 Months,90,4.055555555555555,194.67,1,False,96,0,False,False,4.3,False,27.6,Bronze,Entry-Point Category
1730,47,Male,Shorts,Clothing,21,Illinois,M,Brown,Winter,3.8,False,Store Pickup,False,False,12,Venmo,Fortnightly,14,26.071428571428573,547.5,12,False,273,0,False,False,3.8,False,41.9,Silver,Entry-Point Category
1731,23,Male,Shirt,Clothing,22,Alabama,S,Silver,Fall,4.2,False,Free Shipping,False,False,26,Credit Card,Weekly,7,52.142857142857146,1147.14,26,False,594,0,False,False,4.2,False,62.3,Gold,Entry-Point Category
1732,21,Male,Backpack,Accessories,87,Idaho,M,Gray,Fall,3.1,False,Next Day Air,False,False,12,Cash,Monthly,30,12.166666666666666,1058.5,12,False,1131,0,False,True,3.1,False,43.6,Silver,Retention Category
1733,45,Male,Belt,Accessories,50,Rhode Island,S,Charcoal,Winter,2.6,False,Free Shipping,False,False,36,Cash,Every 3 Months,90,4.055555555555555,202.78,36,False,1850,0,False,False,2.6,False,35.1,Silver,Retention Category
1734,67,Male,Blouse,Clothing,85,New York,L,Black,Summer,3.4,False,Express,False,False,22,Credit Card,Annually,365,1.0,85.0,22,False,1955,0,False,True,3.4,False,26.1,Bronze,Entry-Point Category
1735,31,Male,Jeans,Clothing,98,Missouri,L,Brown,Spring,3.1,False,Next Day Air,False,False,16,PayPal,Quarterly,90,4.055555555555555,397.44,16,False,1666,0,False,True,3.1,False,36.7,Silver,Entry-Point Category
1736,58,Male,Dress,Clothing,34,Texas,M,Purple,Winter,3.6,False,Express,False,False,31,Venmo,Annually,365,1.0,34.0,31,False,1088,0,False,False,3.6,False,28.5,Bronze,Entry-Point Category
1737,57,Male,Shorts,Clothing,61,Tennessee,M,Purple,Summer,2.6,False,2-Day Shipping,False,False,43,Cash,Quarterly,90,4.055555555555555,247.39,43,True,2684,0,False,True,2.6,False,41.1,Silver,Entry-Point Category
1738,42,Male,Jewelry,Accessories,98,Ohio,L,Gray,Summer,4.2,False,Store Pickup,False,False,50,Venmo,Bi-Weekly,14,26.071428571428573,2555.0,50,True,4998,0,False,True,4.2,False,88.8,Platinum,Retention Category
1739,60,Male,Handbag,Accessories,61,Tennessee,M,Green,Spring,2.9,False,2-Day Shipping,False,False,37,Credit Card,Weekly,7,52.142857142857146,3180.71,37,False,2318,0,False,True,2.9,False,71.9,Gold,Retention Category
1740,21,Male,Jewelry,Accessories,98,Minnesota,L,Silver,Winter,4.2,False,Express,False,False,23,Cash,Weekly,7,52.142857142857146,5110.0,23,False,2352,0,False,True,4.2,False,77.1,Gold,Retention Category
1741,69,Male,Pants,Clothing,21,Wisconsin,L,Charcoal,Fall,3.3,False,Next Day Air,False,False,10,Bank Transfer,Every 3 Months,90,4.055555555555555,85.17,10,False,231,0,False,False,3.3,False,18.1,Bronze,Entry-Point Category
1742,41,Male,Pants,Clothing,51,Delaware,XL,Teal,Winter,3.6,False,Next Day Air,False,False,20,Bank Transfer,Monthly,30,12.166666666666666,620.5,20,False,1071,0,False,False,3.6,False,46.1,Silver,Entry-Point Category
1743,51,Male,Sandals,Footwear,80,Kansas,XL,White,Spring,4.3,False,Express,False,False,18,Venmo,Every 3 Months,90,4.055555555555555,324.44,18,False,1520,0,False,True,4.3,False,43.8,Silver,Entry-Point Category
1744,23,Male,Skirt,Clothing,72,Missouri,XL,Brown,Winter,3.3,False,Standard,False,False,3,Bank Transfer,Weekly,7,52.142857142857146,3754.29,3,False,288,0,False,True,3.3,False,55.5,Gold,Entry-Point Category
1745,57,Male,Sunglasses,Accessories,63,Michigan,L,Teal,Winter,3.0,False,Standard,False,False,23,PayPal,Weekly,7,52.142857142857146,3285.0,23,False,1512,0,False,True,3.0,False,64.5,Gold,Retention Category
1746,40,Male,Skirt,Clothing,27,West Virginia,L,Red,Winter,3.6,False,Store Pickup,False,False,27,Cash,Weekly,7,52.142857142857146,1407.86,27,False,756,0,False,False,3.6,False,60.4,Gold,Entry-Point Category
1747,65,Male,Handbag,Accessories,44,Alabama,L,Brown,Summer,3.1,False,Store Pickup,False,False,44,Bank Transfer,Fortnightly,14,26.071428571428573,1147.14,44,True,1980,0,False,False,3.1,False,64.0,Gold,Retention Category
1748,61,Male,Coat,Outerwear,23,New Hampshire,M,Yellow,Winter,2.9,False,Express,False,False,41,Venmo,Quarterly,90,4.055555555555555,93.28,41,True,966,0,False,False,2.9,False,34.6,Silver,Entry-Point Category
1749,34,Male,Skirt,Clothing,93,Montana,L,Teal,Winter,3.9,False,2-Day Shipping,False,False,41,Bank Transfer,Annually,365,1.0,93.0,41,True,3906,0,False,True,3.9,False,42.6,Silver,Entry-Point Category
1750,43,Male,Hoodie,Clothing,70,Wyoming,L,Pink,Fall,3.2,False,2-Day Shipping,False,False,36,Debit Card,Every 3 Months,90,4.055555555555555,283.89,36,False,2590,0,False,True,3.2,False,43.6,Silver,Entry-Point Category
1751,31,Male,Sunglasses,Accessories,85,Missouri,M,White,Fall,3.1,False,Express,False,False,38,Venmo,Every 3 Months,90,4.055555555555555,344.72,38,True,3315,0,False,True,3.1,False,47.2,Silver,Retention Category
1752,57,Male,Sweater,Clothing,40,Ohio,M,Silver,Winter,3.2,False,2-Day Shipping,False,False,34,Cash,Annually,365,1.0,40.0,34,False,1400,0,False,False,3.2,False,27.9,Bronze,Entry-Point Category
1753,34,Male,Boots,Footwear,29,South Dakota,L,Blue,Winter,3.3,False,Store Pickup,False,False,14,Venmo,Quarterly,90,4.055555555555555,117.61,14,False,435,0,False,False,3.3,False,23.6,Bronze,Entry-Point Category
1754,25,Male,Skirt,Clothing,27,Colorado,L,Black,Fall,4.8,False,Next Day Air,False,False,23,Credit Card,Fortnightly,14,26.071428571428573,703.93,23,False,648,0,False,False,4.8,False,59.0,Gold,Entry-Point Category
1755,66,Male,Dress,Clothing,93,Massachusetts,S,Beige,Fall,3.8,False,2-Day Shipping,False,False,18,Credit Card,Fortnightly,14,26.071428571428573,2424.64,18,False,1767,0,False,True,3.8,False,65.1,Gold,Entry-Point Category
1756,56,Male,Belt,Accessories,20,Delaware,XL,Charcoal,Spring,4.6,False,Next Day Air,False,False,45,Cash,Monthly,30,12.166666666666666,243.33,45,True,920,0,False,False,4.6,False,58.2,Gold,Retention Category
1757,49,Male,Jewelry,Accessories,55,New Hampshire,S,Cyan,Fall,2.8,False,Free Shipping,False,False,14,Bank Transfer,Weekly,7,52.142857142857146,2867.86,14,False,825,0,False,False,2.8,False,56.8,Gold,Retention Category
1758,19,Male,Dress,Clothing,94,Michigan,L,Yellow,Fall,3.6,False,Standard,False,False,48,Debit Card,Annually,365,1.0,94.0,48,True,4606,0,False,True,3.6,False,44.7,Silver,Entry-Point Category
1759,27,Male,Hat,Accessories,56,Pennsylvania,M,Silver,Winter,4.3,False,Free Shipping,False,False,17,Venmo,Bi-Weekly,14,26.071428571428573,1460.0,17,False,1008,0,False,False,4.3,False,60.5,Gold,Retention Category
1760,68,Male,Sweater,Clothing,58,Louisiana,L,Green,Spring,4.0,False,Next Day Air,False,False,1,PayPal,Weekly,7,52.142857142857146,3024.29,1,False,116,0,False,False,4.0,False,59.0,Gold,Entry-Point Category
1761,20,Male,Skirt,Clothing,44,Minnesota,XL,Peach,Spring,3.5,False,Standard,False,False,39,PayPal,Weekly,7,52.142857142857146,2294.29,39,True,1760,0,False,False,3.5,False,74.2,Gold,Entry-Point Category
1762,21,Male,Hoodie,Clothing,95,Hawaii,S,Green,Fall,4.9,False,2-Day Shipping,False,False,24,Cash,Weekly,7,52.142857142857146,4953.57,24,False,2375,0,False,True,4.9,False,83.0,Platinum,Entry-Point Category
1763,36,Male,Sandals,Footwear,42,Idaho,M,Brown,Summer,3.1,False,Express,False,False,41,Bank Transfer,Fortnightly,14,26.071428571428573,1095.0,41,True,1764,0,False,False,3.1,False,61.5,Gold,Entry-Point Category
1764,37,Male,Jewelry,Accessories,93,Vermont,M,Lavender,Winter,3.9,False,Store Pickup,False,False,28,PayPal,Annually,365,1.0,93.0,28,False,2697,0,False,True,3.9,False,34.8,Silver,Retention Category
1765,61,Male,Dress,Clothing,56,Delaware,M,Charcoal,Summer,3.0,False,Store Pickup,False,False,34,Venmo,Quarterly,90,4.055555555555555,227.11,34,False,1960,0,False,False,3.0,False,38.1,Silver,Entry-Point Category
1766,68,Male,Hoodie,Clothing,88,New Mexico,M,Orange,Spring,4.1,False,2-Day Shipping,False,False,41,Venmo,Quarterly,90,4.055555555555555,356.89,41,True,3696,0,False,True,4.1,False,57.7,Gold,Entry-Point Category
1767,60,Male,Sweater,Clothing,54,Alaska,S,Cyan,Winter,4.3,False,2-Day Shipping,False,False,27,Cash,Bi-Weekly,14,26.071428571428573,1407.86,27,False,1512,0,False,False,4.3,False,66.3,Gold,Entry-Point Category
1768,69,Male,Jewelry,Accessories,89,Minnesota,L,Lavender,Fall,3.8,False,2-Day Shipping,False,False,46,Debit Card,Fortnightly,14,26.071428571428573,2320.36,46,True,4183,0,False,True,3.8,False,80.9,Platinum,Retention Category
1769,25,Male,Sandals,Footwear,45,Nebraska,M,Indigo,Summer,3.9,False,2-Day Shipping,False,False,2,PayPal,Every 3 Months,90,4.055555555555555,182.5,2,False,135,0,False,False,3.9,False,24.4,Bronze,Entry-Point Category
1770,32,Male,Socks,Clothing,75,Alaska,L,Brown,Winter,4.3,False,Free Shipping,False,False,45,Cash,Monthly,30,12.166666666666666,912.5,45,True,3450,0,False,True,4.3,False,71.1,Gold,Entry-Point Category
1771,53,Male,Backpack,Accessories,22,Michigan,M,Pink,Fall,4.3,False,Express,False,False,34,Bank Transfer,Weekly,7,52.142857142857146,1147.14,34,False,770,0,False,False,4.3,False,68.1,Gold,Retention Category
1772,46,Male,Shirt,Clothing,82,Indiana,XL,Turquoise,Fall,4.7,False,Store Pickup,False,False,9,Credit Card,Annually,365,1.0,82.0,9,False,820,0,False,True,4.7,False,28.6,Bronze,Entry-Point Category
1773,58,Male,Shoes,Footwear,34,Hawaii,M,Gold,Summer,3.1,False,2-Day Shipping,False,False,1,Bank Transfer,Annually,365,1.0,34.0,1,False,68,0,False,False,3.1,False,6.4,Bronze,Entry-Point Category
1774,21,Male,Coat,Outerwear,92,West Virginia,M,Blue,Summer,2.7,False,Free Shipping,False,False,17,PayPal,Annually,365,1.0,92.0,17,False,1656,0,False,True,2.7,False,18.3,Bronze,Entry-Point Category
1775,46,Male,Sweater,Clothing,78,New York,M,Lavender,Spring,3.7,False,Express,False,False,6,PayPal,Weekly,7,52.142857142857146,4067.14,6,False,546,0,False,True,3.7,False,61.2,Gold,Entry-Point Category
1776,18,Male,Jacket,Outerwear,47,Iowa,M,Violet,Spring,3.3,False,2-Day Shipping,False,False,12,Cash,Bi-Weekly,14,26.071428571428573,1225.36,12,False,611,0,False,False,3.3,False,47.4,Silver,Entry-Point Category
1777,56,Male,Jacket,Outerwear,64,Arizona,L,Cyan,Summer,3.4,False,Free Shipping,False,False,10,Venmo,Every 3 Months,90,4.055555555555555,259.56,10,False,704,0,False,True,3.4,False,28.4,Bronze,Entry-Point Category
1778,18,Male,Sneakers,Footwear,44,Minnesota,L,Purple,Winter,4.7,False,Free Shipping,False,False,4,Cash,Fortnightly,14,26.071428571428573,1147.14,4,False,220,0,False,False,4.7,False,53.1,Silver,Entry-Point Category
1779,49,Male,Belt,Accessories,94,Texas,M,Red,Winter,4.9,False,Store Pickup,False,False,8,Debit Card,Bi-Weekly,14,26.071428571428573,2450.71,8,False,846,0,False,True,4.9,False,68.5,Gold,Retention Category
1780,29,Male,Scarf,Accessories,62,Virginia,M,Charcoal,Winter,4.3,False,Free Shipping,False,False,41,Venmo,Weekly,7,52.142857142857146,3232.86,41,True,2604,0,False,True,4.3,False,85.9,Platinum,Retention Category
1781,67,Male,Jewelry,Accessories,81,North Dakota,S,Gray,Summer,4.2,False,Next Day Air,False,False,49,Credit Card,Weekly,7,52.142857142857146,4223.57,49,True,4050,0,False,True,4.2,False,91.3,Platinum,Retention Category
1782,31,Male,T-shirt,Clothing,33,Iowa,M,Pink,Fall,3.7,False,Express,False,False,49,Bank Transfer,Quarterly,90,4.055555555555555,133.83,49,True,1650,0,False,False,3.7,False,48.6,Silver,Entry-Point Category
1783,52,Male,Pants,Clothing,88,Utah,M,Lavender,Fall,2.7,False,Next Day Air,False,False,40,Bank Transfer,Fortnightly,14,26.071428571428573,2294.29,40,True,3608,0,False,True,2.7,False,68.4,Gold,Entry-Point Category
1784,42,Male,Handbag,Accessories,49,Ohio,L,Lavender,Winter,3.3,False,Free Shipping,False,False,30,Credit Card,Monthly,30,12.166666666666666,596.17,30,False,1519,0,False,False,3.3,False,49.3,Silver,Retention Category
1785,32,Male,Backpack,Accessories,31,Louisiana,L,Yellow,Summer,4.8,False,Standard,False,False,4,Debit Card,Quarterly,90,4.055555555555555,125.72,4,False,155,0,False,False,4.8,False,30.2,Silver,Retention Category
1786,47,Male,Gloves,Accessories,29,Iowa,S,Peach,Fall,4.1,False,Next Day Air,False,False,22,Venmo,Monthly,30,12.166666666666666,352.83,22,False,667,0,False,False,4.1,False,46.1,Silver,Retention Category
1787,45,Male,Jacket,Outerwear,34,Maryland,M,Brown,Spring,4.6,False,2-Day Shipping,False,False,22,Venmo,Monthly,30,12.166666666666666,413.67,22,False,782,0,False,False,4.6,False,53.2,Silver,Entry-Point Category
1788,20,Male,Sweater,Clothing,38,Montana,L,Gold,Fall,4.9,False,2-Day Shipping,False,False,10,Bank Transfer,Quarterly,90,4.055555555555555,154.11,10,False,418,0,False,False,4.9,False,36.0,Silver,Entry-Point Category
1789,66,Male,Blouse,Clothing,41,Illinois,L,Pink,Summer,3.1,False,Store Pickup,False,False,23,Cash,Bi-Weekly,14,26.071428571428573,1068.93,23,False,984,0,False,False,3.1,False,50.3,Silver,Entry-Point Category
1790,52,Male,Blouse,Clothing,34,Arizona,L,Peach,Spring,3.0,False,2-Day Shipping,False,False,43,Debit Card,Quarterly,90,4.055555555555555,137.89,43,True,1496,0,False,False,3.0,False,39.6,Silver,Entry-Point Category
1791,50,Male,Gloves,Accessories,26,North Carolina,S,Violet,Summer,3.7,False,Store Pickup,False,False,31,PayPal,Bi-Weekly,14,26.071428571428573,677.86,31,False,832,0,False,False,3.7,False,54.6,Silver,Retention Category
1792,62,Male,Jeans,Clothing,98,Montana,S,Purple,Winter,4.0,False,Store Pickup,False,False,38,Cash,Annually,365,1.0,98.0,38,True,3822,0,False,True,4.0,False,42.8,Silver,Entry-Point Category
1793,38,Male,Sneakers,Footwear,59,Iowa,M,Peach,Fall,3.0,False,Express,False,False,22,Debit Card,Every 3 Months,90,4.055555555555555,239.28,22,False,1357,0,False,False,3.0,False,31.3,Silver,Entry-Point Category
1794,65,Male,Hat,Accessories,92,Iowa,S,White,Fall,3.8,False,Store Pickup,False,False,45,Cash,Every 3 Months,90,4.055555555555555,373.11,45,True,4232,0,False,True,3.8,False,58.3,Gold,Retention Category
1795,60,Male,Backpack,Accessories,40,Ohio,L,Indigo,Spring,3.7,False,Express,False,False,21,Debit Card,Fortnightly,14,26.071428571428573,1042.86,21,False,880,0,False,False,3.7,False,53.6,Silver,Retention Category
1796,68,Male,Jeans,Clothing,20,Wisconsin,S,Violet,Fall,4.0,False,2-Day Shipping,False,False,9,Debit Card,Fortnightly,14,26.071428571428573,521.43,9,False,200,0,False,False,4.0,False,41.5,Silver,Entry-Point Category
1797,62,Male,Skirt,Clothing,35,South Carolina,S,Brown,Spring,3.1,False,Store Pickup,False,False,34,Venmo,Weekly,7,52.142857142857146,1825.0,34,False,1225,0,False,False,3.1,False,64.4,Gold,Entry-Point Category
1798,62,Male,Belt,Accessories,35,Oregon,L,Maroon,Spring,3.9,False,2-Day Shipping,False,False,26,Venmo,Weekly,7,52.142857142857146,1825.0,26,False,945,0,False,False,3.9,False,66.0,Gold,Retention Category
1799,40,Male,Dress,Clothing,82,North Dakota,L,Magenta,Winter,3.7,False,Express,False,False,1,Cash,Weekly,7,52.142857142857146,4275.71,1,False,164,0,False,True,3.7,False,58.3,Gold,Entry-Point Category
1800,32,Male,Hoodie,Clothing,48,California,M,Charcoal,Fall,3.9,False,Express,False,False,47,Venmo,Weekly,7,52.142857142857146,2502.86,47,True,2304,0,False,False,3.9,False,84.1,Platinum,Entry-Point Category
1801,22,Male,Coat,Outerwear,58,Mississippi,XL,Indigo,Winter,2.7,False,Express,False,False,30,Credit Card,Weekly,7,52.142857142857146,3024.29,30,False,1798,0,False,False,2.7,False,65.9,Gold,Entry-Point Category
1802,33,Male,Sweater,Clothing,57,New Jersey,M,Turquoise,Spring,3.9,False,Express,False,False,48,Debit Card,Fortnightly,14,26.071428571428573,1486.07,48,True,2793,0,False,False,3.9,False,76.2,Gold,Entry-Point Category
1803,57,Male,Shorts,Clothing,96,Rhode Island,L,Turquoise,Winter,2.6,False,Store Pickup,False,False,31,Venmo,Bi-Weekly,14,26.071428571428573,2502.86,31,False,3072,0,False,True,2.6,False,64.2,Gold,Entry-Point Category
1804,60,Male,Sneakers,Footwear,97,New Hampshire,S,Gray,Summer,3.5,False,Free Shipping,False,False,33,Venmo,Fortnightly,14,26.071428571428573,2528.93,33,False,3298,0,False,True,3.5,False,72.9,Gold,Entry-Point Category
1805,30,Male,Sweater,Clothing,42,Louisiana,L,Peach,Winter,4.4,False,Next Day Air,False,False,39,Credit Card,Weekly,7,52.142857142857146,2190.0,39,True,1680,0,False,False,4.4,False,80.6,Platinum,Entry-Point Category
1806,41,Male,T-shirt,Clothing,62,Arizona,L,Gold,Spring,4.9,False,Store Pickup,False,False,46,Debit Card,Weekly,7,52.142857142857146,3232.86,46,True,2914,0,False,True,4.9,False,93.4,Platinum,Entry-Point Category
1807,58,Male,Handbag,Accessories,67,Rhode Island,M,Green,Fall,3.9,False,Standard,False,False,24,Venmo,Annually,365,1.0,67.0,24,False,1675,0,False,True,3.9,False,29.7,Bronze,Retention Category
1808,34,Male,Sneakers,Footwear,46,Vermont,L,Gold,Summer,3.5,False,Standard,False,False,37,Venmo,Fortnightly,14,26.071428571428573,1199.29,37,False,1748,0,False,False,3.5,False,63.9,Gold,Entry-Point Category
1809,67,Male,Jacket,Outerwear,71,Tennessee,M,Lavender,Spring,4.3,False,Next Day Air,False,False,7,Debit Card,Monthly,30,12.166666666666666,863.83,7,False,568,0,False,True,4.3,False,48.1,Silver,Entry-Point Category
1810,58,Male,Backpack,Accessories,99,Alaska,S,Blue,Fall,3.4,False,Free Shipping,False,False,6,Debit Card,Fortnightly,14,26.071428571428573,2581.07,6,False,693,0,False,True,3.4,False,56.3,Gold,Retention Category
1811,41,Male,Jeans,Clothing,28,Maryland,M,Magenta,Fall,2.7,False,Standard,False,False,16,Cash,Bi-Weekly,14,26.071428571428573,730.0,16,False,476,0,False,False,2.7,False,38.2,Silver,Entry-Point Category
1812,42,Male,Belt,Accessories,77,Wisconsin,L,Blue,Summer,3.6,False,Standard,False,False,33,Bank Transfer,Annually,365,1.0,77.0,33,False,2618,0,False,True,3.6,False,33.6,Silver,Retention Category
1813,50,Male,Boots,Footwear,63,Nevada,S,Blue,Summer,4.9,False,Express,False,False,18,PayPal,Bi-Weekly,14,26.071428571428573,1642.5,18,False,1197,0,False,True,4.9,False,67.2,Gold,Entry-Point Category
1814,40,Male,Shorts,Clothing,62,Illinois,M,Olive,Spring,3.5,False,Free Shipping,False,False,24,PayPal,Weekly,7,52.142857142857146,3232.86,24,False,1550,0,False,True,3.5,False,69.1,Gold,Entry-Point Category
1815,32,Male,Jeans,Clothing,92,Montana,M,White,Summer,3.8,False,Free Shipping,False,False,24,Cash,Quarterly,90,4.055555555555555,373.11,24,False,2300,0,False,True,3.8,False,45.8,Silver,Entry-Point Category
1816,51,Male,Shoes,Footwear,72,New Mexico,L,White,Winter,4.5,False,2-Day Shipping,False,False,48,Credit Card,Every 3 Months,90,4.055555555555555,292.0,48,True,3528,0,False,True,4.5,False,61.8,Gold,Entry-Point Category
1817,26,Male,Hat,Accessories,79,Virginia,M,Purple,Summer,4.0,False,Express,False,False,4,Cash,Weekly,7,52.142857142857146,4119.29,4,False,395,0,False,True,4.0,False,62.5,Gold,Retention Category
1818,32,Male,T-shirt,Clothing,27,Delaware,M,White,Summer,4.7,False,Free Shipping,False,False,20,Cash,Weekly,7,52.142857142857146,1407.86,20,False,567,0,False,False,4.7,False,65.1,Gold,Entry-Point Category
1819,58,Male,Sunglasses,Accessories,39,North Carolina,M,White,Fall,3.8,False,Express,False,False,47,Debit Card,Every 3 Months,90,4.055555555555555,158.17,47,True,1872,0,False,False,3.8,False,49.5,Silver,Retention Category
1820,51,Male,Socks,Clothing,86,Nevada,S,Peach,Spring,4.5,False,Next Day Air,False,False,50,Cash,Quarterly,90,4.055555555555555,348.78,50,True,4386,0,False,True,4.5,False,65.8,Gold,Entry-Point Category
1821,19,Male,Shirt,Clothing,94,Washington,XL,Gold,Fall,5.0,False,Express,False,False,31,PayPal,Monthly,30,12.166666666666666,1143.67,31,False,3008,0,False,True,5.0,False,71.3,Gold,Entry-Point Category
1822,57,Male,Shorts,Clothing,53,Maine,M,Teal,Spring,2.8,False,Express,False,False,29,PayPal,Quarterly,90,4.055555555555555,214.94,29,False,1590,0,False,False,2.8,False,32.8,Silver,Entry-Point Category
1823,66,Male,Shirt,Clothing,85,Connecticut,S,Cyan,Summer,4.4,False,Standard,False,False,4,Cash,Annually,365,1.0,85.0,4,False,425,0,False,True,4.4,False,23.6,Bronze,Entry-Point Category
1824,62,Male,Socks,Clothing,50,Louisiana,L,Pink,Fall,4.7,False,Free Shipping,False,False,40,Bank Transfer,Bi-Weekly,14,26.071428571428573,1303.57,40,True,2050,0,False,False,4.7,False,76.3,Gold,Entry-Point Category
1825,58,Male,Pants,Clothing,47,Illinois,XL,Magenta,Winter,3.8,False,Express,False,False,31,Cash,Monthly,30,12.166666666666666,571.83,31,False,1504,0,False,False,3.8,False,53.7,Silver,Entry-Point Category
1826,23,Male,Boots,Footwear,75,South Dakota,M,Pink,Winter,4.9,False,Next Day Air,False,False,41,Credit Card,Weekly,7,52.142857142857146,3910.71,41,True,3150,0,False,True,4.9,False,91.6,Platinum,Entry-Point Category
1827,45,Male,T-shirt,Clothing,60,Indiana,M,Turquoise,Winter,4.2,False,Express,False,False,44,Debit Card,Annually,365,1.0,60.0,44,True,2700,0,False,True,4.2,False,43.5,Silver,Entry-Point Category
1828,20,Male,T-shirt,Clothing,36,Vermont,S,Pink,Spring,4.9,False,2-Day Shipping,False,False,31,Bank Transfer,Weekly,7,52.142857142857146,1877.14,31,False,1152,0,False,False,4.9,False,77.4,Gold,Entry-Point Category
1829,33,Male,Coat,Outerwear,80,New Hampshire,L,Gray,Spring,3.9,False,Express,False,False,45,Cash,Every 3 Months,90,4.055555555555555,324.44,45,True,3680,0,False,True,3.9,False,56.7,Gold,Entry-Point Category
1830,30,Male,Hat,Accessories,96,Oregon,M,White,Spring,4.9,False,2-Day Shipping,False,False,50,Credit Card,Quarterly,90,4.055555555555555,389.33,50,True,4896,0,False,True,4.9,False,71.1,Gold,Retention Category
1831,50,Male,Sunglasses,Accessories,80,Kansas,M,Blue,Winter,4.8,False,Express,False,False,7,Venmo,Annually,365,1.0,80.0,7,False,640,0,False,True,4.8,False,28.0,Bronze,Retention Category
1832,62,Male,Blouse,Clothing,71,Maine,M,Cyan,Summer,3.3,False,Free Shipping,False,False,5,Bank Transfer,Every 3 Months,90,4.055555555555555,287.94,5,False,426,0,False,True,3.3,False,26.0,Bronze,Entry-Point Category
1833,69,Male,Jewelry,Accessories,29,Louisiana,M,Blue,Fall,4.6,False,Free Shipping,False,False,48,Cash,Monthly,30,12.166666666666666,352.83,48,True,1421,0,False,False,4.6,False,65.7,Gold,Retention Category
1834,34,Male,Jewelry,Accessories,53,Louisiana,M,Yellow,Spring,4.5,False,2-Day Shipping,False,False,19,PayPal,Fortnightly,14,26.071428571428573,1381.79,19,False,1060,0,False,False,4.5,False,62.6,Gold,Retention Category
1835,49,Male,Skirt,Clothing,35,Indiana,M,Charcoal,Summer,4.1,False,2-Day Shipping,False,False,39,Venmo,Fortnightly,14,26.071428571428573,912.5,39,True,1400,0,False,False,4.1,False,66.0,Gold,Entry-Point Category
1836,65,Male,Scarf,Accessories,75,Kentucky,M,Lavender,Fall,3.2,False,2-Day Shipping,False,False,45,Credit Card,Quarterly,90,4.055555555555555,304.17,45,True,3450,0,False,True,3.2,False,49.9,Silver,Retention Category
1837,66,Male,Pants,Clothing,52,South Carolina,M,Teal,Fall,4.2,False,2-Day Shipping,False,False,35,Credit Card,Monthly,30,12.166666666666666,632.67,35,False,1872,0,False,False,4.2,False,60.7,Gold,Entry-Point Category
1838,41,Male,Hat,Accessories,77,Montana,M,Beige,Winter,4.8,False,Free Shipping,False,False,8,Venmo,Monthly,30,12.166666666666666,936.83,8,False,693,0,False,True,4.8,False,53.2,Silver,Retention Category
1839,37,Male,Gloves,Accessories,24,Vermont,L,Blue,Fall,4.1,False,Next Day Air,False,False,11,Credit Card,Quarterly,90,4.055555555555555,97.33,11,False,288,0,False,False,4.1,False,27.2,Bronze,Retention Category
1840,32,Male,Shirt,Clothing,78,Mississippi,XL,Purple,Winter,3.7,False,Store Pickup,False,False,32,Cash,Annually,365,1.0,78.0,32,False,2574,0,False,True,3.7,False,33.8,Silver,Entry-Point Category
1841,42,Male,Sandals,Footwear,98,Wyoming,M,Gold,Winter,2.6,False,Store Pickup,False,False,46,Bank Transfer,Every 3 Months,90,4.055555555555555,397.44,46,True,4606,0,False,True,2.6,False,50.7,Silver,Entry-Point Category
1842,31,Male,Socks,Clothing,57,Vermont,L,Blue,Winter,3.0,False,Standard,False,False,7,PayPal,Every 3 Months,90,4.055555555555555,231.17,7,False,456,0,False,False,3.0,False,22.1,Bronze,Entry-Point Category
1843,61,Male,Handbag,Accessories,78,Alabama,M,Black,Summer,4.4,False,Express,False,False,1,Debit Card,Annually,365,1.0,78.0,1,False,156,0,False,True,4.4,False,20.9,Bronze,Retention Category
1844,36,Male,Jacket,Outerwear,76,Kentucky,M,Charcoal,Fall,4.7,False,Next Day Air,False,False,32,Credit Card,Monthly,30,12.166666666666666,924.67,32,False,2508,0,False,True,4.7,False,66.9,Gold,Entry-Point Category
1845,60,Male,Shorts,Clothing,26,South Dakota,M,Purple,Spring,2.7,False,2-Day Shipping,False,False,31,Credit Card,Annually,365,1.0,26.0,31,False,832,0,False,False,2.7,False,20.6,Bronze,Entry-Point Category
1846,51,Male,Sandals,Footwear,78,Delaware,M,Orange,Winter,2.8,False,2-Day Shipping,False,False,39,Bank Transfer,Quarterly,90,4.055555555555555,316.33,39,True,3120,0,False,True,2.8,False,43.9,Silver,Entry-Point Category
1847,68,Male,Scarf,Accessories,53,Wisconsin,M,Yellow,Summer,2.9,False,Standard,False,False,9,Venmo,Quarterly,90,4.055555555555555,214.94,9,False,530,0,False,False,2.9,False,21.6,Bronze,Retention Category
1848,46,Male,Sandals,Footwear,100,Arizona,XL,Cyan,Summer,4.4,False,Free Shipping,False,False,49,Credit Card,Weekly,7,52.142857142857146,5214.29,49,True,5000,0,False,True,4.4,False,94.5,Platinum,Entry-Point Category
1849,19,Male,Jeans,Clothing,73,Maine,XL,Yellow,Winter,2.7,False,Express,False,False,34,Cash,Every 3 Months,90,4.055555555555555,296.06,34,False,2555,0,False,True,2.7,False,39.2,Silver,Entry-Point Category
1850,30,Male,Skirt,Clothing,40,New Mexico,M,Maroon,Winter,4.5,False,Store Pickup,False,False,35,Bank Transfer,Monthly,30,12.166666666666666,486.67,35,False,1440,0,False,False,4.5,False,60.9,Gold,Entry-Point Category
1851,51,Male,Gloves,Accessories,76,Wyoming,S,Black,Winter,2.8,False,Store Pickup,False,False,50,Debit Card,Weekly,7,52.142857142857146,3962.86,50,True,3876,0,False,True,2.8,False,80.0,Platinum,Retention Category
1852,28,Male,Skirt,Clothing,80,Delaware,S,Lavender,Fall,3.1,False,Free Shipping,False,False,4,Bank Transfer,Fortnightly,14,26.071428571428573,2085.71,4,False,400,0,False,True,3.1,False,48.2,Silver,Entry-Point Category
1853,41,Male,Sweater,Clothing,80,Pennsylvania,XL,Violet,Winter,3.8,False,Store Pickup,False,False,32,Cash,Weekly,7,52.142857142857146,4171.43,32,False,2640,0,False,True,3.8,False,77.8,Gold,Entry-Point Category
1854,29,Male,Blouse,Clothing,67,North Dakota,XL,Olive,Spring,2.9,False,Express,False,False,11,PayPal,Fortnightly,14,26.071428571428573,1746.79,11,False,804,0,False,True,2.9,False,47.9,Silver,Entry-Point Category
1855,25,Male,Sweater,Clothing,61,Kentucky,M,Teal,Spring,3.8,False,Express,False,False,49,Credit Card,Annually,365,1.0,61.0,49,True,3050,0,False,True,3.8,False,43.3,Silver,Entry-Point Category
1856,60,Male,Shirt,Clothing,76,Rhode Island,XL,Teal,Spring,4.7,False,Standard,False,False,9,Cash,Annually,365,1.0,76.0,9,False,760,0,False,True,4.7,False,27.9,Bronze,Entry-Point Category
1857,63,Male,Jewelry,Accessories,55,Arizona,XL,Beige,Summer,3.2,False,Free Shipping,False,False,30,PayPal,Bi-Weekly,14,26.071428571428573,1433.93,30,False,1705,0,False,False,3.2,False,59.1,Gold,Retention Category
1858,51,Male,T-shirt,Clothing,85,Colorado,L,Maroon,Summer,4.0,False,Next Day Air,False,False,33,Cash,Monthly,30,12.166666666666666,1034.17,33,False,2890,0,False,True,4.0,False,63.4,Gold,Entry-Point Category
1859,22,Male,Scarf,Accessories,69,Maine,S,Peach,Spring,4.9,False,2-Day Shipping,False,False,8,Debit Card,Annually,365,1.0,69.0,8,False,621,0,False,True,4.9,False,28.4,Bronze,Retention Category
1860,54,Male,Belt,Accessories,26,New Jersey,L,Beige,Summer,3.7,False,Store Pickup,False,False,29,Debit Card,Fortnightly,14,26.071428571428573,677.86,29,False,780,0,False,False,3.7,False,53.4,Silver,Retention Category
1861,18,Male,T-shirt,Clothing,64,Kansas,M,Silver,Summer,4.8,False,Next Day Air,False,False,4,Credit Card,Monthly,30,12.166666666666666,778.67,4,False,320,0,False,True,4.8,False,48.7,Silver,Entry-Point Category
1862,29,Male,Sneakers,Footwear,60,South Dakota,S,Peach,Fall,3.6,False,Standard,False,False,19,Debit Card,Monthly,30,12.166666666666666,730.0,19,False,1200,0,False,True,3.6,False,47.2,Silver,Entry-Point Category
1863,59,Male,Gloves,Accessories,36,New Hampshire,M,Turquoise,Winter,4.6,False,Express,False,False,10,PayPal,Fortnightly,14,26.071428571428573,938.57,10,False,396,0,False,False,4.6,False,52.9,Silver,Retention Category
1864,25,Male,Sandals,Footwear,21,Connecticut,L,Orange,Spring,4.3,False,2-Day Shipping,False,False,39,Debit Card,Monthly,30,12.166666666666666,255.5,39,True,840,0,False,False,4.3,False,52.9,Silver,Entry-Point Category
1865,19,Male,Backpack,Accessories,72,Wyoming,S,Cyan,Fall,3.2,False,2-Day Shipping,False,False,21,Venmo,Quarterly,90,4.055555555555555,292.0,21,False,1584,0,False,True,3.2,False,34.9,Silver,Retention Category
1866,56,Male,Pants,Clothing,62,Missouri,S,Silver,Summer,3.8,False,Store Pickup,False,False,12,Bank Transfer,Monthly,30,12.166666666666666,754.33,12,False,806,0,False,True,3.8,False,44.9,Silver,Entry-Point Category
1867,31,Male,T-shirt,Clothing,44,Alaska,XL,Gold,Winter,4.2,False,Standard,False,False,9,Credit Card,Fortnightly,14,26.071428571428573,1147.14,9,False,440,0,False,False,4.2,False,52.1,Silver,Entry-Point Category
1868,45,Male,Skirt,Clothing,52,Delaware,M,Brown,Fall,3.4,False,2-Day Shipping,False,False,20,Venmo,Quarterly,90,4.055555555555555,210.89,20,False,1092,0,False,False,3.4,False,32.0,Silver,Entry-Point Category
1869,23,Male,Gloves,Accessories,58,Indiana,M,Silver,Spring,4.7,False,Next Day Air,False,False,44,Cash,Fortnightly,14,26.071428571428573,1512.14,44,True,2610,0,False,False,4.7,False,80.3,Platinum,Retention Category
1870,18,Male,Blouse,Clothing,77,West Virginia,S,Beige,Spring,3.9,False,2-Day Shipping,False,False,16,Debit Card,Every 3 Months,90,4.055555555555555,312.28,16,False,1309,0,False,True,3.9,False,38.8,Silver,Entry-Point Category
1871,43,Male,Blouse,Clothing,99,Wyoming,L,Violet,Spring,4.3,False,Store Pickup,False,False,27,Debit Card,Fortnightly,14,26.071428571428573,2581.07,27,False,2772,0,False,True,4.3,False,76.2,Gold,Entry-Point Category
1872,56,Male,Jeans,Clothing,96,Illinois,XL,Violet,Fall,2.7,False,Standard,False,False,14,Cash,Every 3 Months,90,4.055555555555555,389.33,14,False,1440,0,False,True,2.7,False,31.9,Silver,Entry-Point Category
1873,43,Male,T-shirt,Clothing,64,Alaska,M,Lavender,Summer,4.6,False,Standard,False,False,24,Credit Card,Monthly,30,12.166666666666666,778.67,24,False,1600,0,False,True,4.6,False,59.1,Gold,Entry-Point Category
1874,64,Male,Sweater,Clothing,44,Wisconsin,XL,Red,Fall,2.9,False,Express,False,False,49,Bank Transfer,Weekly,7,52.142857142857146,2294.29,49,True,2200,0,False,False,2.9,False,75.3,Gold,Entry-Point Category
1875,67,Male,Pants,Clothing,33,Indiana,L,Purple,Fall,3.6,False,Free Shipping,False,False,14,Cash,Weekly,7,52.142857142857146,1720.71,14,False,495,0,False,False,3.6,False,55.1,Gold,Entry-Point Category
1876,63,Male,Boots,Footwear,71,Tennessee,M,Brown,Winter,3.9,False,Next Day Air,False,False,6,Credit Card,Quarterly,90,4.055555555555555,287.94,6,False,497,0,False,True,3.9,False,31.6,Silver,Entry-Point Category
1877,54,Male,Skirt,Clothing,36,Illinois,M,Gray,Fall,2.6,False,Standard,False,False,20,Venmo,Quarterly,90,4.055555555555555,146.0,20,False,756,0,False,False,2.6,False,22.9,Bronze,Entry-Point Category
1878,69,Male,Gloves,Accessories,62,Pennsylvania,L,Pink,Fall,3.6,False,Express,False,False,3,Credit Card,Annually,365,1.0,62.0,3,False,248,0,False,True,3.6,False,14.2,Bronze,Retention Category
1879,34,Male,Socks,Clothing,29,Oklahoma,L,Magenta,Summer,3.4,False,Store Pickup,False,False,5,Credit Card,Monthly,30,12.166666666666666,352.83,5,False,174,0,False,False,3.4,False,30.2,Silver,Entry-Point Category
1880,56,Male,T-shirt,Clothing,33,Tennessee,L,Charcoal,Spring,3.5,False,Express,False,False,46,Cash,Bi-Weekly,14,26.071428571428573,860.36,46,True,1551,0,False,False,3.5,False,64.5,Gold,Entry-Point Category
1881,34,Male,Blouse,Clothing,33,New Jersey,L,Yellow,Fall,3.1,False,2-Day Shipping,False,False,8,Debit Card,Monthly,30,12.166666666666666,401.5,8,False,297,0,False,False,3.1,False,32.4,Silver,Entry-Point Category
1882,58,Male,Blouse,Clothing,41,New Jersey,M,Red,Winter,4.3,False,Standard,False,False,13,Cash,Bi-Weekly,14,26.071428571428573,1068.93,13,False,574,0,False,False,4.3,False,54.1,Silver,Entry-Point Category
1883,44,Male,Scarf,Accessories,54,Tennessee,L,Blue,Winter,5.0,False,Store Pickup,False,False,25,Bank Transfer,Quarterly,90,4.055555555555555,219.0,25,False,1404,0,False,False,5.0,False,48.1,Silver,Retention Category
1884,25,Male,Backpack,Accessories,58,Georgia,M,Cyan,Spring,4.9,False,Store Pickup,False,False,39,Debit Card,Fortnightly,14,26.071428571428573,1512.14,39,True,2320,0,False,False,4.9,False,79.0,Gold,Retention Category
1885,27,Male,Shorts,Clothing,30,Arizona,S,Pink,Summer,4.3,False,Next Day Air,False,False,15,Bank Transfer,Bi-Weekly,14,26.071428571428573,782.14,15,False,480,0,False,False,4.3,False,51.5,Silver,Entry-Point Category
1886,26,Male,Jewelry,Accessories,53,Nevada,S,Maroon,Winter,4.4,False,Standard,False,False,35,Cash,Monthly,30,12.166666666666666,644.83,35,False,1908,0,False,False,4.4,False,62.4,Gold,Retention Category
1887,18,Male,Gloves,Accessories,91,Arkansas,L,Beige,Spring,4.4,False,Next Day Air,False,False,46,Cash,Bi-Weekly,14,26.071428571428573,2372.5,46,True,4277,0,False,True,4.4,False,86.5,Platinum,Retention Category
1888,64,Male,Hoodie,Clothing,44,North Dakota,XL,Gold,Fall,3.5,False,Express,False,False,3,PayPal,Monthly,30,12.166666666666666,535.33,3,False,176,0,False,False,3.5,False,33.9,Silver,Entry-Point Category
1889,62,Male,Hoodie,Clothing,89,South Dakota,XL,Turquoise,Winter,3.4,False,Free Shipping,False,False,48,Credit Card,Weekly,7,52.142857142857146,4640.71,48,True,4361,0,False,True,3.4,False,84.8,Platinum,Entry-Point Category
1890,59,Male,Skirt,Clothing,57,North Carolina,L,Peach,Spring,2.5,False,Next Day Air,False,False,27,Bank Transfer,Weekly,7,52.142857142857146,2972.14,27,False,1596,0,False,False,2.5,True,62.7,Gold,Entry-Point Category
1891,36,Male,Sunglasses,Accessories,57,Hawaii,M,Lavender,Spring,3.4,False,Store Pickup,False,False,5,Credit Card,Weekly,7,52.142857142857146,2972.14,5,False,342,0,False,False,3.4,False,56.5,Gold,Retention Category
1892,69,Male,Jewelry,Accessories,74,New Hampshire,M,Gray,Summer,2.6,False,Next Day Air,False,False,48,Debit Card,Quarterly,90,4.055555555555555,300.11,48,True,3626,0,False,True,2.6,False,46.9,Silver,Retention Category
1893,39,Male,Jacket,Outerwear,30,California,M,Blue,Fall,4.6,False,2-Day Shipping,False,False,12,Venmo,Weekly,7,52.142857142857146,1564.29,12,False,390,0,False,False,4.6,False,60.8,Gold,Entry-Point Category
1894,28,Male,Dress,Clothing,20,Delaware,L,Red,Summer,3.7,False,Express,False,False,10,PayPal,Fortnightly,14,26.071428571428573,521.43,10,False,220,0,False,False,3.7,False,39.4,Silver,Entry-Point Category
1895,42,Male,Hoodie,Clothing,90,Arizona,M,Purple,Fall,2.5,False,Free Shipping,False,False,48,Debit Card,Bi-Weekly,14,26.071428571428573,2346.43,48,True,4410,0,False,True,2.5,True,72.3,Gold,Entry-Point Category
1896,31,Male,Jeans,Clothing,61,Washington,L,Indigo,Fall,4.5,False,Express,False,False,3,Debit Card,Monthly,30,12.166666666666666,742.17,3,False,244,0,False,True,4.5,False,45.2,Silver,Entry-Point Category
1897,57,Male,Sandals,Footwear,51,Nevada,M,Gold,Fall,2.9,False,Standard,False,False,19,Venmo,Monthly,30,12.166666666666666,620.5,19,False,1020,0,False,False,2.9,False,39.8,Silver,Entry-Point Category
1898,53,Male,Sunglasses,Accessories,97,Alaska,L,Teal,Winter,2.9,False,Free Shipping,False,False,11,Debit Card,Fortnightly,14,26.071428571428573,2528.93,11,False,1164,0,False,True,2.9,False,54.6,Silver,Retention Category
1899,59,Male,Pants,Clothing,97,Texas,L,Magenta,Fall,3.5,False,Next Day Air,False,False,25,Venmo,Monthly,30,12.166666666666666,1180.17,25,False,2522,0,False,True,3.5,False,56.5,Gold,Entry-Point Category
1900,32,Male,Shorts,Clothing,40,New York,L,Maroon,Winter,4.2,False,Store Pickup,False,False,42,PayPal,Weekly,7,52.142857142857146,2085.71,42,True,1720,0,False,False,4.2,False,80.0,Platinum,Entry-Point Category
1901,65,Male,Jewelry,Accessories,85,Iowa,S,Blue,Summer,3.3,False,Free Shipping,False,False,34,Cash,Quarterly,90,4.055555555555555,344.72,34,False,2975,0,False,True,3.3,False,46.6,Silver,Retention Category
1902,56,Male,Socks,Clothing,76,Arizona,S,Beige,Winter,3.9,False,Store Pickup,False,False,50,Cash,Quarterly,90,4.055555555555555,308.22,50,True,3876,0,False,True,3.9,False,58.9,Gold,Entry-Point Category
1903,31,Male,Sandals,Footwear,22,New Mexico,S,Olive,Spring,5.0,False,Store Pickup,False,False,21,Venmo,Monthly,30,12.166666666666666,267.67,21,False,484,0,False,False,5.0,False,48.1,Silver,Entry-Point Category
1904,59,Male,Pants,Clothing,63,North Carolina,M,Gold,Summer,3.3,False,Standard,False,False,37,Bank Transfer,Weekly,7,52.142857142857146,3285.0,37,False,2394,0,False,True,3.3,False,75.4,Gold,Entry-Point Category
1905,22,Male,T-shirt,Clothing,71,Nevada,S,Silver,Spring,4.2,False,Free Shipping,False,False,46,Cash,Monthly,30,12.166666666666666,863.83,46,True,3337,0,False,True,4.2,False,70.3,Gold,Entry-Point Category
1906,47,Male,Boots,Footwear,35,Idaho,M,Teal,Summer,4.9,False,2-Day Shipping,False,False,14,Bank Transfer,Fortnightly,14,26.071428571428573,912.5,14,False,525,0,False,False,4.9,False,57.2,Gold,Entry-Point Category
1907,23,Male,Backpack,Accessories,30,Vermont,M,Green,Spring,4.6,False,2-Day Shipping,False,False,24,PayPal,Fortnightly,14,26.071428571428573,782.14,24,False,750,0,False,False,4.6,False,59.2,Gold,Retention Category
1908,69,Male,Skirt,Clothing,74,New Mexico,L,Orange,Fall,4.8,False,Store Pickup,False,False,36,Credit Card,Every 3 Months,90,4.055555555555555,300.11,36,False,2738,0,False,True,4.8,False,57.4,Gold,Entry-Point Category
1909,18,Male,Scarf,Accessories,71,Georgia,XL,Charcoal,Winter,2.7,False,Next Day Air,False,False,19,Debit Card,Bi-Weekly,14,26.071428571428573,1851.07,19,False,1420,0,False,True,2.7,False,52.2,Silver,Retention Category
1910,50,Male,Sweater,Clothing,84,Kentucky,S,Black,Spring,4.3,False,Store Pickup,False,False,12,Credit Card,Monthly,30,12.166666666666666,1022.0,12,False,1092,0,False,True,4.3,False,53.0,Silver,Entry-Point Category
1911,29,Male,Sandals,Footwear,38,New York,S,Yellow,Fall,3.8,False,Express,False,False,13,Debit Card,Quarterly,90,4.055555555555555,154.11,13,False,532,0,False,False,3.8,False,28.8,Bronze,Entry-Point Category
1912,65,Male,Jewelry,Accessories,81,Arizona,M,Gray,Spring,4.9,False,Express,False,False,32,Debit Card,Bi-Weekly,14,26.071428571428573,2111.79,32,False,2673,0,False,True,4.9,False,79.9,Gold,Retention Category
1913,29,Male,Sweater,Clothing,56,Colorado,S,Charcoal,Winter,3.4,False,2-Day Shipping,False,False,5,Credit Card,Bi-Weekly,14,26.071428571428573,1460.0,5,False,336,0,False,False,3.4,False,46.1,Silver,Entry-Point Category
1914,49,Male,Skirt,Clothing,48,Kentucky,M,Peach,Winter,3.6,False,Express,False,False,29,Cash,Annually,365,1.0,48.0,29,False,1440,0,False,False,3.6,False,28.6,Bronze,Entry-Point Category
1915,28,Male,Shorts,Clothing,97,Alaska,L,Green,Fall,3.4,False,Standard,False,False,40,Credit Card,Fortnightly,14,26.071428571428573,2528.93,40,True,3977,0,False,True,3.4,False,76.1,Gold,Entry-Point Category
1916,51,Male,Backpack,Accessories,74,Alabama,M,Magenta,Fall,4.7,False,2-Day Shipping,False,False,44,Cash,Weekly,7,52.142857142857146,3858.57,44,True,3330,0,False,True,4.7,False,91.6,Platinum,Retention Category
1917,26,Male,Hoodie,Clothing,50,Connecticut,S,Beige,Winter,3.0,False,Next Day Air,False,False,3,Debit Card,Bi-Weekly,14,26.071428571428573,1303.57,3,False,200,0,False,False,3.0,False,40.2,Silver,Entry-Point Category
1918,38,Male,Skirt,Clothing,71,Hawaii,L,Black,Winter,3.4,False,Free Shipping,False,False,35,PayPal,Bi-Weekly,14,26.071428571428573,1851.07,35,False,2556,0,False,True,3.4,False,67.6,Gold,Entry-Point Category
1919,35,Male,Skirt,Clothing,33,Idaho,S,Purple,Summer,4.6,False,Standard,False,False,33,Debit Card,Monthly,30,12.166666666666666,401.5,33,False,1122,0,False,False,4.6,False,59.6,Gold,Entry-Point Category
1920,34,Male,Backpack,Accessories,56,Virginia,M,Olive,Summer,3.1,False,Express,False,False,20,PayPal,Bi-Weekly,14,26.071428571428573,1460.0,20,False,1176,0,False,False,3.1,False,52.5,Silver,Retention Category
1921,51,Male,Blouse,Clothing,84,Connecticut,M,Purple,Spring,2.8,False,Standard,False,False,40,Cash,Every 3 Months,90,4.055555555555555,340.67,40,True,3444,0,False,True,2.8,False,45.8,Silver,Entry-Point Category
1922,47,Male,Shirt,Clothing,36,Michigan,M,Green,Fall,3.5,False,Store Pickup,False,False,13,Venmo,Annually,365,1.0,36.0,13,False,504,0,False,False,3.5,False,17.0,Bronze,Entry-Point Category
1923,18,Male,Gloves,Accessories,63,Kentucky,S,Peach,Summer,4.6,False,Standard,False,False,9,PayPal,Monthly,30,12.166666666666666,766.5,9,False,630,0,False,True,4.6,False,50.0,Silver,Retention Category
1924,64,Male,Sandals,Footwear,36,Nebraska,XL,Blue,Summer,4.3,False,Standard,False,False,7,Cash,Annually,365,1.0,36.0,7,False,288,0,False,False,4.3,False,20.2,Bronze,Entry-Point Category
1925,30,Male,Jacket,Outerwear,63,Michigan,M,Gray,Fall,4.8,False,Free Shipping,False,False,42,PayPal,Quarterly,90,4.055555555555555,255.5,42,True,2709,0,False,True,4.8,False,58.6,Gold,Entry-Point Category
1926,59,Male,Sneakers,Footwear,32,Utah,L,Black,Winter,2.9,False,Express,False,False,44,Credit Card,Fortnightly,14,26.071428571428573,834.29,44,True,1440,0,False,False,2.9,False,58.0,Gold,Entry-Point Category
1927,66,Male,Backpack,Accessories,93,New Mexico,M,Silver,Spring,3.0,False,Express,False,False,6,PayPal,Annually,365,1.0,93.0,6,False,651,0,False,True,3.0,False,14.5,Bronze,Retention Category
1928,40,Male,Pants,Clothing,29,Florida,M,Pink,Summer,2.9,False,Standard,False,False,8,Cash,Every 3 Months,90,4.055555555555555,117.61,8,False,261,0,False,False,2.9,False,16.9,Bronze,Entry-Point Category
1929,25,Male,Sunglasses,Accessories,92,Mississippi,S,Lavender,Summer,3.7,False,Standard,False,False,10,PayPal,Weekly,7,52.142857142857146,4797.14,10,False,1012,0,False,True,3.7,False,64.6,Gold,Retention Category
1930,59,Male,Jeans,Clothing,33,Hawaii,L,Brown,Fall,4.7,False,Standard,False,False,46,Venmo,Quarterly,90,4.055555555555555,133.83,46,True,1551,0,False,False,4.7,False,54.9,Silver,Entry-Point Category
1931,66,Male,Pants,Clothing,52,North Carolina,L,Turquoise,Spring,3.5,False,Store Pickup,False,False,26,Cash,Weekly,7,52.142857142857146,2711.43,26,False,1404,0,False,False,3.5,False,69.5,Gold,Entry-Point Category
1932,54,Male,Jewelry,Accessories,42,Illinois,S,Olive,Spring,2.7,False,Store Pickup,False,False,6,Debit Card,Every 3 Months,90,4.055555555555555,170.33,6,False,294,0,False,False,2.7,False,16.9,Bronze,Retention Category
1933,42,Male,Hoodie,Clothing,36,Maryland,M,White,Spring,5.0,False,Free Shipping,False,False,47,Credit Card,Every 3 Months,90,4.055555555555555,146.0,47,True,1728,0,False,False,5.0,False,58.3,Gold,Entry-Point Category
1934,48,Male,Sandals,Footwear,67,Montana,L,Violet,Summer,4.1,False,Next Day Air,False,False,28,Venmo,Annually,365,1.0,67.0,28,False,1943,0,False,True,4.1,False,33.9,Silver,Entry-Point Category
1935,34,Male,Jacket,Outerwear,43,Michigan,L,Gold,Winter,2.7,False,Free Shipping,False,False,23,Bank Transfer,Annually,365,1.0,43.0,23,False,1032,0,False,False,2.7,False,17.3,Bronze,Entry-Point Category
1936,19,Male,Blouse,Clothing,68,North Carolina,XL,Violet,Spring,4.8,False,Free Shipping,False,False,45,Cash,Fortnightly,14,26.071428571428573,1772.86,45,True,3128,0,False,True,4.8,False,83.9,Platinum,Entry-Point Category
1937,70,Male,Jewelry,Accessories,60,Minnesota,S,Teal,Summer,4.3,False,2-Day Shipping,False,False,44,PayPal,Every 3 Months,90,4.055555555555555,243.33,44,True,2700,0,False,True,4.3,False,55.2,Gold,Retention Category
1938,43,Male,Socks,Clothing,53,Delaware,M,Olive,Summer,4.5,False,2-Day Shipping,False,False,11,Bank Transfer,Monthly,30,12.166666666666666,644.83,11,False,636,0,False,False,4.5,False,48.6,Silver,Entry-Point Category
1939,46,Male,Jeans,Clothing,23,Kentucky,L,Blue,Spring,3.8,False,Standard,False,False,39,Debit Card,Bi-Weekly,14,26.071428571428573,599.64,39,True,920,0,False,False,3.8,False,58.9,Gold,Entry-Point Category
1940,66,Male,Gloves,Accessories,57,Ohio,L,Magenta,Winter,3.7,False,Store Pickup,False,False,20,PayPal,Every 3 Months,90,4.055555555555555,231.17,20,False,1197,0,False,False,3.7,False,35.2,Silver,Retention Category
1941,50,Male,Hat,Accessories,89,Alaska,L,Gray,Fall,3.9,False,2-Day Shipping,False,False,48,PayPal,Fortnightly,14,26.071428571428573,2320.36,48,True,4361,0,False,True,3.9,False,83.1,Platinum,Retention Category
1942,55,Male,Shoes,Footwear,99,Vermont,XL,Peach,Winter,3.3,False,Standard,False,False,46,Credit Card,Quarterly,90,4.055555555555555,401.5,46,True,4653,0,False,True,3.3,False,56.5,Gold,Entry-Point Category
1943,63,Male,Pants,Clothing,28,Alabama,M,Cyan,Fall,3.4,False,Express,False,False,22,PayPal,Monthly,30,12.166666666666666,340.67,22,False,644,0,False,False,3.4,False,39.8,Silver,Entry-Point Category
1944,32,Male,Socks,Clothing,53,Wisconsin,L,Violet,Summer,3.8,False,Next Day Air,False,False,45,Cash,Annually,365,1.0,53.0,45,True,2438,0,False,False,3.8,False,40.1,Silver,Entry-Point Category
1945,30,Male,Hoodie,Clothing,45,Arkansas,M,Gold,Winter,2.7,False,Free Shipping,False,False,49,Cash,Every 3 Months,90,4.055555555555555,182.5,49,True,2250,0,False,False,2.7,False,43.0,Silver,Entry-Point Category
1946,35,Male,Hoodie,Clothing,38,Georgia,M,Gold,Winter,2.9,False,2-Day Shipping,False,False,9,Credit Card,Every 3 Months,90,4.055555555555555,154.11,9,False,380,0,False,False,2.9,False,19.2,Bronze,Entry-Point Category
1947,59,Male,Pants,Clothing,49,Louisiana,M,White,Summer,4.5,False,Standard,False,False,41,Credit Card,Quarterly,90,4.055555555555555,198.72,41,True,2058,0,False,False,4.5,False,53.3,Silver,Entry-Point Category
1948,59,Male,Shirt,Clothing,32,New York,M,Gray,Summer,2.6,False,Store Pickup,False,False,2,PayPal,Monthly,30,12.166666666666666,389.33,2,False,96,0,False,False,2.6,False,23.8,Bronze,Entry-Point Category
1949,54,Male,T-shirt,Clothing,37,Connecticut,L,Brown,Winter,3.1,False,Next Day Air,False,False,39,PayPal,Bi-Weekly,14,26.071428571428573,964.64,39,True,1480,0,False,False,3.1,False,58.6,Gold,Entry-Point Category
1950,63,Male,Dress,Clothing,80,Nebraska,L,Gray,Winter,4.7,False,Store Pickup,False,False,12,PayPal,Quarterly,90,4.055555555555555,324.44,12,False,1040,0,False,True,4.7,False,43.5,Silver,Entry-Point Category
1951,43,Male,Backpack,Accessories,78,Arkansas,L,Blue,Summer,4.6,False,Free Shipping,False,False,26,PayPal,Every 3 Months,90,4.055555555555555,316.33,26,False,2106,0,False,True,4.6,False,50.8,Silver,Retention Category
1952,33,Male,Gloves,Accessories,53,Connecticut,L,Gold,Summer,2.7,False,Next Day Air,False,False,32,Bank Transfer,Bi-Weekly,14,26.071428571428573,1381.79,32,False,1749,0,False,False,2.7,False,56.2,Gold,Retention Category
1953,57,Male,Shoes,Footwear,82,Maryland,L,Yellow,Summer,4.6,False,2-Day Shipping,False,False,50,Cash,Bi-Weekly,14,26.071428571428573,2137.86,50,True,4182,0,False,True,4.6,False,88.3,Platinum,Entry-Point Category
1954,25,Male,Skirt,Clothing,33,Colorado,XL,Green,Spring,4.8,False,Standard,False,False,3,PayPal,Fortnightly,14,26.071428571428573,860.36,3,False,132,0,False,False,4.8,False,49.2,Silver,Entry-Point Category
1955,26,Male,Gloves,Accessories,77,Colorado,M,Pink,Winter,4.2,False,Free Shipping,False,False,3,Venmo,Quarterly,90,4.055555555555555,312.28,3,False,308,0,False,True,4.2,False,33.5,Silver,Retention Category
1956,50,Male,Hoodie,Clothing,56,Maine,M,Pink,Winter,4.9,False,Express,False,False,37,Cash,Monthly,30,12.166666666666666,681.33,37,False,2128,0,False,False,4.9,False,68.1,Gold,Entry-Point Category
1957,70,Male,Socks,Clothing,37,Oklahoma,M,Pink,Winter,4.9,False,Express,False,False,20,Credit Card,Fortnightly,14,26.071428571428573,964.64,20,False,777,0,False,False,4.9,False,61.6,Gold,Entry-Point Category
1958,68,Male,Gloves,Accessories,54,South Carolina,M,Cyan,Spring,4.5,False,Store Pickup,False,False,26,Cash,Bi-Weekly,14,26.071428571428573,1407.86,26,False,1458,0,False,False,4.5,False,67.2,Gold,Retention Category
1959,39,Male,Shorts,Clothing,67,Nevada,M,Gray,Winter,2.7,False,Store Pickup,False,False,47,Cash,Quarterly,90,4.055555555555555,271.72,47,True,3216,0,False,True,2.7,False,45.5,Silver,Entry-Point Category
1960,46,Male,Shoes,Footwear,90,Colorado,M,White,Fall,3.1,False,Store Pickup,False,False,7,Credit Card,Every 3 Months,90,4.055555555555555,365.0,7,False,720,0,False,True,3.1,False,29.7,Bronze,Entry-Point Category
1961,57,Male,Jeans,Clothing,72,Massachusetts,L,Red,Summer,3.3,False,2-Day Shipping,False,False,40,Credit Card,Annually,365,1.0,72.0,40,True,2952,0,False,True,3.3,False,34.8,Silver,Entry-Point Category
1962,47,Male,Boots,Footwear,59,Nevada,L,Black,Summer,2.6,False,Free Shipping,False,False,45,Debit Card,Quarterly,90,4.055555555555555,239.28,45,True,2714,0,False,False,2.6,False,41.8,Silver,Entry-Point Category
1963,40,Male,Hat,Accessories,45,Iowa,M,Silver,Fall,4.4,False,Standard,False,False,20,PayPal,Fortnightly,14,26.071428571428573,1173.21,20,False,945,0,False,False,4.4,False,60.6,Gold,Retention Category
1964,52,Male,Shorts,Clothing,30,Michigan,L,Pink,Spring,3.9,False,Standard,False,False,11,Credit Card,Weekly,7,52.142857142857146,1564.29,11,False,360,0,False,False,3.9,False,54.5,Silver,Entry-Point Category
1965,40,Male,Pants,Clothing,51,West Virginia,S,Cyan,Summer,4.6,False,Express,False,False,50,Debit Card,Monthly,30,12.166666666666666,620.5,50,True,2601,0,False,False,4.6,False,72.3,Gold,Entry-Point Category
1966,67,Male,Sweater,Clothing,90,Indiana,M,White,Fall,4.9,False,Express,False,False,25,Debit Card,Quarterly,90,4.055555555555555,365.0,25,False,2340,0,False,True,4.9,False,54.9,Silver,Entry-Point Category
1967,67,Male,Jacket,Outerwear,95,Indiana,XL,Purple,Winter,3.7,False,Express,False,False,5,Credit Card,Fortnightly,14,26.071428571428573,2476.79,5,False,570,0,False,True,3.7,False,57.2,Gold,Entry-Point Category
1968,37,Male,Dress,Clothing,81,Georgia,L,Yellow,Fall,3.7,False,Standard,False,False,4,Venmo,Annually,365,1.0,81.0,4,False,405,0,False,True,3.7,False,17.2,Bronze,Entry-Point Category
1969,67,Male,Shirt,Clothing,70,Minnesota,S,Blue,Spring,4.2,False,Standard,False,False,25,Credit Card,Weekly,7,52.142857142857146,3650.0,25,False,1820,0,False,True,4.2,False,76.1,Gold,Entry-Point Category
1970,64,Male,Dress,Clothing,32,Louisiana,S,Cyan,Winter,3.5,False,Next Day Air,False,False,11,Bank Transfer,Fortnightly,14,26.071428571428573,834.29,11,False,384,0,False,False,3.5,False,43.2,Silver,Entry-Point Category
1971,28,Male,Belt,Accessories,94,Maryland,M,Indigo,Spring,2.9,False,Next Day Air,False,False,4,Credit Card,Bi-Weekly,14,26.071428571428573,2450.71,4,False,470,0,False,True,2.9,False,49.8,Silver,Retention Category
1972,54,Male,Hat,Accessories,29,Pennsylvania,XL,Indigo,Spring,3.4,False,Next Day Air,False,False,1,Venmo,Monthly,30,12.166666666666666,352.83,1,False,58,0,False,False,3.4,False,27.6,Bronze,Retention Category
1973,54,Male,Backpack,Accessories,31,Louisiana,M,Silver,Summer,3.3,False,Express,False,False,48,PayPal,Every 3 Months,90,4.055555555555555,125.72,48,True,1519,0,False,False,3.3,False,44.4,Silver,Retention Category
1974,24,Male,Skirt,Clothing,20,Maryland,XL,Red,Fall,4.5,False,Standard,False,False,9,Venmo,Every 3 Months,90,4.055555555555555,81.11,9,False,200,0,False,False,4.5,False,26.9,Bronze,Entry-Point Category
1975,27,Male,Gloves,Accessories,44,Tennessee,M,Peach,Winter,4.6,False,2-Day Shipping,False,False,2,PayPal,Fortnightly,14,26.071428571428573,1147.14,2,False,132,0,False,False,4.6,False,51.0,Silver,Retention Category
1976,53,Male,Jacket,Outerwear,77,Illinois,L,Turquoise,Fall,2.9,False,Express,False,False,4,Cash,Quarterly,90,4.055555555555555,312.28,4,False,385,0,False,True,2.9,False,23.5,Bronze,Entry-Point Category
1977,32,Male,Handbag,Accessories,51,Wyoming,M,Pink,Spring,3.2,False,Next Day Air,False,False,43,PayPal,Fortnightly,14,26.071428571428573,1329.64,43,True,2244,0,False,False,3.2,False,66.1,Gold,Retention Category
1978,24,Male,Sandals,Footwear,49,Florida,M,Teal,Summer,2.6,False,Free Shipping,False,False,32,Bank Transfer,Annually,365,1.0,49.0,32,False,1617,0,False,False,2.6,False,22.7,Bronze,Entry-Point Category
1979,45,Male,Sunglasses,Accessories,78,Massachusetts,L,Magenta,Spring,3.8,False,Store Pickup,False,False,1,Cash,Quarterly,90,4.055555555555555,316.33,1,False,156,0,False,True,3.8,False,29.1,Bronze,Retention Category
1980,49,Male,Jeans,Clothing,98,Tennessee,L,Blue,Spring,2.8,False,Store Pickup,False,False,38,Debit Card,Fortnightly,14,26.071428571428573,2555.0,38,True,3822,0,False,True,2.8,False,70.3,Gold,Entry-Point Category
1981,51,Male,Sandals,Footwear,94,Iowa,M,Green,Winter,4.4,False,Store Pickup,False,False,25,PayPal,Fortnightly,14,26.071428571428573,2450.71,25,False,2444,0,False,True,4.4,False,74.7,Gold,Entry-Point Category
1982,69,Male,Shoes,Footwear,91,Michigan,L,Violet,Summer,4.7,False,Express,False,False,42,PayPal,Quarterly,90,4.055555555555555,369.06,42,True,3913,0,False,True,4.7,False,63.8,Gold,Entry-Point Category
1983,41,Male,Sunglasses,Accessories,77,Kansas,M,Turquoise,Summer,2.7,False,2-Day Shipping,False,False,32,PayPal,Monthly,30,12.166666666666666,936.83,32,False,2541,0,False,True,2.7,False,50.8,Silver,Retention Category
1984,59,Male,Scarf,Accessories,97,Georgia,M,Pink,Summer,2.6,False,Next Day Air,False,False,21,Debit Card,Quarterly,90,4.055555555555555,393.39,21,False,2134,0,False,True,2.6,False,35.6,Silver,Retention Category
1985,26,Male,Skirt,Clothing,58,West Virginia,M,Black,Summer,3.4,False,2-Day Shipping,False,False,26,PayPal,Fortnightly,14,26.071428571428573,1512.14,26,False,1566,0,False,False,3.4,False,59.1,Gold,Entry-Point Category
1986,23,Male,Gloves,Accessories,97,Tennessee,M,Gold,Spring,3.9,False,2-Day Shipping,False,False,6,Credit Card,Fortnightly,14,26.071428571428573,2528.93,6,False,679,0,False,True,3.9,False,60.0,Gold,Retention Category
1987,62,Male,Coat,Outerwear,48,Arkansas,L,Green,Summer,3.4,False,2-Day Shipping,False,False,14,Venmo,Quarterly,90,4.055555555555555,194.67,14,False,720,0,False,False,3.4,False,27.9,Bronze,Entry-Point Category
1988,69,Male,Belt,Accessories,23,Vermont,XL,White,Summer,3.4,False,Express,False,False,4,Cash,Quarterly,90,4.055555555555555,93.28,4,False,115,0,False,False,3.4,False,16.5,Bronze,Retention Category
1989,46,Male,Pants,Clothing,79,Virginia,M,Gold,Winter,3.9,False,Free Shipping,False,False,26,Bank Transfer,Weekly,7,52.142857142857146,4119.29,26,False,2133,0,False,True,3.9,False,74.8,Gold,Entry-Point Category
1990,35,Male,Jewelry,Accessories,42,Maryland,S,Charcoal,Spring,4.0,False,Express,False,False,39,PayPal,Bi-Weekly,14,26.071428571428573,1095.0,39,True,1680,0,False,False,4.0,False,67.7,Gold,Retention Category
1991,32,Male,Backpack,Accessories,95,Connecticut,L,White,Spring,3.4,False,2-Day Shipping,False,False,15,PayPal,Annually,365,1.0,95.0,15,False,1520,0,False,True,3.4,False,23.4,Bronze,Retention Category
1992,46,Male,Sneakers,Footwear,29,Missouri,M,Brown,Summer,3.7,False,Next Day Air,False,False,1,Venmo,Every 3 Months,90,4.055555555555555,117.61,1,False,58,0,False,False,3.7,False,19.0,Bronze,Entry-Point Category
1993,33,Male,Hoodie,Clothing,98,New Jersey,L,Gold,Winter,4.9,False,2-Day Shipping,False,False,28,Venmo,Monthly,30,12.166666666666666,1192.33,28,False,2842,0,False,True,4.9,False,69.6,Gold,Entry-Point Category
1994,32,Male,Blouse,Clothing,96,Arkansas,S,Purple,Spring,5.0,False,Express,False,False,17,Cash,Weekly,7,52.142857142857146,5005.71,17,False,1728,0,False,True,5.0,False,79.4,Gold,Entry-Point Category
1995,33,Male,Sunglasses,Accessories,66,Nevada,M,Brown,Fall,2.9,False,Next Day Air,False,False,24,Credit Card,Weekly,7,52.142857142857146,3441.43,24,False,1650,0,False,True,2.9,False,64.5,Gold,Retention Category
1996,67,Male,Boots,Footwear,80,Missouri,S,Teal,Spring,3.0,False,Standard,False,False,29,Debit Card,Quarterly,90,4.055555555555555,324.44,29,False,2400,0,False,True,3.0,False,39.9,Silver,Entry-Point Category
1997,67,Male,Sneakers,Footwear,27,South Dakota,L,Indigo,Summer,3.3,False,Next Day Air,False,False,18,Cash,Every 3 Months,90,4.055555555555555,109.5,18,False,513,0,False,False,3.3,False,25.6,Bronze,Entry-Point Category
1998,42,Male,Backpack,Accessories,25,Connecticut,M,Purple,Fall,4.7,False,Express,False,False,10,Debit Card,Bi-Weekly,14,26.071428571428573,651.79,10,False,275,0,False,False,4.7,False,49.8,Silver,Retention Category
1999,20,Male,Pants,Clothing,45,Vermont,M,Orange,Fall,3.4,False,2-Day Shipping,False,False,19,Cash,Quarterly,90,4.055555555555555,182.5,19,False,900,0,False,False,3.4,False,30.4,Silver,Entry-Point Category
2000,39,Male,Socks,Clothing,89,Tennessee,L,Indigo,Winter,4.6,False,2-Day Shipping,False,False,26,Debit Card,Monthly,30,12.166666666666666,1082.83,26,False,2403,0,False,True,4.6,False,64.6,Gold,Entry-Point Category
2001,26,Male,Belt,Accessories,27,California,M,Lavender,Winter,3.6,False,2-Day Shipping,False,False,25,Cash,Bi-Weekly,14,26.071428571428573,703.93,25,False,702,0,False,False,3.6,False,50.6,Silver,Retention Category
2002,51,Male,Sunglasses,Accessories,90,Wyoming,S,Purple,Winter,2.6,False,Free Shipping,False,False,2,Debit Card,Fortnightly,14,26.071428571428573,2346.43,2,False,270,0,False,True,2.6,False,45.2,Silver,Retention Category
2003,31,Male,Shirt,Clothing,65,New York,M,Red,Summer,2.7,False,Express,False,False,19,PayPal,Every 3 Months,90,4.055555555555555,263.61,19,False,1300,0,False,True,2.7,False,28.3,Bronze,Entry-Point Category
2004,68,Male,Sneakers,Footwear,72,Maine,S,Blue,Spring,3.1,False,Express,False,False,32,Cash,Quarterly,90,4.055555555555555,292.0,32,False,2376,0,False,True,3.1,False,40.9,Silver,Entry-Point Category
2005,44,Male,Shoes,Footwear,70,Georgia,L,Blue,Fall,3.2,False,2-Day Shipping,False,False,13,Cash,Bi-Weekly,14,26.071428571428573,1825.0,13,False,980,0,False,True,3.2,False,52.4,Silver,Entry-Point Category
2006,18,Male,Sandals,Footwear,82,Tennessee,M,Cyan,Winter,3.4,False,Store Pickup,False,False,30,PayPal,Fortnightly,14,26.071428571428573,2137.86,30,False,2542,0,False,True,3.4,False,66.5,Gold,Entry-Point Category
2007,58,Male,Scarf,Accessories,97,New Mexico,S,Pink,Fall,4.4,False,Express,False,False,2,Credit Card,Annually,365,1.0,97.0,2,False,291,0,False,True,4.4,False,24.0,Bronze,Retention Category
2008,26,Male,Shirt,Clothing,25,Virginia,M,Silver,Summer,3.2,False,2-Day Shipping,False,False,8,PayPal,Quarterly,90,4.055555555555555,101.39,8,False,225,0,False,False,3.2,False,18.6,Bronze,Entry-Point Category
2009,57,Male,Skirt,Clothing,48,Florida,M,Gray,Spring,2.5,False,Free Shipping,False,False,27,PayPal,Every 3 Months,90,4.055555555555555,194.67,27,False,1344,0,False,False,2.5,True,28.9,Bronze,Entry-Point Category
2010,37,Male,Boots,Footwear,99,Alabama,M,Indigo,Summer,3.8,False,Next Day Air,False,False,26,Venmo,Bi-Weekly,14,26.071428571428573,2581.07,26,False,2673,0,False,True,3.8,False,71.4,Gold,Entry-Point Category
2011,24,Male,Sweater,Clothing,21,Texas,M,Maroon,Summer,4.4,False,2-Day Shipping,False,False,3,Debit Card,Bi-Weekly,14,26.071428571428573,547.5,3,False,84,0,False,False,4.4,False,41.5,Silver,Entry-Point Category
2012,57,Male,Sandals,Footwear,94,West Virginia,M,Beige,Spring,3.7,False,Express,False,False,4,Bank Transfer,Monthly,30,12.166666666666666,1143.67,4,False,470,0,False,True,3.7,False,44.7,Silver,Entry-Point Category
2013,48,Male,Jeans,Clothing,53,Nevada,L,Green,Fall,3.2,False,Store Pickup,False,False,5,Cash,Fortnightly,14,26.071428571428573,1381.79,5,False,318,0,False,False,3.2,False,43.9,Silver,Entry-Point Category
2014,39,Male,Backpack,Accessories,70,Virginia,M,Peach,Winter,4.9,False,Standard,False,False,25,Debit Card,Quarterly,90,4.055555555555555,283.89,25,False,1820,0,False,True,4.9,False,50.6,Silver,Retention Category
2015,51,Male,Skirt,Clothing,26,Wisconsin,L,Black,Summer,3.9,False,Standard,False,False,47,PayPal,Bi-Weekly,14,26.071428571428573,677.86,47,True,1248,0,False,False,3.9,False,65.8,Gold,Entry-Point Category
2016,57,Male,Belt,Accessories,82,Virginia,S,Pink,Summer,4.5,False,Next Day Air,False,False,8,Credit Card,Fortnightly,14,26.071428571428573,2137.86,8,False,738,0,False,True,4.5,False,62.4,Gold,Retention Category
2017,53,Male,Shoes,Footwear,47,Maine,S,Violet,Winter,3.4,False,Standard,False,False,20,Debit Card,Fortnightly,14,26.071428571428573,1225.36,20,False,987,0,False,False,3.4,False,53.0,Silver,Entry-Point Category
2018,70,Male,Socks,Clothing,32,Massachusetts,S,Green,Winter,4.1,False,Next Day Air,False,False,42,Bank Transfer,Every 3 Months,90,4.055555555555555,129.78,42,True,1376,0,False,False,4.1,False,47.6,Silver,Entry-Point Category
2019,60,Male,Backpack,Accessories,97,Arkansas,S,Gold,Fall,4.5,False,Store Pickup,False,False,20,Bank Transfer,Weekly,7,52.142857142857146,5057.86,20,False,2037,0,False,True,4.5,False,77.5,Gold,Retention Category
2020,31,Male,Shirt,Clothing,68,Idaho,S,Red,Winter,4.7,False,Store Pickup,False,False,23,Cash,Fortnightly,14,26.071428571428573,1772.86,23,False,1632,0,False,True,4.7,False,70.0,Gold,Entry-Point Category
2021,41,Male,Sweater,Clothing,23,Pennsylvania,M,Beige,Winter,4.8,False,Next Day Air,False,False,26,Cash,Quarterly,90,4.055555555555555,93.28,26,False,621,0,False,False,4.8,False,41.0,Silver,Entry-Point Category
2022,62,Male,Handbag,Accessories,33,Maine,M,Green,Winter,4.4,False,Standard,False,False,48,Venmo,Quarterly,90,4.055555555555555,133.83,48,True,1617,0,False,False,4.4,False,53.9,Silver,Retention Category
2023,59,Male,Jewelry,Accessories,38,Alabama,S,Black,Winter,4.0,False,Store Pickup,False,False,16,Cash,Bi-Weekly,14,26.071428571428573,990.71,16,False,646,0,False,False,4.0,False,52.5,Silver,Retention Category
2024,46,Male,Socks,Clothing,68,Idaho,S,Teal,Winter,4.1,False,Store Pickup,False,False,28,Cash,Bi-Weekly,14,26.071428571428573,1772.86,28,False,1972,0,False,True,4.1,False,68.3,Gold,Entry-Point Category
2025,62,Male,Socks,Clothing,23,Arkansas,L,Silver,Fall,3.7,False,Express,False,False,39,PayPal,Weekly,7,52.142857142857146,1199.29,39,True,920,0,False,False,3.7,False,66.6,Gold,Entry-Point Category
2026,42,Male,Shirt,Clothing,29,Delaware,M,Turquoise,Summer,3.0,False,Express,False,False,43,Debit Card,Fortnightly,14,26.071428571428573,756.07,43,True,1276,0,False,False,3.0,False,57.2,Gold,Entry-Point Category
2027,37,Male,Scarf,Accessories,35,Maine,M,Orange,Winter,3.6,False,Express,False,False,45,Bank Transfer,Every 3 Months,90,4.055555555555555,141.94,45,True,1610,0,False,False,3.6,False,45.7,Silver,Retention Category
2028,50,Male,Shoes,Footwear,73,Nebraska,S,Gold,Fall,4.8,False,Standard,False,False,50,Credit Card,Every 3 Months,90,4.055555555555555,296.06,50,True,3723,0,False,True,4.8,False,65.5,Gold,Entry-Point Category
2029,29,Male,Shoes,Footwear,84,Ohio,XL,Purple,Fall,3.7,False,2-Day Shipping,False,False,10,Venmo,Bi-Weekly,14,26.071428571428573,2190.0,10,False,924,0,False,True,3.7,False,57.4,Gold,Entry-Point Category
2030,25,Male,Scarf,Accessories,23,Montana,M,Pink,Spring,4.6,False,Next Day Air,False,False,40,PayPal,Quarterly,90,4.055555555555555,93.28,40,True,943,0,False,False,4.6,False,47.9,Silver,Retention Category
2031,66,Male,Sunglasses,Accessories,67,New Mexico,S,Green,Summer,2.8,False,Standard,False,False,38,Credit Card,Monthly,30,12.166666666666666,815.17,38,True,2613,0,False,True,2.8,False,53.5,Silver,Retention Category
2032,21,Male,Socks,Clothing,51,North Carolina,L,Charcoal,Spring,4.0,False,Standard,False,False,2,Credit Card,Monthly,30,12.166666666666666,620.5,2,False,153,0,False,False,4.0,False,38.7,Silver,Entry-Point Category
2033,46,Male,Blouse,Clothing,36,South Carolina,M,Maroon,Winter,4.2,False,Next Day Air,False,False,13,Cash,Annually,365,1.0,36.0,13,False,504,0,False,False,4.2,False,22.8,Bronze,Entry-Point Category
2034,57,Male,Jeans,Clothing,55,Illinois,L,Olive,Summer,3.6,False,Express,False,False,33,Venmo,Annually,365,1.0,55.0,33,False,1870,0,False,False,3.6,False,31.8,Silver,Entry-Point Category
2035,61,Male,Shorts,Clothing,30,Alabama,M,Peach,Spring,2.9,False,Store Pickup,False,False,27,PayPal,Monthly,30,12.166666666666666,365.0,27,False,840,0,False,False,2.9,False,39.9,Silver,Entry-Point Category
2036,53,Male,T-shirt,Clothing,70,Oklahoma,S,Yellow,Summer,4.1,False,Express,False,False,43,Bank Transfer,Weekly,7,52.142857142857146,3650.0,43,True,3080,0,False,True,4.1,False,86.0,Platinum,Entry-Point Category
2037,37,Male,Blouse,Clothing,63,Minnesota,S,Lavender,Winter,3.1,False,Next Day Air,False,False,46,Cash,Weekly,7,52.142857142857146,3285.0,46,True,2961,0,False,True,3.1,False,79.1,Gold,Entry-Point Category
2038,39,Male,Belt,Accessories,87,Illinois,S,Green,Summer,4.3,False,Express,False,False,7,Venmo,Bi-Weekly,14,26.071428571428573,2268.21,7,False,696,0,False,True,4.3,False,61.5,Gold,Retention Category
2039,53,Male,Blouse,Clothing,70,Arkansas,L,Orange,Spring,4.4,False,Next Day Air,False,False,35,Credit Card,Fortnightly,14,26.071428571428573,1825.0,35,False,2520,0,False,True,4.4,False,75.6,Gold,Entry-Point Category
2040,35,Male,T-shirt,Clothing,51,Minnesota,M,Olive,Spring,3.1,False,Next Day Air,False,False,31,Debit Card,Bi-Weekly,14,26.071428571428573,1329.64,31,False,1632,0,False,False,3.1,False,58.2,Gold,Entry-Point Category
2041,69,Male,Jewelry,Accessories,25,South Carolina,XL,Gray,Spring,2.9,False,Free Shipping,False,False,42,Venmo,Quarterly,90,4.055555555555555,101.39,42,True,1075,0,False,False,2.9,False,36.4,Silver,Retention Category
2042,66,Male,Jacket,Outerwear,32,New York,S,Lavender,Winter,3.2,False,Next Day Air,False,False,14,PayPal,Bi-Weekly,14,26.071428571428573,834.29,14,False,480,0,False,False,3.2,False,42.5,Silver,Entry-Point Category
2043,19,Male,Shoes,Footwear,52,Alabama,M,Red,Spring,4.0,False,2-Day Shipping,False,False,35,Venmo,Monthly,30,12.166666666666666,632.67,35,False,1872,0,False,False,4.0,False,59.0,Gold,Entry-Point Category
2044,47,Male,Gloves,Accessories,33,New York,M,Charcoal,Summer,2.7,False,Standard,False,False,49,PayPal,Weekly,7,52.142857142857146,1720.71,49,True,1650,0,False,False,2.7,False,69.0,Gold,Retention Category
2045,49,Male,Jeans,Clothing,68,Missouri,L,Orange,Spring,3.0,False,Free Shipping,False,False,17,PayPal,Fortnightly,14,26.071428571428573,1772.86,17,False,1224,0,False,True,3.0,False,52.5,Silver,Entry-Point Category
2046,31,Male,Jewelry,Accessories,20,Georgia,M,Red,Fall,4.4,False,Express,False,False,26,PayPal,Quarterly,90,4.055555555555555,81.11,26,False,540,0,False,False,4.4,False,36.3,Silver,Retention Category
2047,39,Male,Pants,Clothing,32,Oklahoma,M,Maroon,Winter,2.8,False,Free Shipping,False,False,30,Cash,Every 3 Months,90,4.055555555555555,129.78,30,False,992,0,False,False,2.8,False,29.8,Bronze,Entry-Point Category
2048,58,Male,Jewelry,Accessories,82,Connecticut,M,Silver,Summer,3.1,False,Store Pickup,False,False,32,Cash,Annually,365,1.0,82.0,32,False,2706,0,False,True,3.1,False,29.6,Bronze,Retention Category
2049,45,Male,Sneakers,Footwear,64,Michigan,XL,Pink,Winter,3.9,False,Express,False,False,35,Bank Transfer,Quarterly,90,4.055555555555555,259.56,35,False,2304,0,False,True,3.9,False,47.7,Silver,Entry-Point Category
2050,68,Male,Boots,Footwear,24,Rhode Island,L,Blue,Fall,2.7,False,Standard,False,False,15,Venmo,Annually,365,1.0,24.0,15,False,384,0,False,False,2.7,False,10.7,Bronze,Entry-Point Category
2051,35,Male,Hat,Accessories,96,Mississippi,M,Teal,Summer,3.4,False,Store Pickup,False,False,10,Debit Card,Annually,365,1.0,96.0,10,False,1056,0,False,True,3.4,False,20.5,Bronze,Retention Category
2052,65,Male,T-shirt,Clothing,94,Massachusetts,L,Black,Spring,3.8,False,Free Shipping,False,False,14,Credit Card,Monthly,30,12.166666666666666,1143.67,14,False,1410,0,False,True,3.8,False,51.5,Silver,Entry-Point Category
2053,45,Male,Backpack,Accessories,48,New Hampshire,M,Gray,Winter,3.7,False,2-Day Shipping,False,False,30,Bank Transfer,Annually,365,1.0,48.0,30,False,1488,0,False,False,3.7,False,29.9,Bronze,Retention Category
2054,19,Male,Sunglasses,Accessories,60,Wyoming,S,Purple,Spring,4.5,False,2-Day Shipping,False,False,16,Credit Card,Fortnightly,14,26.071428571428573,1564.29,16,False,1020,0,False,True,4.5,False,62.4,Gold,Retention Category
2055,65,Male,Sweater,Clothing,56,New Jersey,XL,Gold,Spring,2.9,False,Express,False,False,14,PayPal,Annually,365,1.0,56.0,14,False,840,0,False,False,2.9,False,14.6,Bronze,Entry-Point Category
2056,28,Male,Handbag,Accessories,33,Texas,M,Silver,Fall,3.4,False,2-Day Shipping,False,False,28,Bank Transfer,Weekly,7,52.142857142857146,1720.71,28,False,957,0,False,False,3.4,False,62.0,Gold,Retention Category
2057,55,Male,Backpack,Accessories,46,Minnesota,L,Blue,Spring,4.4,False,2-Day Shipping,False,False,29,PayPal,Monthly,30,12.166666666666666,559.67,29,False,1380,0,False,False,4.4,False,57.3,Gold,Retention Category
2058,66,Male,Socks,Clothing,37,South Dakota,L,Yellow,Spring,4.2,False,Standard,False,False,5,PayPal,Every 3 Months,90,4.055555555555555,150.06,5,False,222,0,False,False,4.2,False,27.4,Bronze,Entry-Point Category
2059,29,Male,Shirt,Clothing,98,Washington,M,Brown,Winter,3.3,False,Store Pickup,False,False,17,Bank Transfer,Quarterly,90,4.055555555555555,397.44,17,False,1764,0,False,True,3.3,False,38.8,Silver,Entry-Point Category
2060,56,Male,Shorts,Clothing,50,California,XL,Beige,Spring,3.7,False,Express,False,False,50,PayPal,Weekly,7,52.142857142857146,2607.14,50,True,2550,0,False,False,3.7,False,85.1,Platinum,Entry-Point Category
2061,21,Male,Belt,Accessories,63,Wisconsin,M,Blue,Fall,3.2,False,Next Day Air,False,False,23,Bank Transfer,Quarterly,90,4.055555555555555,255.5,23,False,1512,0,False,True,3.2,False,34.2,Silver,Retention Category
2062,32,Male,Sweater,Clothing,70,Michigan,S,Magenta,Summer,2.6,False,Store Pickup,False,False,22,Debit Card,Annually,365,1.0,70.0,22,False,1610,0,False,True,2.6,False,18.3,Bronze,Entry-Point Category
2063,54,Male,Coat,Outerwear,63,South Carolina,L,Silver,Fall,2.8,False,Standard,False,False,15,Cash,Quarterly,90,4.055555555555555,255.5,15,False,1008,0,False,True,2.8,False,26.3,Bronze,Entry-Point Category
2064,61,Male,Shorts,Clothing,86,Indiana,M,Cyan,Fall,2.9,False,Standard,False,False,32,Cash,Monthly,30,12.166666666666666,1046.33,32,False,2838,0,False,True,2.9,False,54.0,Silver,Entry-Point Category
2065,31,Male,Shoes,Footwear,99,Arkansas,M,Green,Summer,4.0,False,2-Day Shipping,False,False,5,Bank Transfer,Monthly,30,12.166666666666666,1204.5,5,False,594,0,False,True,4.0,False,49.0,Silver,Entry-Point Category
2066,27,Male,Sneakers,Footwear,40,Oregon,M,Blue,Spring,2.9,False,Free Shipping,False,False,6,Bank Transfer,Bi-Weekly,14,26.071428571428573,1042.86,6,False,280,0,False,False,2.9,False,38.3,Silver,Entry-Point Category
2067,64,Male,Sneakers,Footwear,92,Illinois,M,Olive,Fall,4.7,False,Store Pickup,False,False,44,Debit Card,Fortnightly,14,26.071428571428573,2398.57,44,True,4140,0,False,True,4.7,False,87.9,Platinum,Entry-Point Category
2068,60,Male,Pants,Clothing,21,Maryland,XL,Beige,Fall,3.1,False,2-Day Shipping,False,False,23,Cash,Fortnightly,14,26.071428571428573,547.5,23,False,504,0,False,False,3.1,False,42.9,Silver,Entry-Point Category
2069,70,Male,Jewelry,Accessories,81,Vermont,XL,Black,Summer,3.9,False,Store Pickup,False,False,44,Venmo,Monthly,30,12.166666666666666,985.5,44,True,3645,0,False,True,3.9,False,68.3,Gold,Retention Category
2070,36,Male,T-shirt,Clothing,82,Texas,M,Indigo,Fall,3.4,False,Free Shipping,False,False,3,Debit Card,Quarterly,90,4.055555555555555,332.56,3,False,328,0,False,True,3.4,False,27.9,Bronze,Entry-Point Category
2071,56,Male,Jewelry,Accessories,88,Nebraska,XL,Red,Spring,3.1,False,Express,False,False,14,Cash,Monthly,30,12.166666666666666,1070.67,14,False,1320,0,False,True,3.1,False,45.1,Silver,Retention Category
2072,69,Male,Jacket,Outerwear,100,South Carolina,S,Yellow,Fall,4.8,False,Store Pickup,False,False,37,PayPal,Quarterly,90,4.055555555555555,405.56,37,False,3800,0,False,True,4.8,False,63.7,Gold,Entry-Point Category
2073,39,Male,Backpack,Accessories,66,Massachusetts,M,Beige,Winter,3.9,False,Next Day Air,False,False,22,Bank Transfer,Weekly,7,52.142857142857146,3441.43,22,False,1518,0,False,True,3.9,False,71.5,Gold,Retention Category
2074,38,Male,Belt,Accessories,25,Texas,S,Green,Winter,3.5,False,Next Day Air,False,False,2,PayPal,Every 3 Months,90,4.055555555555555,101.39,2,False,75,0,False,False,3.5,False,17.3,Bronze,Retention Category
2075,36,Male,Scarf,Accessories,53,Florida,M,White,Summer,3.1,False,Free Shipping,False,False,44,Debit Card,Fortnightly,14,26.071428571428573,1381.79,44,True,2385,0,False,False,3.1,False,66.3,Gold,Retention Category
2076,46,Male,Sweater,Clothing,28,South Carolina,S,Turquoise,Fall,4.7,False,Express,False,False,49,Debit Card,Monthly,30,12.166666666666666,340.67,49,True,1400,0,False,False,4.7,False,66.6,Gold,Entry-Point Category
2077,59,Male,Gloves,Accessories,23,Florida,S,Indigo,Fall,4.6,False,Free Shipping,False,False,22,Debit Card,Bi-Weekly,14,26.071428571428573,599.64,22,False,529,0,False,False,4.6,False,55.3,Gold,Retention Category
2078,64,Male,Scarf,Accessories,34,Nebraska,L,Orange,Fall,3.3,False,Free Shipping,False,False,26,Bank Transfer,Annually,365,1.0,34.0,26,False,918,0,False,False,3.3,False,23.0,Bronze,Retention Category
2079,49,Male,Dress,Clothing,42,Hawaii,M,Blue,Spring,3.2,False,Next Day Air,False,False,40,Debit Card,Weekly,7,52.142857142857146,2190.0,40,True,1722,0,False,False,3.2,False,71.4,Gold,Entry-Point Category
2080,32,Male,Jeans,Clothing,24,Montana,L,Violet,Summer,3.1,False,Next Day Air,False,False,16,PayPal,Quarterly,90,4.055555555555555,97.33,16,False,408,0,False,False,3.1,False,22.0,Bronze,Entry-Point Category
2081,29,Male,Sunglasses,Accessories,47,South Dakota,S,Gray,Fall,3.5,False,Free Shipping,False,False,17,Debit Card,Bi-Weekly,14,26.071428571428573,1225.36,17,False,846,0,False,False,3.5,False,52.0,Silver,Retention Category
2082,24,Male,Coat,Outerwear,78,Alabama,S,Cyan,Spring,4.3,False,Standard,False,False,48,Bank Transfer,Bi-Weekly,14,26.071428571428573,2033.57,48,True,3822,0,False,True,4.3,False,84.0,Platinum,Entry-Point Category
2083,41,Male,Jeans,Clothing,89,Arkansas,M,Yellow,Summer,2.9,False,Free Shipping,False,False,28,Venmo,Every 3 Months,90,4.055555555555555,360.94,28,False,2581,0,False,True,2.9,False,40.2,Silver,Entry-Point Category
2084,41,Male,Scarf,Accessories,59,Mississippi,L,Orange,Fall,2.7,False,Store Pickup,False,False,26,Credit Card,Fortnightly,14,26.071428571428573,1538.21,26,False,1593,0,False,False,2.7,False,53.7,Silver,Retention Category
2085,32,Male,Blouse,Clothing,94,Vermont,S,Brown,Summer,4.0,False,Standard,False,False,43,Bank Transfer,Quarterly,90,4.055555555555555,381.22,43,True,4136,0,False,True,4.0,False,59.3,Gold,Entry-Point Category
2086,69,Male,Jeans,Clothing,49,New York,M,Teal,Fall,4.6,False,Free Shipping,False,False,38,Debit Card,Weekly,7,52.142857142857146,2555.0,38,True,1911,0,False,False,4.6,False,84.9,Platinum,Entry-Point Category
2087,65,Male,Dress,Clothing,89,North Dakota,L,Beige,Summer,4.7,False,2-Day Shipping,False,False,36,Cash,Every 3 Months,90,4.055555555555555,360.94,36,False,3293,0,False,True,4.7,False,59.7,Gold,Entry-Point Category
2088,54,Male,Hat,Accessories,91,Wisconsin,M,Blue,Summer,4.7,False,Standard,False,False,1,Credit Card,Weekly,7,52.142857142857146,4745.0,1,False,182,0,False,True,4.7,False,67.3,Gold,Retention Category
2089,39,Male,Sandals,Footwear,89,California,L,Orange,Spring,4.0,False,Standard,False,False,49,Debit Card,Annually,365,1.0,89.0,49,True,4450,0,False,True,4.0,False,47.8,Silver,Entry-Point Category
2090,37,Male,Jacket,Outerwear,57,Maryland,L,Gold,Spring,3.6,False,Free Shipping,False,False,41,Credit Card,Every 3 Months,90,4.055555555555555,231.17,41,True,2394,0,False,False,3.6,False,47.1,Silver,Entry-Point Category
2091,51,Male,Socks,Clothing,71,Massachusetts,S,Teal,Winter,3.4,False,Free Shipping,False,False,21,Debit Card,Monthly,30,12.166666666666666,863.83,21,False,1562,0,False,True,3.4,False,48.8,Silver,Entry-Point Category
2092,26,Male,Jeans,Clothing,97,Washington,XL,Beige,Fall,3.0,False,Next Day Air,False,False,24,Bank Transfer,Quarterly,90,4.055555555555555,393.39,24,False,2425,0,False,True,3.0,False,40.5,Silver,Entry-Point Category
2093,42,Male,Sandals,Footwear,45,Minnesota,M,Silver,Fall,2.6,False,Next Day Air,False,False,27,Bank Transfer,Weekly,7,52.142857142857146,2346.43,27,False,1260,0,False,False,2.6,False,60.3,Gold,Entry-Point Category
2094,21,Male,Dress,Clothing,91,Washington,M,Maroon,Spring,4.2,False,Store Pickup,False,False,4,Debit Card,Annually,365,1.0,91.0,4,False,455,0,False,True,4.2,False,22.8,Bronze,Entry-Point Category
2095,53,Male,Socks,Clothing,25,South Carolina,M,Indigo,Spring,3.4,False,Standard,False,False,19,Venmo,Annually,365,1.0,25.0,19,False,500,0,False,False,3.4,False,18.7,Bronze,Entry-Point Category
2096,36,Male,Hoodie,Clothing,63,New Mexico,M,Gray,Fall,4.0,False,Store Pickup,False,False,1,Bank Transfer,Fortnightly,14,26.071428571428573,1642.5,1,False,126,0,False,True,4.0,False,49.9,Silver,Entry-Point Category
2097,21,Male,Dress,Clothing,52,North Carolina,L,Blue,Summer,4.7,False,Free Shipping,False,False,27,Debit Card,Annually,365,1.0,52.0,27,False,1456,0,False,False,4.7,False,36.7,Silver,Entry-Point Category
2098,33,Male,Sneakers,Footwear,43,Iowa,S,Cyan,Winter,3.9,False,Next Day Air,False,False,5,Credit Card,Weekly,7,52.142857142857146,2242.14,5,False,258,0,False,False,3.9,False,56.7,Gold,Entry-Point Category
2099,49,Male,T-shirt,Clothing,28,Louisiana,M,White,Summer,3.3,False,2-Day Shipping,False,False,20,Venmo,Quarterly,90,4.055555555555555,113.56,20,False,588,0,False,False,3.3,False,27.0,Bronze,Entry-Point Category
2100,31,Male,T-shirt,Clothing,78,Oklahoma,L,Green,Summer,2.9,False,Express,False,False,50,PayPal,Annually,365,1.0,78.0,50,True,3978,0,False,True,2.9,False,38.0,Silver,Entry-Point Category
2101,68,Male,Sweater,Clothing,31,Michigan,M,Silver,Spring,4.4,False,Free Shipping,False,False,36,Cash,Fortnightly,14,26.071428571428573,808.21,36,False,1147,0,False,False,4.4,False,65.2,Gold,Entry-Point Category
2102,49,Male,Shirt,Clothing,23,Oregon,M,Blue,Winter,3.6,False,Next Day Air,False,False,12,Bank Transfer,Bi-Weekly,14,26.071428571428573,599.64,12,False,299,0,False,False,3.6,False,41.1,Silver,Entry-Point Category
2103,23,Male,Hat,Accessories,25,Idaho,M,Brown,Spring,4.5,False,Store Pickup,False,False,23,Cash,Monthly,30,12.166666666666666,304.17,23,False,600,0,False,False,4.5,False,47.4,Silver,Retention Category
2104,30,Male,Pants,Clothing,86,Indiana,S,Red,Summer,3.7,False,Store Pickup,False,False,21,Venmo,Weekly,7,52.142857142857146,4484.29,21,False,1892,0,False,True,3.7,False,70.7,Gold,Entry-Point Category
2105,53,Male,Shoes,Footwear,88,New Mexico,M,Gold,Spring,2.8,False,Free Shipping,False,False,47,Venmo,Weekly,7,52.142857142857146,4588.57,47,True,4224,0,False,True,2.8,False,79.2,Gold,Entry-Point Category
2106,65,Male,Gloves,Accessories,35,South Carolina,M,Silver,Spring,4.5,False,Free Shipping,False,False,38,Venmo,Bi-Weekly,14,26.071428571428573,912.5,38,True,1365,0,False,False,4.5,False,68.5,Gold,Retention Category
2107,60,Male,Jewelry,Accessories,34,Vermont,M,Gray,Fall,4.4,False,Standard,False,False,40,Credit Card,Every 3 Months,90,4.055555555555555,137.89,40,True,1394,0,False,False,4.4,False,49.3,Silver,Retention Category
2108,46,Male,Pants,Clothing,75,Delaware,M,Black,Winter,3.3,False,Standard,False,False,35,PayPal,Quarterly,90,4.055555555555555,304.17,35,False,2700,0,False,True,3.3,False,45.0,Silver,Entry-Point Category
2109,54,Male,Hoodie,Clothing,46,North Dakota,XL,Beige,Winter,4.2,False,Express,False,False,4,Credit Card,Quarterly,90,4.055555555555555,186.56,4,False,230,0,False,False,4.2,False,28.4,Bronze,Entry-Point Category
2110,59,Male,Jewelry,Accessories,31,California,L,Peach,Fall,2.7,False,Free Shipping,False,False,28,Venmo,Every 3 Months,90,4.055555555555555,125.72,28,False,899,0,False,False,2.7,False,27.7,Bronze,Retention Category
2111,52,Male,Socks,Clothing,93,Montana,L,Cyan,Spring,3.9,False,Store Pickup,False,False,36,Debit Card,Every 3 Months,90,4.055555555555555,377.17,36,False,3441,0,False,True,3.9,False,54.1,Silver,Entry-Point Category
2112,41,Male,Sunglasses,Accessories,85,Missouri,XL,Pink,Spring,2.6,False,Free Shipping,False,False,15,Bank Transfer,Annually,365,1.0,85.0,15,False,1360,0,False,True,2.6,False,15.5,Bronze,Retention Category
2113,43,Male,Belt,Accessories,68,Tennessee,M,Lavender,Fall,4.5,False,2-Day Shipping,False,False,7,Cash,Fortnightly,14,26.071428571428573,1772.86,7,False,544,0,False,True,4.5,False,59.1,Gold,Retention Category
2114,63,Male,Dress,Clothing,40,Virginia,M,Brown,Spring,2.7,False,Store Pickup,False,False,29,PayPal,Every 3 Months,90,4.055555555555555,162.22,29,False,1200,0,False,False,2.7,False,30.1,Silver,Entry-Point Category
2115,37,Male,Shirt,Clothing,51,Vermont,M,Magenta,Winter,2.9,False,Standard,False,False,12,Debit Card,Annually,365,1.0,51.0,12,False,663,0,False,False,2.9,False,13.0,Bronze,Entry-Point Category
2116,44,Male,Scarf,Accessories,85,Rhode Island,M,Violet,Winter,3.4,False,Store Pickup,False,False,16,Bank Transfer,Bi-Weekly,14,26.071428571428573,2216.07,16,False,1445,0,False,True,3.4,False,58.9,Gold,Retention Category
2117,67,Male,Jacket,Outerwear,23,Kansas,M,Teal,Summer,2.9,False,Express,False,False,50,Debit Card,Bi-Weekly,14,26.071428571428573,599.64,50,True,1173,0,False,False,2.9,False,58.2,Gold,Entry-Point Category
2118,27,Male,Dress,Clothing,28,Colorado,L,Brown,Summer,3.8,False,Free Shipping,False,False,11,Debit Card,Annually,365,1.0,28.0,11,False,336,0,False,False,3.8,False,17.4,Bronze,Entry-Point Category
2119,60,Male,Socks,Clothing,44,Georgia,M,Olive,Fall,4.2,False,2-Day Shipping,False,False,28,Debit Card,Quarterly,90,4.055555555555555,178.44,28,False,1276,0,False,False,4.2,False,42.5,Silver,Entry-Point Category
2120,58,Male,Jewelry,Accessories,57,Nebraska,M,Indigo,Spring,3.5,False,Store Pickup,False,False,36,Venmo,Bi-Weekly,14,26.071428571428573,1486.07,36,False,2109,0,False,False,3.5,False,65.8,Gold,Retention Category
2121,53,Male,Scarf,Accessories,98,Missouri,S,Red,Fall,3.1,False,Next Day Air,False,False,38,PayPal,Quarterly,90,4.055555555555555,397.44,38,True,3822,0,False,True,3.1,False,50.0,Silver,Retention Category
2122,43,Male,Backpack,Accessories,68,Alaska,M,Olive,Winter,3.5,False,2-Day Shipping,False,False,32,Bank Transfer,Monthly,30,12.166666666666666,827.33,32,False,2244,0,False,True,3.5,False,55.8,Gold,Retention Category
2123,32,Male,Jacket,Outerwear,36,Virginia,L,Teal,Fall,4.0,False,Express,False,False,42,Debit Card,Weekly,7,52.142857142857146,1877.14,42,True,1548,0,False,False,4.0,False,76.8,Gold,Entry-Point Category
2124,54,Male,Coat,Outerwear,71,Nebraska,L,Cyan,Spring,3.7,False,Express,False,False,22,Debit Card,Bi-Weekly,14,26.071428571428573,1851.07,22,False,1633,0,False,True,3.7,False,62.0,Gold,Entry-Point Category
2125,47,Male,Skirt,Clothing,60,Rhode Island,M,Teal,Fall,4.2,False,Next Day Air,False,False,22,Venmo,Quarterly,90,4.055555555555555,243.33,22,False,1380,0,False,True,4.2,False,41.4,Silver,Entry-Point Category
2126,57,Male,Coat,Outerwear,87,New Hampshire,M,Beige,Fall,4.8,False,Store Pickup,False,False,31,PayPal,Quarterly,90,4.055555555555555,352.83,31,False,2784,0,False,True,4.8,False,57.1,Gold,Entry-Point Category
2127,63,Male,Shoes,Footwear,38,Alabama,XL,Magenta,Winter,4.1,False,Express,False,False,28,Credit Card,Monthly,30,12.166666666666666,462.33,28,False,1102,0,False,False,4.1,False,53.2,Silver,Entry-Point Category
2128,70,Male,Boots,Footwear,45,North Carolina,M,Indigo,Spring,4.5,False,2-Day Shipping,False,False,40,Debit Card,Weekly,7,52.142857142857146,2346.43,40,True,1845,0,False,False,4.5,False,83.5,Platinum,Entry-Point Category
2129,62,Male,Coat,Outerwear,47,New Mexico,L,Cyan,Fall,2.7,False,2-Day Shipping,False,False,21,PayPal,Weekly,7,52.142857142857146,2450.71,21,False,1034,0,False,False,2.7,False,58.5,Gold,Entry-Point Category
2130,40,Male,Skirt,Clothing,57,Minnesota,L,Orange,Fall,2.8,False,Store Pickup,False,False,12,PayPal,Every 3 Months,90,4.055555555555555,231.17,12,False,741,0,False,False,2.8,False,23.2,Bronze,Entry-Point Category
2131,25,Male,Backpack,Accessories,68,Arizona,L,Violet,Summer,3.7,False,Free Shipping,False,False,33,Credit Card,Annually,365,1.0,68.0,33,False,2312,0,False,True,3.7,False,33.7,Silver,Retention Category
2132,19,Male,Shorts,Clothing,52,Montana,M,Red,Fall,3.6,False,Express,False,False,9,Bank Transfer,Fortnightly,14,26.071428571428573,1355.71,9,False,520,0,False,False,3.6,False,49.2,Silver,Entry-Point Category
2133,25,Male,Skirt,Clothing,87,Vermont,M,Magenta,Fall,4.7,False,2-Day Shipping,False,False,15,Debit Card,Weekly,7,52.142857142857146,4536.43,15,False,1392,0,False,True,4.7,False,75.4,Gold,Entry-Point Category
2134,21,Male,Hat,Accessories,34,Maine,M,Olive,Summer,3.8,False,Standard,False,False,13,Bank Transfer,Annually,365,1.0,34.0,13,False,476,0,False,False,3.8,False,19.2,Bronze,Retention Category
2135,55,Male,Sandals,Footwear,41,Virginia,XL,Maroon,Winter,2.9,False,Standard,False,False,35,Credit Card,Fortnightly,14,26.071428571428573,1068.93,35,False,1476,0,False,False,2.9,False,56.0,Gold,Entry-Point Category
2136,34,Male,Sunglasses,Accessories,94,California,S,Yellow,Winter,4.6,False,Next Day Air,False,False,1,Debit Card,Every 3 Months,90,4.055555555555555,381.22,1,False,188,0,False,True,4.6,False,38.9,Silver,Retention Category
2137,47,Male,Sunglasses,Accessories,93,New York,M,Red,Summer,2.8,False,Standard,False,False,25,Bank Transfer,Fortnightly,14,26.071428571428573,2424.64,25,False,2418,0,False,True,2.8,False,61.4,Gold,Retention Category
2138,27,Male,Socks,Clothing,51,Indiana,XL,Purple,Winter,4.6,False,2-Day Shipping,False,False,20,Credit Card,Every 3 Months,90,4.055555555555555,206.83,20,False,1071,0,False,False,4.6,False,41.7,Silver,Entry-Point Category
2139,67,Male,Sweater,Clothing,42,Mississippi,M,Teal,Fall,2.8,False,Next Day Air,False,False,36,Venmo,Quarterly,90,4.055555555555555,170.33,36,False,1554,0,False,False,2.8,False,35.5,Silver,Entry-Point Category
2140,40,Male,Boots,Footwear,95,New York,M,Red,Winter,3.0,False,Free Shipping,False,False,33,Cash,Weekly,7,52.142857142857146,4953.57,33,False,3230,0,False,True,3.0,False,73.3,Gold,Entry-Point Category
2141,53,Male,Handbag,Accessories,90,New Mexico,M,Brown,Fall,3.7,False,Standard,False,False,36,Cash,Fortnightly,14,26.071428571428573,2346.43,36,False,3330,0,False,True,3.7,False,74.5,Gold,Retention Category
2142,24,Male,Dress,Clothing,98,Kentucky,M,Peach,Winter,4.1,False,2-Day Shipping,False,False,32,PayPal,Annually,365,1.0,98.0,32,False,3234,0,False,True,4.1,False,40.1,Silver,Entry-Point Category
2143,47,Male,Hat,Accessories,39,North Dakota,M,Maroon,Winter,4.3,False,Next Day Air,False,False,21,Venmo,Quarterly,90,4.055555555555555,158.17,21,False,858,0,False,False,4.3,False,38.1,Silver,Retention Category
2144,53,Male,Sandals,Footwear,66,Arkansas,L,Red,Fall,3.8,False,Next Day Air,False,False,48,Venmo,Bi-Weekly,14,26.071428571428573,1720.71,48,True,3234,0,False,True,3.8,False,77.2,Gold,Entry-Point Category
2145,47,Male,Shoes,Footwear,23,Maryland,L,Orange,Winter,3.7,False,Free Shipping,False,False,25,PayPal,Quarterly,90,4.055555555555555,93.28,25,False,598,0,False,False,3.7,False,31.5,Silver,Entry-Point Category
2146,38,Male,Skirt,Clothing,73,Connecticut,S,White,Winter,4.8,False,Standard,False,False,32,PayPal,Annually,365,1.0,73.0,32,False,2409,0,False,True,4.8,False,42.5,Silver,Entry-Point Category
2147,48,Male,Sunglasses,Accessories,23,Utah,XL,White,Summer,4.6,False,Standard,False,False,45,PayPal,Every 3 Months,90,4.055555555555555,93.28,45,True,1058,0,False,False,4.6,False,50.7,Silver,Retention Category
2148,47,Male,Skirt,Clothing,43,Missouri,S,Charcoal,Fall,4.8,False,Standard,False,False,4,Cash,Fortnightly,14,26.071428571428573,1121.07,4,False,215,0,False,False,4.8,False,53.4,Silver,Entry-Point Category
2149,19,Male,T-shirt,Clothing,45,Nebraska,XL,Turquoise,Winter,4.6,False,2-Day Shipping,False,False,19,PayPal,Bi-Weekly,14,26.071428571428573,1173.21,19,False,900,0,False,False,4.6,False,61.6,Gold,Entry-Point Category
2150,38,Male,Sandals,Footwear,21,Hawaii,L,Orange,Winter,4.0,False,Standard,False,False,1,Bank Transfer,Weekly,7,52.142857142857146,1095.0,1,False,42,0,False,False,4.0,False,44.8,Silver,Entry-Point Category
2151,57,Male,Shirt,Clothing,40,Illinois,M,Orange,Spring,2.6,False,2-Day Shipping,False,False,12,Cash,Weekly,7,52.142857142857146,2085.71,12,False,520,0,False,False,2.6,False,49.0,Silver,Entry-Point Category
2152,70,Male,Jeans,Clothing,58,Vermont,L,Brown,Fall,2.6,False,2-Day Shipping,False,False,18,Venmo,Monthly,30,12.166666666666666,705.67,18,False,1102,0,False,False,2.6,False,38.4,Silver,Entry-Point Category
2153,38,Male,Shorts,Clothing,48,New Jersey,L,Magenta,Summer,4.5,False,Next Day Air,False,False,43,Bank Transfer,Bi-Weekly,14,26.071428571428573,1251.43,43,True,2112,0,False,False,4.5,False,76.0,Gold,Entry-Point Category
2154,35,Male,Shirt,Clothing,94,Kentucky,M,Violet,Fall,4.2,False,Free Shipping,False,False,31,PayPal,Annually,365,1.0,94.0,31,False,3008,0,False,True,4.2,False,39.6,Silver,Entry-Point Category
2155,46,Male,Scarf,Accessories,74,Wyoming,M,Violet,Spring,3.4,False,Store Pickup,False,False,33,Cash,Every 3 Months,90,4.055555555555555,300.11,33,False,2516,0,False,True,3.4,False,44.4,Silver,Retention Category
2156,32,Male,Handbag,Accessories,51,Hawaii,L,Yellow,Fall,3.7,False,Store Pickup,False,False,46,PayPal,Monthly,30,12.166666666666666,620.5,46,True,2397,0,False,False,3.7,False,62.5,Gold,Retention Category
2157,38,Male,Skirt,Clothing,83,Missouri,M,Maroon,Winter,3.6,False,Next Day Air,False,False,41,Debit Card,Bi-Weekly,14,26.071428571428573,2163.93,41,True,3486,0,False,True,3.6,False,75.0,Gold,Entry-Point Category
2158,41,Male,Handbag,Accessories,68,Mississippi,L,Turquoise,Winter,4.0,False,Next Day Air,False,False,41,Venmo,Fortnightly,14,26.071428571428573,1772.86,41,True,2856,0,False,True,4.0,False,75.2,Gold,Retention Category
2159,19,Male,Gloves,Accessories,84,Massachusetts,XL,Olive,Spring,4.6,False,Standard,False,False,9,Bank Transfer,Fortnightly,14,26.071428571428573,2190.0,9,False,840,0,False,True,4.6,False,64.2,Gold,Retention Category
2160,18,Male,Shirt,Clothing,58,Louisiana,M,Peach,Fall,3.0,False,Free Shipping,False,False,34,Cash,Annually,365,1.0,58.0,34,False,2030,0,False,False,3.0,False,27.8,Bronze,Entry-Point Category
2161,45,Male,Blouse,Clothing,92,West Virginia,L,Charcoal,Winter,3.3,False,Express,False,False,21,PayPal,Annually,365,1.0,92.0,21,False,2024,0,False,True,3.3,False,25.5,Bronze,Entry-Point Category
2162,23,Male,Dress,Clothing,69,Washington,S,Peach,Summer,3.8,False,Express,False,False,5,Debit Card,Fortnightly,14,26.071428571428573,1798.93,5,False,414,0,False,True,3.8,False,52.4,Silver,Entry-Point Category
2163,60,Male,Shorts,Clothing,48,Oregon,S,Black,Summer,2.7,False,Free Shipping,False,False,32,PayPal,Weekly,7,52.142857142857146,2502.86,32,False,1584,0,False,False,2.7,False,65.6,Gold,Entry-Point Category
2164,52,Male,Shoes,Footwear,60,New York,L,Gray,Spring,4.5,False,Express,False,False,44,Bank Transfer,Monthly,30,12.166666666666666,730.0,44,True,2700,0,False,True,4.5,False,69.5,Gold,Entry-Point Category
2165,42,Male,Sandals,Footwear,20,Iowa,S,Olive,Winter,4.8,False,Next Day Air,False,False,46,PayPal,Bi-Weekly,14,26.071428571428573,521.43,46,True,940,0,False,False,4.8,False,69.9,Gold,Entry-Point Category
2166,29,Male,Pants,Clothing,55,Idaho,M,Turquoise,Summer,4.2,False,Express,False,False,42,Credit Card,Every 3 Months,90,4.055555555555555,223.06,42,True,2365,0,False,False,4.2,False,52.3,Silver,Entry-Point Category
2167,31,Male,Jacket,Outerwear,88,New Jersey,S,Purple,Spring,3.5,False,Express,False,False,50,Credit Card,Bi-Weekly,14,26.071428571428573,2294.29,50,True,4488,0,False,True,3.5,False,80.7,Platinum,Entry-Point Category
2168,30,Male,Skirt,Clothing,48,Ohio,L,Green,Winter,4.9,False,Standard,False,False,33,Venmo,Fortnightly,14,26.071428571428573,1251.43,33,False,1632,0,False,False,4.9,False,73.4,Gold,Entry-Point Category
2169,23,Male,Handbag,Accessories,74,Connecticut,M,Beige,Spring,4.1,False,Next Day Air,False,False,32,Cash,Quarterly,90,4.055555555555555,300.11,32,False,2442,0,False,True,4.1,False,49.6,Silver,Retention Category
2170,31,Male,Coat,Outerwear,42,Florida,M,Brown,Fall,2.9,False,Next Day Air,False,False,32,Bank Transfer,Bi-Weekly,14,26.071428571428573,1095.0,32,False,1386,0,False,False,2.9,False,54.6,Silver,Entry-Point Category
2171,40,Male,Sweater,Clothing,32,South Carolina,M,Turquoise,Fall,4.0,False,Next Day Air,False,False,37,Venmo,Every 3 Months,90,4.055555555555555,129.78,37,False,1216,0,False,False,4.0,False,43.8,Silver,Entry-Point Category
2172,39,Male,Shorts,Clothing,98,Missouri,M,Yellow,Summer,4.6,False,Store Pickup,False,False,9,Cash,Fortnightly,14,26.071428571428573,2555.0,9,False,980,0,False,True,4.6,False,67.5,Gold,Entry-Point Category
2173,28,Male,Skirt,Clothing,89,Rhode Island,S,Lavender,Fall,2.8,False,Store Pickup,False,False,6,PayPal,Fortnightly,14,26.071428571428573,2320.36,6,False,623,0,False,True,2.8,False,49.2,Silver,Entry-Point Category
2174,23,Male,Gloves,Accessories,97,Delaware,S,Cyan,Summer,5.0,False,2-Day Shipping,False,False,36,Venmo,Quarterly,90,4.055555555555555,393.39,36,False,3589,0,False,True,5.0,False,63.7,Gold,Retention Category
2175,42,Male,Backpack,Accessories,49,Colorado,S,Olive,Spring,2.9,False,Store Pickup,False,False,1,Cash,Annually,365,1.0,49.0,1,False,98,0,False,False,2.9,False,6.2,Bronze,Retention Category
2176,68,Male,Dress,Clothing,50,Nebraska,M,Silver,Spring,3.3,False,Free Shipping,False,False,48,Credit Card,Fortnightly,14,26.071428571428573,1303.57,48,True,2450,0,False,False,3.3,False,69.7,Gold,Entry-Point Category
2177,24,Male,Belt,Accessories,91,Vermont,S,Red,Winter,3.4,False,2-Day Shipping,False,False,44,Debit Card,Quarterly,90,4.055555555555555,369.06,44,True,4095,0,False,True,3.4,False,54.3,Silver,Retention Category
2178,24,Male,Gloves,Accessories,93,Montana,XL,Green,Winter,3.0,False,Express,False,False,9,PayPal,Bi-Weekly,14,26.071428571428573,2424.64,9,False,930,0,False,True,3.0,False,53.4,Silver,Retention Category
2179,21,Male,Jewelry,Accessories,98,Florida,M,Gold,Summer,4.7,False,Standard,False,False,32,Venmo,Annually,365,1.0,98.0,32,False,3234,0,False,True,4.7,False,44.9,Silver,Retention Category
2180,49,Male,Socks,Clothing,82,Delaware,L,Lavender,Fall,2.9,False,Next Day Air,False,False,14,PayPal,Monthly,30,12.166666666666666,997.67,14,False,1230,0,False,True,2.9,False,42.4,Silver,Entry-Point Category
2181,41,Male,Coat,Outerwear,37,Connecticut,M,Yellow,Summer,4.1,False,Store Pickup,False,False,43,Cash,Quarterly,90,4.055555555555555,150.06,43,True,1628,0,False,False,4.1,False,49.2,Silver,Entry-Point Category
2182,22,Male,Handbag,Accessories,63,Hawaii,M,Black,Fall,3.2,False,Free Shipping,False,False,32,Bank Transfer,Bi-Weekly,14,26.071428571428573,1642.5,32,False,2079,0,False,True,3.2,False,62.1,Gold,Retention Category
2183,42,Male,Blouse,Clothing,99,New Mexico,M,Maroon,Winter,2.7,False,Store Pickup,False,False,26,Venmo,Bi-Weekly,14,26.071428571428573,2581.07,26,False,2673,0,False,True,2.7,False,62.6,Gold,Entry-Point Category
2184,30,Male,Shorts,Clothing,37,Kansas,M,Maroon,Spring,4.7,False,Store Pickup,False,False,2,Cash,Monthly,30,12.166666666666666,450.17,2,False,111,0,False,False,4.7,False,42.2,Silver,Entry-Point Category
2185,38,Male,Shoes,Footwear,34,Nevada,S,Gold,Spring,3.2,False,Free Shipping,False,False,16,PayPal,Every 3 Months,90,4.055555555555555,137.89,16,False,578,0,False,False,3.2,False,25.0,Bronze,Entry-Point Category
2186,40,Male,Shorts,Clothing,32,North Carolina,M,Violet,Winter,2.5,False,Express,False,False,50,Debit Card,Every 3 Months,90,4.055555555555555,129.78,50,True,1632,0,False,False,2.5,True,39.6,Silver,Entry-Point Category
2187,55,Male,Sandals,Footwear,23,New Mexico,XL,Teal,Winter,4.3,False,Next Day Air,False,False,6,PayPal,Every 3 Months,90,4.055555555555555,93.28,6,False,161,0,False,False,4.3,False,25.3,Bronze,Entry-Point Category
2188,37,Male,Blouse,Clothing,78,Idaho,M,Violet,Spring,4.4,False,Free Shipping,False,False,20,PayPal,Annually,365,1.0,78.0,20,False,1638,0,False,True,4.4,False,32.2,Silver,Entry-Point Category
2189,41,Male,Coat,Outerwear,54,California,M,Brown,Winter,4.7,False,Next Day Air,False,False,9,Credit Card,Weekly,7,52.142857142857146,2815.71,9,False,540,0,False,False,4.7,False,69.1,Gold,Entry-Point Category
2190,38,Male,Blouse,Clothing,94,Wisconsin,XL,Brown,Fall,4.0,False,Express,False,False,47,Credit Card,Bi-Weekly,14,26.071428571428573,2450.71,47,True,4512,0,False,True,4.0,False,84.6,Platinum,Entry-Point Category
2191,42,Male,Belt,Accessories,75,Alaska,S,Maroon,Spring,4.6,False,Express,False,False,33,Credit Card,Annually,365,1.0,75.0,33,False,2550,0,False,True,4.6,False,41.6,Silver,Retention Category
2192,26,Male,Blouse,Clothing,69,Pennsylvania,S,Maroon,Summer,3.8,False,Next Day Air,False,False,46,Cash,Bi-Weekly,14,26.071428571428573,1798.93,46,True,3243,0,False,True,3.8,False,76.7,Gold,Entry-Point Category
2193,41,Male,Scarf,Accessories,35,Virginia,L,Yellow,Winter,3.2,False,Next Day Air,False,False,9,Credit Card,Monthly,30,12.166666666666666,425.83,9,False,350,0,False,False,3.2,False,34.1,Silver,Retention Category
2194,27,Male,Shirt,Clothing,78,California,L,Turquoise,Spring,5.0,False,Express,False,False,8,PayPal,Monthly,30,12.166666666666666,949.0,8,False,702,0,False,True,5.0,False,55.0,Gold,Entry-Point Category
2195,61,Male,Socks,Clothing,29,Kentucky,M,Silver,Summer,3.5,False,Standard,False,False,48,Bank Transfer,Quarterly,90,4.055555555555555,117.61,48,True,1421,0,False,False,3.5,False,45.8,Silver,Entry-Point Category
2196,58,Male,Jeans,Clothing,62,New York,M,Brown,Fall,3.7,False,Next Day Air,False,False,2,Cash,Monthly,30,12.166666666666666,754.33,2,False,186,0,False,True,3.7,False,38.0,Silver,Entry-Point Category
2197,25,Male,Dress,Clothing,58,Vermont,M,Gray,Spring,4.8,False,Next Day Air,False,False,31,PayPal,Weekly,7,52.142857142857146,3024.29,31,False,1856,0,False,False,4.8,False,83.5,Platinum,Entry-Point Category
2198,33,Male,Boots,Footwear,88,Pennsylvania,M,Indigo,Summer,3.7,False,2-Day Shipping,False,False,40,Venmo,Monthly,30,12.166666666666666,1070.67,40,True,3608,0,False,True,3.7,False,65.5,Gold,Entry-Point Category
2199,57,Male,Scarf,Accessories,80,New York,L,Turquoise,Summer,3.5,False,Free Shipping,False,False,35,Venmo,Monthly,30,12.166666666666666,973.33,35,False,2880,0,False,True,3.5,False,59.8,Gold,Retention Category
2200,39,Male,Scarf,Accessories,47,North Carolina,M,Maroon,Summer,4.9,False,Store Pickup,False,False,40,Debit Card,Monthly,30,12.166666666666666,571.83,40,True,1927,0,False,False,4.9,False,67.9,Gold,Retention Category
2201,60,Male,Gloves,Accessories,51,Wyoming,L,Charcoal,Summer,4.7,False,Next Day Air,False,False,27,Debit Card,Every 3 Months,90,4.055555555555555,206.83,27,False,1428,0,False,False,4.7,False,46.8,Silver,Retention Category
2202,39,Male,Pants,Clothing,25,Ohio,L,Peach,Spring,4.9,False,2-Day Shipping,False,False,10,Venmo,Annually,365,1.0,25.0,10,False,275,0,False,False,4.9,False,25.5,Bronze,Entry-Point Category
2203,42,Male,Dress,Clothing,36,Alabama,M,Red,Summer,4.3,False,Next Day Air,False,False,23,Credit Card,Weekly,7,52.142857142857146,1877.14,23,False,864,0,False,False,4.3,False,67.8,Gold,Entry-Point Category
2204,53,Male,Dress,Clothing,79,Rhode Island,M,Indigo,Winter,3.1,False,Free Shipping,False,False,32,Cash,Quarterly,90,4.055555555555555,320.39,32,False,2607,0,False,True,3.1,False,42.6,Silver,Entry-Point Category
2205,20,Male,Jeans,Clothing,41,Oregon,S,Lavender,Winter,3.4,False,2-Day Shipping,False,False,6,Debit Card,Monthly,30,12.166666666666666,498.83,6,False,287,0,False,False,3.4,False,34.7,Silver,Entry-Point Category
2206,46,Male,Sweater,Clothing,68,North Dakota,XL,Red,Fall,2.7,False,Express,False,False,27,PayPal,Weekly,7,52.142857142857146,3545.71,27,False,1904,0,False,True,2.7,False,65.0,Gold,Entry-Point Category
2207,46,Male,Sandals,Footwear,51,Illinois,L,Green,Spring,2.6,False,Store Pickup,False,False,25,Bank Transfer,Fortnightly,14,26.071428571428573,1329.64,25,False,1326,0,False,False,2.6,False,50.6,Silver,Entry-Point Category
2208,69,Male,Handbag,Accessories,38,New Mexico,M,Gray,Fall,2.9,False,Next Day Air,False,False,11,Credit Card,Annually,365,1.0,38.0,11,False,456,0,False,False,2.9,False,11.2,Bronze,Retention Category
2209,28,Male,Scarf,Accessories,46,Colorado,XL,Violet,Summer,2.7,False,2-Day Shipping,False,False,23,PayPal,Monthly,30,12.166666666666666,559.67,23,False,1104,0,False,False,2.7,False,39.9,Silver,Retention Category
2210,42,Male,Sandals,Footwear,20,Utah,XL,Beige,Summer,4.5,False,2-Day Shipping,False,False,44,Bank Transfer,Quarterly,90,4.055555555555555,81.11,44,True,900,0,False,False,4.5,False,47.7,Silver,Entry-Point Category
2211,30,Male,Sunglasses,Accessories,25,Virginia,M,Orange,Summer,3.1,False,Store Pickup,False,False,35,PayPal,Fortnightly,14,26.071428571428573,651.79,35,False,900,0,False,False,3.1,False,52.0,Silver,Retention Category
2212,50,Male,Sweater,Clothing,89,Maine,L,Purple,Winter,3.2,False,Free Shipping,False,False,45,Debit Card,Every 3 Months,90,4.055555555555555,360.94,45,True,4094,0,False,True,3.2,False,52.7,Silver,Entry-Point Category
2213,59,Male,Pants,Clothing,77,Nebraska,M,Brown,Winter,3.3,False,Next Day Air,False,False,22,Bank Transfer,Quarterly,90,4.055555555555555,312.28,22,False,1771,0,False,True,3.3,False,37.5,Silver,Entry-Point Category
2214,54,Male,Hat,Accessories,94,Hawaii,M,Maroon,Fall,2.9,False,Express,False,False,18,Debit Card,Quarterly,90,4.055555555555555,381.22,18,False,1786,0,False,True,2.9,False,35.2,Silver,Retention Category
2215,50,Male,Belt,Accessories,100,Idaho,L,Gold,Fall,4.1,False,Standard,False,False,20,Debit Card,Weekly,7,52.142857142857146,5214.29,20,False,2100,0,False,True,4.1,False,74.6,Gold,Retention Category
2216,25,Male,Sandals,Footwear,96,West Virginia,M,Indigo,Winter,2.7,False,Express,False,False,28,Credit Card,Fortnightly,14,26.071428571428573,2502.86,28,False,2784,0,False,True,2.7,False,63.1,Gold,Entry-Point Category
2217,41,Male,Pants,Clothing,36,Vermont,XL,Silver,Winter,4.0,False,Store Pickup,False,False,15,Venmo,Bi-Weekly,14,26.071428571428573,938.57,15,False,576,0,False,False,4.0,False,51.1,Silver,Entry-Point Category
2218,35,Male,Jewelry,Accessories,27,Indiana,XL,Red,Fall,2.6,False,Store Pickup,False,False,42,Bank Transfer,Fortnightly,14,26.071428571428573,703.93,42,True,1161,0,False,False,2.6,False,52.8,Silver,Retention Category
2219,67,Male,Sunglasses,Accessories,67,Idaho,M,Magenta,Winter,3.5,False,Store Pickup,False,False,20,Debit Card,Quarterly,90,4.055555555555555,271.72,20,False,1407,0,False,True,3.5,False,35.7,Silver,Retention Category
2220,33,Male,Blouse,Clothing,91,Minnesota,S,Purple,Fall,2.8,False,Store Pickup,False,False,16,Bank Transfer,Fortnightly,14,26.071428571428573,2372.5,16,False,1547,0,False,True,2.8,False,55.5,Gold,Entry-Point Category
2221,19,Male,Belt,Accessories,62,Wyoming,XL,Beige,Fall,4.5,False,Store Pickup,False,False,47,Cash,Annually,365,1.0,62.0,47,True,2976,0,False,True,4.5,False,47.9,Silver,Retention Category
2222,25,Male,Shorts,Clothing,88,Kansas,XL,White,Fall,3.0,False,Free Shipping,False,False,34,Credit Card,Annually,365,1.0,88.0,34,False,3080,0,False,True,3.0,False,30.7,Silver,Entry-Point Category
2223,32,Male,Pants,Clothing,66,Georgia,M,Teal,Summer,4.4,False,Store Pickup,False,False,30,Credit Card,Weekly,7,52.142857142857146,3441.43,30,False,2046,0,False,True,4.4,False,80.4,Platinum,Entry-Point Category
2224,30,Male,Sandals,Footwear,65,Kansas,M,Gray,Fall,4.7,False,Next Day Air,False,False,5,PayPal,Quarterly,90,4.055555555555555,263.61,5,False,390,0,False,True,4.7,False,36.3,Silver,Entry-Point Category
2225,18,Male,Gloves,Accessories,25,Nebraska,L,Charcoal,Winter,4.3,False,Standard,False,False,38,Cash,Quarterly,90,4.055555555555555,101.39,38,True,975,0,False,False,4.3,False,45.6,Silver,Retention Category
2226,38,Male,Belt,Accessories,64,Washington,S,Olive,Spring,4.8,False,Free Shipping,False,False,18,Credit Card,Annually,365,1.0,64.0,18,False,1216,0,False,True,4.8,False,33.0,Silver,Retention Category
2227,22,Male,Shirt,Clothing,72,Missouri,L,Blue,Spring,4.8,False,Store Pickup,False,False,28,Cash,Annually,365,1.0,72.0,28,False,2088,0,False,True,4.8,False,39.8,Silver,Entry-Point Category
2228,40,Male,Scarf,Accessories,74,Washington,S,Gray,Summer,4.4,False,Next Day Air,False,False,42,Credit Card,Fortnightly,14,26.071428571428573,1929.29,42,True,3182,0,False,True,4.4,False,80.4,Platinum,Retention Category
2229,54,Male,Gloves,Accessories,50,Kansas,M,Green,Fall,3.7,False,Free Shipping,False,False,5,Credit Card,Weekly,7,52.142857142857146,2607.14,5,False,300,0,False,False,3.7,False,58.3,Gold,Retention Category
2230,70,Male,Pants,Clothing,97,Minnesota,M,Silver,Fall,3.9,False,Express,False,False,50,Venmo,Monthly,30,12.166666666666666,1180.17,50,True,4947,0,False,True,3.9,False,74.6,Gold,Entry-Point Category
2231,52,Male,Sneakers,Footwear,36,Colorado,S,Teal,Spring,3.8,False,Express,False,False,33,Venmo,Fortnightly,14,26.071428571428573,938.57,33,False,1224,0,False,False,3.8,False,60.4,Gold,Entry-Point Category
2232,34,Male,Jacket,Outerwear,49,Utah,M,Beige,Fall,4.1,False,Store Pickup,False,False,1,Credit Card,Weekly,7,52.142857142857146,2555.0,1,False,98,0,False,False,4.1,False,58.6,Gold,Entry-Point Category
2233,65,Male,Shoes,Footwear,64,North Carolina,L,Lavender,Spring,4.0,False,Store Pickup,False,False,14,Cash,Fortnightly,14,26.071428571428573,1668.57,14,False,960,0,False,True,4.0,False,58.0,Gold,Entry-Point Category
2234,38,Male,Blouse,Clothing,31,Florida,XL,Gray,Summer,4.5,False,Express,False,False,48,Credit Card,Monthly,30,12.166666666666666,377.17,48,True,1519,0,False,False,4.5,False,66.2,Gold,Entry-Point Category
2235,35,Male,Boots,Footwear,66,New Hampshire,S,Yellow,Winter,4.0,False,Express,False,False,26,Cash,Weekly,7,52.142857142857146,3441.43,26,False,1782,0,False,True,4.0,False,74.8,Gold,Entry-Point Category
2236,40,Male,Socks,Clothing,82,Illinois,M,Gray,Spring,4.5,False,2-Day Shipping,False,False,44,Credit Card,Annually,365,1.0,82.0,44,True,3690,0,False,True,4.5,False,47.9,Silver,Entry-Point Category
2237,23,Male,T-shirt,Clothing,88,Louisiana,M,Yellow,Winter,2.7,False,Standard,False,False,18,Debit Card,Fortnightly,14,26.071428571428573,2294.29,18,False,1672,0,False,True,2.7,False,55.0,Gold,Entry-Point Category
2238,45,Male,Sandals,Footwear,34,Alabama,S,Black,Summer,3.8,False,Next Day Air,False,False,31,Venmo,Every 3 Months,90,4.055555555555555,137.89,31,False,1088,0,False,False,3.8,False,38.9,Silver,Entry-Point Category
2239,40,Male,Sneakers,Footwear,84,Florida,L,Beige,Winter,3.8,False,Standard,False,False,18,Debit Card,Weekly,7,52.142857142857146,4380.0,18,False,1596,0,False,True,3.8,False,69.4,Gold,Entry-Point Category
2240,42,Male,Jewelry,Accessories,96,Alabama,L,Indigo,Summer,3.8,False,2-Day Shipping,False,False,41,Credit Card,Every 3 Months,90,4.055555555555555,389.33,41,True,4032,0,False,True,3.8,False,56.9,Gold,Retention Category
2241,57,Male,Sandals,Footwear,71,California,L,Green,Winter,4.3,False,Next Day Air,False,False,18,Debit Card,Every 3 Months,90,4.055555555555555,287.94,18,False,1349,0,False,True,4.3,False,41.8,Silver,Entry-Point Category
2242,18,Male,Jacket,Outerwear,77,Maryland,M,Purple,Summer,3.5,False,Free Shipping,False,False,3,Bank Transfer,Bi-Weekly,14,26.071428571428573,2007.5,3,False,308,0,False,True,3.5,False,50.2,Silver,Entry-Point Category
2243,18,Male,Skirt,Clothing,66,Nevada,M,Orange,Spring,3.8,False,Next Day Air,False,False,5,Credit Card,Bi-Weekly,14,26.071428571428573,1720.71,5,False,396,0,False,True,3.8,False,51.5,Silver,Entry-Point Category
2244,56,Male,Shirt,Clothing,21,Massachusetts,M,Teal,Winter,3.7,False,2-Day Shipping,False,False,13,Debit Card,Annually,365,1.0,21.0,13,False,294,0,False,False,3.7,False,17.2,Bronze,Entry-Point Category
2245,35,Male,Shorts,Clothing,37,South Carolina,M,Gold,Summer,4.8,False,2-Day Shipping,False,False,22,PayPal,Annually,365,1.0,37.0,22,False,851,0,False,False,4.8,False,33.1,Silver,Entry-Point Category
2246,49,Male,Socks,Clothing,90,Delaware,L,Gray,Fall,4.9,False,Free Shipping,False,False,45,PayPal,Fortnightly,14,26.071428571428573,2346.43,45,True,4140,0,False,True,4.9,False,89.5,Platinum,Entry-Point Category
2247,49,Male,Jacket,Outerwear,96,Hawaii,M,Cyan,Fall,4.3,False,Store Pickup,False,False,39,PayPal,Every 3 Months,90,4.055555555555555,389.33,39,True,3840,0,False,True,4.3,False,59.9,Gold,Entry-Point Category
2248,34,Male,Jewelry,Accessories,37,Florida,L,Teal,Summer,4.4,False,Next Day Air,False,False,18,Venmo,Annually,365,1.0,37.0,18,False,703,0,False,False,4.4,False,27.4,Bronze,Retention Category
2249,63,Male,T-shirt,Clothing,66,Rhode Island,M,Violet,Winter,3.4,False,Free Shipping,False,False,19,PayPal,Fortnightly,14,26.071428571428573,1720.71,19,False,1320,0,False,True,3.4,False,56.4,Gold,Entry-Point Category
2250,42,Male,Gloves,Accessories,45,Wyoming,XL,Indigo,Spring,4.3,False,Next Day Air,False,False,29,Debit Card,Weekly,7,52.142857142857146,2346.43,29,False,1350,0,False,False,4.3,False,75.3,Gold,Retention Category
2251,41,Male,Shoes,Footwear,89,Colorado,L,Pink,Summer,4.6,False,Store Pickup,False,False,19,Credit Card,Weekly,7,52.142857142857146,4640.71,19,False,1780,0,False,True,4.6,False,77.0,Gold,Entry-Point Category
2252,26,Male,Shoes,Footwear,94,Virginia,L,Gold,Fall,3.8,False,Free Shipping,False,False,22,Debit Card,Monthly,30,12.166666666666666,1143.67,22,False,2162,0,False,True,3.8,False,56.3,Gold,Entry-Point Category
2253,48,Male,Shoes,Footwear,96,Nebraska,S,Maroon,Summer,3.9,False,Express,False,False,21,Bank Transfer,Annually,365,1.0,96.0,21,False,2112,0,False,True,3.9,False,31.2,Silver,Entry-Point Category
2254,62,Male,Hoodie,Clothing,31,Oklahoma,M,Brown,Spring,2.6,False,Store Pickup,False,False,22,PayPal,Monthly,30,12.166666666666666,377.17,22,False,713,0,False,False,2.6,False,35.2,Silver,Entry-Point Category
2255,24,Male,Belt,Accessories,79,North Dakota,M,Gold,Winter,4.2,False,Store Pickup,False,False,44,PayPal,Every 3 Months,90,4.055555555555555,320.39,44,True,3555,0,False,True,4.2,False,58.5,Gold,Retention Category
2256,48,Male,Coat,Outerwear,39,Michigan,L,Teal,Spring,4.6,False,Store Pickup,False,False,42,Bank Transfer,Quarterly,90,4.055555555555555,158.17,42,True,1677,0,False,False,4.6,False,53.1,Silver,Entry-Point Category
2257,31,Male,Blouse,Clothing,22,California,M,Turquoise,Fall,5.0,False,Standard,False,False,33,Credit Card,Quarterly,90,4.055555555555555,89.22,33,False,748,0,False,False,5.0,False,46.2,Silver,Entry-Point Category
2258,41,Male,Skirt,Clothing,32,Tennessee,L,Olive,Fall,4.2,False,Standard,False,False,6,Bank Transfer,Annually,365,1.0,32.0,6,False,224,0,False,False,4.2,False,18.5,Bronze,Entry-Point Category
2259,24,Male,T-shirt,Clothing,71,Ohio,L,Cyan,Winter,4.3,False,Store Pickup,False,False,44,Credit Card,Every 3 Months,90,4.055555555555555,287.94,44,True,3195,0,False,True,4.3,False,57.4,Gold,Entry-Point Category
2260,60,Male,Jeans,Clothing,96,Florida,XL,Beige,Spring,3.3,False,Free Shipping,False,False,24,Cash,Annually,365,1.0,96.0,24,False,2400,0,False,True,3.3,False,28.0,Bronze,Entry-Point Category
2261,38,Male,Scarf,Accessories,82,Missouri,M,Blue,Fall,4.9,False,Express,False,False,16,PayPal,Quarterly,90,4.055555555555555,332.56,16,False,1394,0,False,True,4.9,False,47.8,Silver,Retention Category
2262,58,Male,Backpack,Accessories,76,South Carolina,L,Gold,Spring,4.4,False,Standard,False,False,12,Bank Transfer,Fortnightly,14,26.071428571428573,1981.43,12,False,988,0,False,True,4.4,False,62.8,Gold,Retention Category
2263,53,Male,Backpack,Accessories,22,Arizona,M,Green,Winter,3.1,False,2-Day Shipping,False,False,50,PayPal,Monthly,30,12.166666666666666,267.67,50,True,1122,0,False,False,3.1,False,50.3,Silver,Retention Category
2264,44,Male,Scarf,Accessories,40,Indiana,XL,Green,Winter,3.5,False,Store Pickup,False,False,42,Cash,Quarterly,90,4.055555555555555,162.22,42,True,1720,0,False,False,3.5,False,44.3,Silver,Retention Category
2265,51,Male,Hat,Accessories,92,North Dakota,M,Turquoise,Summer,3.9,False,2-Day Shipping,False,False,50,PayPal,Monthly,30,12.166666666666666,1119.33,50,True,4692,0,False,True,3.9,False,73.6,Gold,Retention Category
2266,36,Male,Coat,Outerwear,94,Montana,XL,Yellow,Fall,3.9,False,Store Pickup,False,False,10,PayPal,Quarterly,90,4.055555555555555,381.22,10,False,1034,0,False,True,3.9,False,38.6,Silver,Entry-Point Category
2267,20,Male,Dress,Clothing,44,Missouri,M,Yellow,Fall,4.3,False,Store Pickup,False,False,32,Debit Card,Weekly,7,52.142857142857146,2294.29,32,False,1452,0,False,False,4.3,False,76.7,Gold,Entry-Point Category
2268,32,Male,Gloves,Accessories,49,Kentucky,S,Blue,Spring,3.8,False,Express,False,False,37,Venmo,Weekly,7,52.142857142857146,2555.0,37,False,1862,0,False,False,3.8,False,77.7,Gold,Retention Category
2269,66,Male,Sweater,Clothing,26,Georgia,L,Charcoal,Spring,2.7,False,2-Day Shipping,False,False,15,Bank Transfer,Monthly,30,12.166666666666666,316.33,15,False,416,0,False,False,2.7,False,28.8,Bronze,Entry-Point Category
2270,49,Male,Skirt,Clothing,38,Kentucky,M,Yellow,Fall,4.4,False,Store Pickup,False,False,27,Credit Card,Annually,365,1.0,38.0,27,False,1064,0,False,False,4.4,False,33.1,Silver,Entry-Point Category
2271,27,Male,Blouse,Clothing,72,Georgia,L,Purple,Spring,3.5,False,Express,False,False,7,Venmo,Weekly,7,52.142857142857146,3754.29,7,False,576,0,False,True,3.5,False,59.8,Gold,Entry-Point Category
2272,29,Male,Dress,Clothing,99,Alaska,M,Green,Summer,3.4,False,Free Shipping,False,False,49,PayPal,Quarterly,90,4.055555555555555,401.5,49,True,4950,0,False,True,3.4,False,59.3,Gold,Entry-Point Category
2273,29,Male,Jacket,Outerwear,38,Maine,L,Charcoal,Spring,4.0,False,Standard,False,False,44,PayPal,Monthly,30,12.166666666666666,462.33,44,True,1710,0,False,False,4.0,False,61.8,Gold,Entry-Point Category
2274,55,Male,Coat,Outerwear,96,New Mexico,L,Silver,Winter,4.8,False,Express,False,False,13,PayPal,Bi-Weekly,14,26.071428571428573,2502.86,13,False,1344,0,False,True,4.8,False,70.9,Gold,Entry-Point Category
2275,57,Male,Dress,Clothing,27,New York,L,Turquoise,Spring,4.5,False,Next Day Air,False,False,38,PayPal,Fortnightly,14,26.071428571428573,703.93,38,True,1053,0,False,False,4.5,False,65.7,Gold,Entry-Point Category
2276,29,Male,Shorts,Clothing,24,Oklahoma,M,Gray,Winter,4.4,False,Standard,False,False,10,Debit Card,Weekly,7,52.142857142857146,1251.43,10,False,264,0,False,False,4.4,False,55.5,Gold,Entry-Point Category
2277,31,Male,Jeans,Clothing,82,Wyoming,L,Red,Summer,4.1,False,2-Day Shipping,False,False,25,Debit Card,Weekly,7,52.142857142857146,4275.71,25,False,2132,0,False,True,4.1,False,76.2,Gold,Entry-Point Category
2278,25,Male,Hat,Accessories,56,Alabama,M,Beige,Summer,4.6,False,Next Day Air,False,False,18,Credit Card,Quarterly,90,4.055555555555555,227.11,18,False,1064,0,False,False,4.6,False,41.1,Silver,Retention Category
2279,61,Male,Gloves,Accessories,25,Maryland,M,Maroon,Fall,3.8,False,Store Pickup,False,False,6,Cash,Every 3 Months,90,4.055555555555555,101.39,6,False,175,0,False,False,3.8,False,22.3,Bronze,Retention Category
2280,53,Male,Sneakers,Footwear,67,West Virginia,L,Indigo,Spring,2.9,False,Free Shipping,False,False,35,Bank Transfer,Quarterly,90,4.055555555555555,271.72,35,False,2412,0,False,True,2.9,False,40.1,Silver,Entry-Point Category
2281,22,Male,Shoes,Footwear,21,Kentucky,M,Red,Summer,2.8,False,Standard,False,False,31,Credit Card,Fortnightly,14,26.071428571428573,547.5,31,False,672,0,False,False,2.8,False,45.4,Silver,Entry-Point Category
2282,28,Male,Hoodie,Clothing,27,Kansas,XL,Maroon,Summer,3.0,False,Store Pickup,False,False,41,Bank Transfer,Annually,365,1.0,27.0,41,True,1134,0,False,False,3.0,False,29.0,Bronze,Entry-Point Category
2283,18,Male,Sneakers,Footwear,97,Idaho,S,Red,Fall,4.2,False,2-Day Shipping,False,False,8,Credit Card,Annually,365,1.0,97.0,8,False,873,0,False,True,4.2,False,26.2,Bronze,Entry-Point Category
2284,44,Male,Handbag,Accessories,45,Ohio,S,Black,Winter,4.1,False,Free Shipping,False,False,34,Credit Card,Fortnightly,14,26.071428571428573,1173.21,34,False,1575,0,False,False,4.1,False,66.9,Gold,Retention Category
2285,32,Male,Blouse,Clothing,63,Iowa,XL,Black,Fall,4.1,False,Express,False,False,20,Venmo,Annually,365,1.0,63.0,20,False,1323,0,False,True,4.1,False,28.6,Bronze,Entry-Point Category
2286,34,Male,Belt,Accessories,100,Michigan,L,Pink,Summer,4.6,False,2-Day Shipping,False,False,38,PayPal,Every 3 Months,90,4.055555555555555,405.56,38,True,3900,0,False,True,4.6,False,62.7,Gold,Retention Category
2287,67,Male,Socks,Clothing,38,South Dakota,L,Blue,Spring,2.5,False,Store Pickup,False,False,35,Venmo,Quarterly,90,4.055555555555555,154.11,35,False,1368,0,False,False,2.5,True,32.1,Silver,Entry-Point Category
2288,66,Male,Blouse,Clothing,45,Nebraska,L,Green,Summer,3.0,False,Store Pickup,False,False,6,Debit Card,Annually,365,1.0,45.0,6,False,315,0,False,False,3.0,False,9.9,Bronze,Entry-Point Category
2289,28,Male,Jewelry,Accessories,91,California,M,Orange,Fall,3.8,False,Next Day Air,False,False,50,PayPal,Weekly,7,52.142857142857146,4745.0,50,True,4641,0,False,True,3.8,False,89.3,Platinum,Retention Category
2290,70,Male,Shorts,Clothing,82,Nevada,M,Orange,Fall,4.1,False,Free Shipping,False,False,47,Venmo,Weekly,7,52.142857142857146,4275.71,47,True,3936,0,False,True,4.1,False,89.3,Platinum,Entry-Point Category
2291,37,Male,Boots,Footwear,48,Kansas,L,Magenta,Winter,3.3,False,Standard,False,False,23,PayPal,Quarterly,90,4.055555555555555,194.67,23,False,1152,0,False,False,3.3,False,32.5,Silver,Entry-Point Category
2292,28,Male,Coat,Outerwear,30,Ohio,M,Indigo,Spring,5.0,False,2-Day Shipping,False,False,13,Credit Card,Quarterly,90,4.055555555555555,121.67,13,False,420,0,False,False,5.0,False,36.7,Silver,Entry-Point Category
2293,43,Male,T-shirt,Clothing,34,Vermont,S,Beige,Spring,3.8,False,Next Day Air,False,False,31,Debit Card,Monthly,30,12.166666666666666,413.67,31,False,1088,0,False,False,3.8,False,52.1,Silver,Entry-Point Category
2294,37,Male,Sweater,Clothing,68,Georgia,L,Green,Fall,3.3,False,Express,False,False,16,Debit Card,Every 3 Months,90,4.055555555555555,275.78,16,False,1156,0,False,True,3.3,False,31.9,Silver,Entry-Point Category
2295,54,Male,Sunglasses,Accessories,95,Maryland,M,Red,Winter,5.0,False,Express,False,False,40,Debit Card,Annually,365,1.0,95.0,40,True,3895,0,False,True,5.0,False,51.1,Silver,Retention Category
2296,50,Male,Hat,Accessories,22,Connecticut,L,Beige,Spring,2.9,False,2-Day Shipping,False,False,45,PayPal,Quarterly,90,4.055555555555555,89.22,45,True,1012,0,False,False,2.9,False,36.3,Silver,Retention Category
2297,46,Male,Gloves,Accessories,88,Washington,M,Green,Fall,2.5,False,Next Day Air,False,False,50,Venmo,Every 3 Months,90,4.055555555555555,356.89,50,True,4488,0,False,True,2.5,True,50.3,Silver,Retention Category
2298,60,Male,Socks,Clothing,83,California,M,Orange,Summer,4.7,False,Standard,False,False,1,Bank Transfer,Quarterly,90,4.055555555555555,336.61,1,False,166,0,False,True,4.7,False,37.5,Silver,Entry-Point Category
2299,40,Male,Handbag,Accessories,87,Montana,L,Cyan,Spring,2.9,False,2-Day Shipping,False,False,10,Cash,Every 3 Months,90,4.055555555555555,352.83,10,False,957,0,False,True,2.9,False,29.0,Bronze,Retention Category
2300,64,Male,Coat,Outerwear,57,Idaho,M,Violet,Summer,3.7,False,Store Pickup,False,False,48,Credit Card,Every 3 Months,90,4.055555555555555,231.17,48,True,2793,0,False,False,3.7,False,52.1,Silver,Entry-Point Category
2301,18,Male,Coat,Outerwear,88,Pennsylvania,XL,Lavender,Summer,4.4,False,2-Day Shipping,False,False,38,Credit Card,Monthly,30,12.166666666666666,1070.67,38,True,3432,0,False,True,4.4,False,70.1,Gold,Entry-Point Category
2302,37,Male,Pants,Clothing,20,Maine,L,Turquoise,Winter,2.9,False,Next Day Air,False,False,21,Debit Card,Annually,365,1.0,20.0,21,False,440,0,False,False,2.9,False,15.5,Bronze,Entry-Point Category
2303,36,Male,Belt,Accessories,39,Montana,L,Pink,Summer,3.6,False,Store Pickup,False,False,38,Venmo,Monthly,30,12.166666666666666,474.5,38,True,1521,0,False,False,3.6,False,55.1,Gold,Retention Category
2304,51,Male,Sunglasses,Accessories,71,New Jersey,S,Beige,Spring,4.8,False,2-Day Shipping,False,False,31,Credit Card,Fortnightly,14,26.071428571428573,1851.07,31,False,2272,0,False,True,4.8,False,76.5,Gold,Retention Category
2305,26,Male,Hoodie,Clothing,73,Louisiana,L,Silver,Winter,4.7,False,Free Shipping,False,False,9,Debit Card,Fortnightly,14,26.071428571428573,1903.21,9,False,730,0,False,True,4.7,False,62.8,Gold,Entry-Point Category
2306,68,Male,Handbag,Accessories,63,Maine,M,Gold,Summer,2.6,False,Free Shipping,False,False,47,Cash,Weekly,7,52.142857142857146,3285.0,47,True,3024,0,False,True,2.6,False,75.7,Gold,Retention Category
2307,27,Male,Gloves,Accessories,78,Florida,L,Silver,Winter,3.4,False,Standard,False,False,8,Cash,Bi-Weekly,14,26.071428571428573,2033.57,8,False,702,0,False,True,3.4,False,52.7,Silver,Retention Category
2308,28,Male,Skirt,Clothing,96,Missouri,L,Green,Fall,3.5,False,Next Day Air,False,False,30,Debit Card,Annually,365,1.0,96.0,30,False,2976,0,False,True,3.5,False,33.3,Silver,Entry-Point Category
2309,49,Male,Sunglasses,Accessories,81,North Dakota,M,Teal,Winter,3.4,False,2-Day Shipping,False,False,22,Bank Transfer,Quarterly,90,4.055555555555555,328.5,22,False,1863,0,False,True,3.4,False,39.1,Silver,Retention Category
2310,70,Male,Dress,Clothing,95,Connecticut,S,Gold,Fall,5.0,False,2-Day Shipping,False,False,3,Bank Transfer,Quarterly,90,4.055555555555555,385.28,3,False,380,0,False,True,5.0,False,43.3,Silver,Entry-Point Category
2311,30,Male,Gloves,Accessories,68,Virginia,M,Cyan,Spring,4.6,False,Standard,False,False,15,PayPal,Monthly,30,12.166666666666666,827.33,15,False,1088,0,False,True,4.6,False,54.4,Silver,Retention Category
2312,27,Male,Sneakers,Footwear,28,Montana,L,Gold,Spring,4.8,False,2-Day Shipping,False,False,10,Bank Transfer,Every 3 Months,90,4.055555555555555,113.56,10,False,308,0,False,False,4.8,False,33.2,Silver,Entry-Point Category
2313,19,Male,T-shirt,Clothing,30,Vermont,L,Violet,Summer,3.7,False,Free Shipping,False,False,19,Cash,Every 3 Months,90,4.055555555555555,121.67,19,False,600,0,False,False,3.7,False,29.9,Bronze,Entry-Point Category
2314,64,Male,Dress,Clothing,31,Georgia,M,Black,Summer,4.7,False,Next Day Air,False,False,36,Bank Transfer,Fortnightly,14,26.071428571428573,808.21,36,False,1147,0,False,False,4.7,False,67.6,Gold,Entry-Point Category
2315,42,Male,Handbag,Accessories,95,Virginia,XL,Brown,Winter,4.4,False,Express,False,False,12,Bank Transfer,Every 3 Months,90,4.055555555555555,385.28,12,False,1235,0,False,True,4.4,False,44.2,Silver,Retention Category
2316,69,Male,Socks,Clothing,79,Vermont,M,Indigo,Winter,3.5,False,2-Day Shipping,False,False,49,Debit Card,Quarterly,90,4.055555555555555,320.39,49,True,3950,0,False,True,3.5,False,55.8,Gold,Entry-Point Category
2317,28,Male,Sneakers,Footwear,39,Montana,L,Yellow,Winter,3.8,False,Standard,False,False,7,Debit Card,Annually,365,1.0,39.0,7,False,312,0,False,False,3.8,False,16.4,Bronze,Entry-Point Category
2318,47,Male,Jacket,Outerwear,34,New Jersey,M,Purple,Summer,4.7,False,Next Day Air,False,False,28,Bank Transfer,Monthly,30,12.166666666666666,413.67,28,False,986,0,False,False,4.7,False,57.7,Gold,Entry-Point Category
2319,69,Male,Hoodie,Clothing,28,Wyoming,L,White,Spring,3.1,False,Store Pickup,False,False,30,Credit Card,Annually,365,1.0,28.0,30,False,868,0,False,False,3.1,False,23.2,Bronze,Entry-Point Category
2320,56,Male,Sandals,Footwear,38,Maine,XL,Turquoise,Winter,5.0,False,Free Shipping,False,False,29,PayPal,Monthly,30,12.166666666666666,462.33,29,False,1140,0,False,False,5.0,False,60.7,Gold,Entry-Point Category
2321,28,Male,Shoes,Footwear,55,New Mexico,M,Olive,Spring,3.7,False,Free Shipping,False,False,9,Debit Card,Every 3 Months,90,4.055555555555555,223.06,9,False,550,0,False,False,3.7,False,28.3,Bronze,Entry-Point Category
2322,50,Male,Sandals,Footwear,31,Colorado,M,Beige,Winter,3.0,False,Next Day Air,False,False,27,Debit Card,Fortnightly,14,26.071428571428573,808.21,27,False,868,0,False,False,3.0,False,48.4,Silver,Entry-Point Category
2323,39,Male,Coat,Outerwear,84,Connecticut,S,Lavender,Spring,4.5,False,Store Pickup,False,False,21,Venmo,Fortnightly,14,26.071428571428573,2190.0,21,False,1848,0,False,True,4.5,False,70.6,Gold,Entry-Point Category
2324,35,Male,Gloves,Accessories,93,Maryland,L,White,Winter,4.7,False,Express,False,False,36,Credit Card,Monthly,30,12.166666666666666,1131.5,36,False,3441,0,False,True,4.7,False,72.0,Gold,Retention Category
2325,59,Male,Coat,Outerwear,28,Oregon,L,Brown,Winter,3.5,False,Free Shipping,False,False,19,Debit Card,Annually,365,1.0,28.0,19,False,560,0,False,False,3.5,False,19.8,Bronze,Entry-Point Category
2326,44,Male,Boots,Footwear,55,New York,M,Charcoal,Summer,4.4,False,2-Day Shipping,False,False,47,Cash,Weekly,7,52.142857142857146,2867.86,47,True,2640,0,False,False,4.4,False,89.6,Platinum,Entry-Point Category
2327,66,Male,Skirt,Clothing,63,Oklahoma,L,Maroon,Winter,2.6,False,Standard,False,False,38,Bank Transfer,Annually,365,1.0,63.0,38,True,2457,0,False,True,2.6,False,27.3,Bronze,Entry-Point Category
2328,20,Male,Skirt,Clothing,94,Alabama,M,Red,Winter,4.2,False,2-Day Shipping,False,False,22,Venmo,Bi-Weekly,14,26.071428571428573,2450.71,22,False,2162,0,False,True,4.2,False,71.3,Gold,Entry-Point Category
2329,45,Male,Pants,Clothing,36,North Dakota,M,Maroon,Fall,2.6,False,Express,False,False,29,Venmo,Bi-Weekly,14,26.071428571428573,938.57,29,False,1080,0,False,False,2.6,False,48.2,Silver,Entry-Point Category
2330,49,Male,Hat,Accessories,97,Nebraska,S,Teal,Spring,4.8,False,Free Shipping,False,False,42,Bank Transfer,Annually,365,1.0,97.0,42,True,4171,0,False,True,4.8,False,51.2,Silver,Retention Category
2331,60,Male,Backpack,Accessories,63,Arizona,L,Orange,Summer,2.9,False,Store Pickup,False,False,47,PayPal,Every 3 Months,90,4.055555555555555,255.5,47,True,3024,0,False,True,2.9,False,46.2,Silver,Retention Category
2332,61,Male,Scarf,Accessories,77,Illinois,S,Olive,Spring,4.3,False,2-Day Shipping,False,False,10,Credit Card,Bi-Weekly,14,26.071428571428573,2007.5,10,False,847,0,False,True,4.3,False,61.0,Gold,Retention Category
2333,36,Male,Scarf,Accessories,53,South Carolina,XL,Olive,Fall,2.6,False,Store Pickup,False,False,10,Venmo,Monthly,30,12.166666666666666,644.83,10,False,583,0,False,False,2.6,False,32.6,Silver,Retention Category
2334,33,Male,Shirt,Clothing,77,Kansas,M,Beige,Spring,3.8,False,Next Day Air,False,False,1,PayPal,Every 3 Months,90,4.055555555555555,312.28,1,False,154,0,False,True,3.8,False,28.9,Bronze,Entry-Point Category
2335,49,Male,Boots,Footwear,79,Kansas,L,Green,Summer,4.2,False,Standard,False,False,7,Credit Card,Monthly,30,12.166666666666666,961.17,7,False,632,0,False,True,4.2,False,48.5,Silver,Entry-Point Category
2336,31,Male,Coat,Outerwear,37,Idaho,M,Black,Summer,3.9,False,Store Pickup,False,False,10,Venmo,Fortnightly,14,26.071428571428573,964.64,10,False,407,0,False,False,3.9,False,47.7,Silver,Entry-Point Category
2337,19,Male,Belt,Accessories,94,California,M,Green,Winter,3.1,False,Free Shipping,False,False,11,Credit Card,Weekly,7,52.142857142857146,4901.43,11,False,1128,0,False,True,3.1,False,60.6,Gold,Retention Category
2338,39,Male,Boots,Footwear,76,North Dakota,S,Violet,Fall,3.6,False,Store Pickup,False,False,5,Cash,Annually,365,1.0,76.0,5,False,456,0,False,True,3.6,False,16.7,Bronze,Entry-Point Category
2339,66,Male,Sneakers,Footwear,68,Georgia,S,Silver,Fall,4.0,False,Express,False,False,21,PayPal,Quarterly,90,4.055555555555555,275.78,21,False,1496,0,False,True,4.0,False,40.7,Silver,Entry-Point Category
2340,25,Male,Shirt,Clothing,65,Illinois,L,Maroon,Spring,3.4,False,Next Day Air,False,False,24,Bank Transfer,Quarterly,90,4.055555555555555,263.61,24,False,1625,0,False,True,3.4,False,37.0,Silver,Entry-Point Category
2341,63,Male,Blouse,Clothing,24,Delaware,M,Cyan,Summer,2.6,False,Standard,False,False,37,Credit Card,Fortnightly,14,26.071428571428573,625.71,37,False,912,0,False,False,2.6,False,48.6,Silver,Entry-Point Category
2342,56,Male,Jacket,Outerwear,31,Connecticut,L,Teal,Summer,4.5,False,Express,False,False,22,Venmo,Every 3 Months,90,4.055555555555555,125.72,22,False,713,0,False,False,4.5,False,38.6,Silver,Entry-Point Category
2343,20,Male,Skirt,Clothing,89,Tennessee,M,Olive,Fall,4.9,False,Standard,False,False,16,Debit Card,Fortnightly,14,26.071428571428573,2320.36,16,False,1513,0,False,True,4.9,False,71.9,Gold,Entry-Point Category
2344,58,Male,Socks,Clothing,49,Maryland,M,Red,Summer,4.4,False,2-Day Shipping,False,False,44,PayPal,Monthly,30,12.166666666666666,596.17,44,True,2205,0,False,False,4.4,False,66.6,Gold,Entry-Point Category
2345,34,Male,Sandals,Footwear,92,Rhode Island,XL,Lavender,Fall,3.5,False,Express,False,False,14,Venmo,Bi-Weekly,14,26.071428571428573,2398.57,14,False,1380,0,False,True,3.5,False,60.2,Gold,Entry-Point Category
2346,28,Male,T-shirt,Clothing,32,New York,S,Orange,Winter,3.3,False,Express,False,False,23,Bank Transfer,Every 3 Months,90,4.055555555555555,129.78,23,False,768,0,False,False,3.3,False,29.5,Bronze,Entry-Point Category
2347,22,Male,Jacket,Outerwear,67,New Mexico,L,Brown,Winter,3.1,False,Standard,False,False,46,Debit Card,Fortnightly,14,26.071428571428573,1746.79,46,True,3149,0,False,True,3.1,False,70.5,Gold,Entry-Point Category
2348,37,Male,Belt,Accessories,64,California,S,Gray,Fall,4.2,False,Express,False,False,46,Cash,Every 3 Months,90,4.055555555555555,259.56,46,True,3008,0,False,True,4.2,False,56.5,Gold,Retention Category
2349,54,Male,Shoes,Footwear,84,Maine,M,Orange,Spring,4.9,False,Next Day Air,False,False,16,PayPal,Every 3 Months,90,4.055555555555555,340.67,16,False,1428,0,False,True,4.9,False,48.3,Silver,Entry-Point Category
2350,65,Male,Blouse,Clothing,34,New York,M,Orange,Fall,3.9,False,Standard,False,False,40,Credit Card,Every 3 Months,90,4.055555555555555,137.89,40,True,1394,0,False,False,3.9,False,45.1,Silver,Entry-Point Category
2351,57,Male,Shoes,Footwear,26,Hawaii,M,Turquoise,Winter,4.2,False,Free Shipping,False,False,21,Cash,Annually,365,1.0,26.0,21,False,572,0,False,False,4.2,False,26.7,Bronze,Entry-Point Category
2352,38,Male,Sweater,Clothing,50,New Hampshire,S,Cyan,Fall,4.9,False,Store Pickup,False,False,25,PayPal,Bi-Weekly,14,26.071428571428573,1303.57,25,False,1300,0,False,False,4.9,False,68.8,Gold,Entry-Point Category
2353,70,Male,Boots,Footwear,46,Nebraska,M,Yellow,Fall,2.8,False,Store Pickup,False,False,25,Bank Transfer,Quarterly,90,4.055555555555555,186.56,25,False,1196,0,False,False,2.8,False,29.5,Bronze,Entry-Point Category
2354,56,Male,Handbag,Accessories,71,Montana,M,White,Fall,4.1,False,Standard,False,False,25,Debit Card,Every 3 Months,90,4.055555555555555,287.94,25,False,1846,0,False,True,4.1,False,44.5,Silver,Retention Category
2355,56,Male,Blouse,Clothing,78,Wisconsin,M,Blue,Summer,4.8,False,Next Day Air,False,False,27,Venmo,Monthly,30,12.166666666666666,949.0,27,False,2184,0,False,True,4.8,False,64.9,Gold,Entry-Point Category
2356,22,Male,Skirt,Clothing,35,Tennessee,S,Purple,Winter,4.1,False,Next Day Air,False,False,12,Cash,Monthly,30,12.166666666666666,425.83,12,False,455,0,False,False,4.1,False,43.3,Silver,Entry-Point Category
2357,57,Male,Backpack,Accessories,58,Montana,M,Gray,Summer,3.0,False,Free Shipping,False,False,27,Debit Card,Quarterly,90,4.055555555555555,235.22,27,False,1624,0,False,False,3.0,False,34.1,Silver,Retention Category
2358,53,Male,Shirt,Clothing,67,Michigan,L,Cyan,Fall,4.2,False,2-Day Shipping,False,False,40,Credit Card,Bi-Weekly,14,26.071428571428573,1746.79,40,True,2747,0,False,True,4.2,False,76.0,Gold,Entry-Point Category
2359,53,Male,Sweater,Clothing,93,Texas,L,Pink,Spring,3.8,False,Standard,False,False,38,Credit Card,Quarterly,90,4.055555555555555,377.17,38,True,3627,0,False,True,3.8,False,54.4,Silver,Entry-Point Category
2360,19,Male,Scarf,Accessories,81,Pennsylvania,S,Gold,Spring,3.3,False,2-Day Shipping,False,False,44,Bank Transfer,Every 3 Months,90,4.055555555555555,328.5,44,True,3645,0,False,True,3.3,False,51.4,Silver,Retention Category
2361,49,Male,Handbag,Accessories,80,New York,L,Silver,Fall,4.7,False,2-Day Shipping,False,False,27,Venmo,Every 3 Months,90,4.055555555555555,324.44,27,False,2240,0,False,True,4.7,False,52.5,Silver,Retention Category
2362,44,Male,Scarf,Accessories,64,Alabama,M,Gray,Spring,4.3,False,2-Day Shipping,False,False,30,Credit Card,Every 3 Months,90,4.055555555555555,259.56,30,False,1984,0,False,True,4.3,False,47.8,Silver,Retention Category
2363,27,Male,Jeans,Clothing,41,Virginia,M,Brown,Fall,2.7,False,Standard,False,False,24,Credit Card,Monthly,30,12.166666666666666,498.83,24,False,1025,0,False,False,2.7,False,39.7,Silver,Entry-Point Category
2364,60,Male,Socks,Clothing,79,Pennsylvania,XL,Pink,Winter,4.2,False,Express,False,False,38,Cash,Bi-Weekly,14,26.071428571428573,2059.64,38,True,3081,0,False,True,4.2,False,77.4,Gold,Entry-Point Category
2365,62,Male,Sunglasses,Accessories,60,Mississippi,L,Maroon,Winter,4.2,False,Free Shipping,False,False,4,PayPal,Quarterly,90,4.055555555555555,243.33,4,False,300,0,False,True,4.2,False,30.6,Silver,Retention Category
2366,52,Male,Sneakers,Footwear,91,Wyoming,S,Peach,Winter,2.5,False,Next Day Air,False,False,32,Venmo,Monthly,30,12.166666666666666,1107.17,32,False,3003,0,False,True,2.5,True,51.9,Silver,Entry-Point Category
2367,30,Male,Shoes,Footwear,66,New Mexico,L,Brown,Winter,3.6,False,Express,False,False,32,Credit Card,Fortnightly,14,26.071428571428573,1720.71,32,False,2178,0,False,True,3.6,False,66.1,Gold,Entry-Point Category
2368,66,Male,Socks,Clothing,85,North Dakota,L,Green,Winter,3.4,False,Standard,False,False,28,Bank Transfer,Bi-Weekly,14,26.071428571428573,2216.07,28,False,2465,0,False,True,3.4,False,66.1,Gold,Entry-Point Category
2369,29,Male,Sunglasses,Accessories,38,New Jersey,M,Lavender,Summer,3.3,False,Standard,False,False,6,Debit Card,Every 3 Months,90,4.055555555555555,154.11,6,False,266,0,False,False,3.3,False,20.8,Bronze,Retention Category
2370,24,Male,Sweater,Clothing,23,Vermont,M,Cyan,Winter,4.6,False,Standard,False,False,24,PayPal,Monthly,30,12.166666666666666,279.83,24,False,575,0,False,False,4.6,False,47.5,Silver,Entry-Point Category
2371,51,Male,Shoes,Footwear,71,Alaska,M,Black,Spring,3.9,False,Store Pickup,False,False,38,Venmo,Weekly,7,52.142857142857146,3702.14,38,True,2769,0,False,True,3.9,False,81.4,Platinum,Entry-Point Category
2372,67,Male,Socks,Clothing,25,Indiana,M,Charcoal,Winter,3.7,False,Next Day Air,False,False,28,Debit Card,Annually,365,1.0,25.0,28,False,725,0,False,False,3.7,False,26.6,Bronze,Entry-Point Category
2373,50,Male,Boots,Footwear,39,Alabama,XL,Silver,Spring,3.1,False,Express,False,False,9,PayPal,Fortnightly,14,26.071428571428573,1016.79,9,False,390,0,False,False,3.1,False,41.3,Silver,Entry-Point Category
2374,37,Male,Hoodie,Clothing,20,Michigan,M,Gray,Spring,4.9,False,Express,False,False,21,Debit Card,Every 3 Months,90,4.055555555555555,81.11,21,False,440,0,False,False,4.9,False,37.2,Silver,Entry-Point Category
2375,69,Male,Gloves,Accessories,73,Washington,L,Peach,Winter,4.7,False,Standard,False,False,31,Debit Card,Monthly,30,12.166666666666666,888.17,31,False,2336,0,False,True,4.7,False,65.8,Gold,Retention Category
2376,60,Male,Backpack,Accessories,63,Virginia,L,Peach,Fall,2.9,False,Next Day Air,False,False,18,Credit Card,Quarterly,90,4.055555555555555,255.5,18,False,1197,0,False,True,2.9,False,28.7,Bronze,Retention Category
2377,21,Male,Gloves,Accessories,94,Tennessee,XL,Cyan,Spring,4.1,False,Express,False,False,5,Cash,Weekly,7,52.142857142857146,4901.43,5,False,564,0,False,True,4.1,False,65.3,Gold,Retention Category
2378,44,Male,Blouse,Clothing,94,South Dakota,L,Magenta,Fall,4.0,False,Next Day Air,False,False,22,Cash,Annually,365,1.0,94.0,22,False,2162,0,False,True,4.0,False,32.4,Silver,Entry-Point Category
2379,26,Male,Scarf,Accessories,71,New Hampshire,L,Teal,Summer,2.7,False,Store Pickup,False,False,37,PayPal,Bi-Weekly,14,26.071428571428573,1851.07,37,False,2698,0,False,True,2.7,False,63.1,Gold,Retention Category
2380,40,Male,Hat,Accessories,77,South Dakota,M,Peach,Spring,4.0,False,2-Day Shipping,False,False,22,Debit Card,Monthly,30,12.166666666666666,936.83,22,False,1771,0,False,True,4.0,False,55.2,Gold,Retention Category
2381,41,Male,Scarf,Accessories,66,Pennsylvania,M,Black,Fall,2.5,False,Next Day Air,False,False,36,PayPal,Fortnightly,14,26.071428571428573,1720.71,36,False,2442,0,False,True,2.5,True,59.8,Gold,Retention Category
2382,62,Male,Sandals,Footwear,23,Wisconsin,M,Teal,Summer,4.5,False,Free Shipping,False,False,23,PayPal,Annually,365,1.0,23.0,23,False,552,0,False,False,4.5,False,29.9,Bronze,Entry-Point Category
2383,39,Male,Sweater,Clothing,60,California,M,Turquoise,Spring,3.9,False,Express,False,False,44,Debit Card,Weekly,7,52.142857142857146,3128.57,44,True,2700,0,False,True,3.9,False,84.0,Platinum,Entry-Point Category
2384,53,Male,Backpack,Accessories,72,Rhode Island,L,Gold,Spring,4.9,False,2-Day Shipping,False,False,25,Bank Transfer,Annually,365,1.0,72.0,25,False,1872,0,False,True,4.9,False,38.8,Silver,Retention Category
2385,24,Male,Blouse,Clothing,35,Alabama,L,Green,Winter,3.3,False,2-Day Shipping,False,False,40,PayPal,Quarterly,90,4.055555555555555,141.94,40,True,1435,0,False,False,3.3,False,40.4,Silver,Entry-Point Category
2386,41,Male,Scarf,Accessories,31,Oklahoma,M,Brown,Fall,3.8,False,Express,False,False,12,PayPal,Weekly,7,52.142857142857146,1616.43,12,False,403,0,False,False,3.8,False,54.6,Silver,Retention Category
2387,19,Male,Socks,Clothing,33,Illinois,L,Blue,Summer,2.9,False,Standard,False,False,14,Venmo,Monthly,30,12.166666666666666,401.5,14,False,495,0,False,False,2.9,False,34.2,Silver,Entry-Point Category
2388,36,Male,Hat,Accessories,95,Tennessee,M,Gold,Summer,4.0,False,2-Day Shipping,False,False,14,Debit Card,Monthly,30,12.166666666666666,1155.83,14,False,1425,0,False,True,4.0,False,53.6,Silver,Retention Category
2389,21,Male,Dress,Clothing,68,Alabama,M,Peach,Fall,4.1,False,Store Pickup,False,False,10,Debit Card,Annually,365,1.0,68.0,10,False,748,0,False,True,4.1,False,23.1,Bronze,Entry-Point Category
2390,25,Male,Coat,Outerwear,87,Kansas,M,Violet,Spring,3.1,False,Store Pickup,False,False,17,Bank Transfer,Every 3 Months,90,4.055555555555555,352.83,17,False,1566,0,False,True,3.1,False,34.8,Silver,Entry-Point Category
2391,65,Male,Shirt,Clothing,64,Arizona,XL,Yellow,Winter,4.6,False,Express,False,False,24,Debit Card,Fortnightly,14,26.071428571428573,1668.57,24,False,1600,0,False,True,4.6,False,68.8,Gold,Entry-Point Category
2392,42,Male,Shirt,Clothing,74,Michigan,M,Black,Winter,4.6,False,Next Day Air,False,False,31,Bank Transfer,Quarterly,90,4.055555555555555,300.11,31,False,2368,0,False,True,4.6,False,52.9,Silver,Entry-Point Category
2393,40,Male,Jeans,Clothing,62,Missouri,L,Silver,Spring,2.6,False,2-Day Shipping,False,False,36,Cash,Annually,365,1.0,62.0,36,False,2294,0,False,True,2.6,False,26.1,Bronze,Entry-Point Category
2394,58,Male,Socks,Clothing,97,Louisiana,M,Brown,Winter,5.0,False,2-Day Shipping,False,False,38,PayPal,Every 3 Months,90,4.055555555555555,393.39,38,True,3783,0,False,True,5.0,False,64.8,Gold,Entry-Point Category
2395,40,Male,Sandals,Footwear,47,Connecticut,L,Peach,Fall,2.9,False,2-Day Shipping,False,False,23,Debit Card,Fortnightly,14,26.071428571428573,1225.36,23,False,1128,0,False,False,2.9,False,50.7,Silver,Entry-Point Category
2396,62,Male,Blouse,Clothing,83,Connecticut,M,Cyan,Winter,3.5,False,2-Day Shipping,False,False,47,PayPal,Bi-Weekly,14,26.071428571428573,2163.93,47,True,3984,0,False,True,3.5,False,77.8,Gold,Entry-Point Category
2397,38,Male,Shirt,Clothing,82,Oregon,M,Olive,Spring,3.7,False,2-Day Shipping,False,False,20,Venmo,Weekly,7,52.142857142857146,4275.71,20,False,1722,0,False,True,3.7,False,69.7,Gold,Entry-Point Category
2398,37,Male,Sunglasses,Accessories,26,West Virginia,L,Black,Fall,2.9,False,Store Pickup,False,False,41,Venmo,Monthly,30,12.166666666666666,316.33,41,True,1092,0,False,False,2.9,False,45.9,Silver,Retention Category
2399,65,Male,Jacket,Outerwear,81,Florida,M,Orange,Winter,4.3,False,Free Shipping,False,False,44,Bank Transfer,Fortnightly,14,26.071428571428573,2111.79,44,True,3645,0,False,True,4.3,False,82.1,Platinum,Entry-Point Category
2400,55,Male,Dress,Clothing,44,New Hampshire,L,Beige,Spring,3.2,False,Store Pickup,False,False,31,Cash,Monthly,30,12.166666666666666,535.33,31,False,1408,0,False,False,3.2,False,48.4,Silver,Entry-Point Category
2401,43,Male,Sunglasses,Accessories,88,Oregon,M,Peach,Winter,4.2,False,Next Day Air,False,False,11,Credit Card,Bi-Weekly,14,26.071428571428573,2294.29,11,False,1056,0,False,True,4.2,False,63.1,Gold,Retention Category
2402,43,Male,Boots,Footwear,76,Oregon,M,Pink,Winter,4.2,False,Standard,False,False,25,PayPal,Bi-Weekly,14,26.071428571428573,1981.43,25,False,1976,0,False,True,4.2,False,69.0,Gold,Entry-Point Category
2403,45,Male,Scarf,Accessories,89,Utah,M,Brown,Winter,3.8,False,Free Shipping,False,False,31,Cash,Weekly,7,52.142857142857146,4640.71,31,False,2848,0,False,True,3.8,False,77.9,Gold,Retention Category
2404,64,Male,Shorts,Clothing,22,Missouri,M,Magenta,Fall,4.4,False,Standard,False,False,40,Debit Card,Weekly,7,52.142857142857146,1147.14,40,True,902,0,False,False,4.4,False,72.3,Gold,Entry-Point Category
2405,28,Male,Shorts,Clothing,33,West Virginia,L,Cyan,Winter,3.1,False,2-Day Shipping,False,False,23,Credit Card,Bi-Weekly,14,26.071428571428573,860.36,23,False,792,0,False,False,3.1,False,47.4,Silver,Entry-Point Category
2406,69,Male,Jeans,Clothing,97,California,XL,Silver,Fall,5.0,False,Standard,False,False,5,Debit Card,Quarterly,90,4.055555555555555,393.39,5,False,582,0,False,True,5.0,False,45.2,Silver,Entry-Point Category
2407,54,Male,Scarf,Accessories,57,California,M,Indigo,Winter,4.7,False,Standard,False,False,26,PayPal,Weekly,7,52.142857142857146,2972.14,26,False,1539,0,False,False,4.7,False,79.6,Gold,Retention Category
2408,52,Male,Shorts,Clothing,38,Illinois,M,Beige,Summer,3.0,False,Express,False,False,11,Credit Card,Bi-Weekly,14,26.071428571428573,990.71,11,False,456,0,False,False,3.0,False,41.3,Silver,Entry-Point Category
2409,23,Male,Sneakers,Footwear,55,Hawaii,XL,Black,Fall,4.2,False,Next Day Air,False,False,44,Debit Card,Every 3 Months,90,4.055555555555555,223.06,44,True,2475,0,False,False,4.2,False,53.4,Silver,Entry-Point Category
2410,26,Male,Jewelry,Accessories,37,Washington,L,Yellow,Spring,3.0,False,Store Pickup,False,False,47,Cash,Every 3 Months,90,4.055555555555555,150.06,47,True,1776,0,False,False,3.0,False,42.6,Silver,Retention Category
2411,48,Male,Shoes,Footwear,43,Wisconsin,M,Maroon,Summer,3.7,False,Free Shipping,False,False,46,PayPal,Monthly,30,12.166666666666666,523.17,46,True,2021,0,False,False,3.7,False,61.1,Gold,Entry-Point Category
2412,49,Male,Hoodie,Clothing,96,Virginia,M,Cyan,Summer,2.7,False,Free Shipping,False,False,35,Cash,Every 3 Months,90,4.055555555555555,389.33,35,False,3456,0,False,True,2.7,False,44.6,Silver,Entry-Point Category
2413,53,Male,Jacket,Outerwear,51,Oregon,M,Pink,Winter,4.3,False,2-Day Shipping,False,False,8,Bank Transfer,Bi-Weekly,14,26.071428571428573,1329.64,8,False,459,0,False,False,4.3,False,54.3,Silver,Entry-Point Category
2414,69,Male,Shorts,Clothing,95,Pennsylvania,XL,Violet,Fall,2.7,False,2-Day Shipping,False,False,30,Bank Transfer,Weekly,7,52.142857142857146,4953.57,30,False,2945,0,False,True,2.7,False,68.9,Gold,Entry-Point Category
2415,26,Male,Socks,Clothing,26,Virginia,M,Lavender,Summer,3.7,False,Next Day Air,False,False,14,Credit Card,Bi-Weekly,14,26.071428571428573,677.86,14,False,390,0,False,False,3.7,False,44.3,Silver,Entry-Point Category
2416,21,Male,Coat,Outerwear,34,Hawaii,XL,Lavender,Fall,4.3,False,Standard,False,False,30,Bank Transfer,Weekly,7,52.142857142857146,1772.86,30,False,1054,0,False,False,4.3,False,71.1,Gold,Entry-Point Category
2417,59,Male,Sandals,Footwear,83,Nebraska,S,Black,Summer,4.0,False,Next Day Air,False,False,26,Credit Card,Every 3 Months,90,4.055555555555555,336.61,26,False,2241,0,False,True,4.0,False,47.0,Silver,Entry-Point Category
2418,21,Male,Backpack,Accessories,24,Alaska,M,Olive,Fall,3.3,False,Standard,False,False,32,Venmo,Fortnightly,14,26.071428571428573,625.71,32,False,792,0,False,False,3.3,False,51.3,Silver,Retention Category
2419,22,Male,Pants,Clothing,69,Michigan,S,Indigo,Fall,4.0,False,Next Day Air,False,False,47,Cash,Every 3 Months,90,4.055555555555555,279.83,47,True,3312,0,False,True,4.0,False,56.4,Gold,Entry-Point Category
2420,26,Male,Sweater,Clothing,40,North Carolina,M,Blue,Fall,2.7,False,Next Day Air,False,False,11,Credit Card,Every 3 Months,90,4.055555555555555,162.22,11,False,480,0,False,False,2.7,False,19.3,Bronze,Entry-Point Category
2421,41,Male,Jacket,Outerwear,87,North Carolina,S,Green,Winter,4.2,False,Free Shipping,False,False,28,PayPal,Annually,365,1.0,87.0,28,False,2523,0,False,True,4.2,False,36.7,Silver,Entry-Point Category
2422,37,Male,Sneakers,Footwear,46,Minnesota,L,Pink,Spring,4.6,False,Standard,False,False,2,Debit Card,Every 3 Months,90,4.055555555555555,186.56,2,False,138,0,False,False,4.6,False,30.2,Silver,Entry-Point Category
2423,30,Male,Jewelry,Accessories,82,Georgia,M,Peach,Winter,4.8,False,Store Pickup,False,False,45,Credit Card,Weekly,7,52.142857142857146,4275.71,45,True,3772,0,False,True,4.8,False,93.6,Platinum,Retention Category
2424,49,Male,Backpack,Accessories,81,West Virginia,M,Purple,Summer,2.8,False,Free Shipping,False,False,7,Credit Card,Every 3 Months,90,4.055555555555555,328.5,7,False,648,0,False,True,2.8,False,25.5,Bronze,Retention Category
2425,49,Male,Jewelry,Accessories,57,Delaware,M,Peach,Winter,4.5,False,Next Day Air,False,False,28,Bank Transfer,Bi-Weekly,14,26.071428571428573,1486.07,28,False,1653,0,False,False,4.5,False,69.0,Gold,Retention Category
2426,58,Male,Shoes,Footwear,49,North Dakota,S,Olive,Summer,3.0,False,2-Day Shipping,False,False,34,Bank Transfer,Quarterly,90,4.055555555555555,198.72,34,False,1715,0,False,False,3.0,False,37.1,Silver,Entry-Point Category
2427,70,Male,Jacket,Outerwear,42,Florida,M,Olive,Fall,4.6,False,Free Shipping,False,False,26,Debit Card,Every 3 Months,90,4.055555555555555,170.33,26,False,1134,0,False,False,4.6,False,44.1,Silver,Entry-Point Category
2428,27,Male,Jacket,Outerwear,26,Oregon,M,Purple,Spring,3.3,False,Standard,False,False,45,Cash,Quarterly,90,4.055555555555555,105.44,45,True,1196,0,False,False,3.3,False,41.6,Silver,Entry-Point Category
2429,65,Male,T-shirt,Clothing,38,Idaho,M,Violet,Spring,4.4,False,Next Day Air,False,False,34,Debit Card,Annually,365,1.0,38.0,34,False,1330,0,False,False,4.4,False,37.5,Silver,Entry-Point Category
2430,57,Male,Sneakers,Footwear,57,Virginia,XL,Maroon,Summer,4.4,False,Standard,False,False,47,Credit Card,Fortnightly,14,26.071428571428573,1486.07,47,True,2736,0,False,False,4.4,False,79.6,Gold,Entry-Point Category
2431,20,Male,Jacket,Outerwear,100,North Dakota,XL,White,Summer,4.3,False,Express,False,False,42,Cash,Quarterly,90,4.055555555555555,405.56,42,True,4300,0,False,True,4.3,False,62.7,Gold,Entry-Point Category
2432,34,Male,Hoodie,Clothing,73,Alabama,S,Olive,Fall,3.4,False,Express,False,False,27,Bank Transfer,Every 3 Months,90,4.055555555555555,296.06,27,False,2044,0,False,True,3.4,False,40.4,Silver,Entry-Point Category
2433,59,Male,Jacket,Outerwear,66,Hawaii,M,Peach,Winter,2.8,False,Store Pickup,False,False,43,Venmo,Monthly,30,12.166666666666666,803.0,43,True,2904,0,False,True,2.8,False,56.2,Gold,Entry-Point Category
2434,54,Male,T-shirt,Clothing,73,Oregon,M,Blue,Spring,3.4,False,Standard,False,False,16,Cash,Bi-Weekly,14,26.071428571428573,1903.21,16,False,1241,0,False,True,3.4,False,56.4,Gold,Entry-Point Category
2435,36,Male,Gloves,Accessories,45,Utah,M,Brown,Spring,5.0,False,Store Pickup,False,False,40,Credit Card,Monthly,30,12.166666666666666,547.5,40,True,1845,0,False,False,5.0,False,68.2,Gold,Retention Category
2436,21,Male,Sneakers,Footwear,27,Hawaii,S,Black,Fall,4.5,False,Free Shipping,False,False,29,Cash,Bi-Weekly,14,26.071428571428573,703.93,29,False,810,0,False,False,4.5,False,60.3,Gold,Entry-Point Category
2437,52,Male,T-shirt,Clothing,24,Connecticut,M,Yellow,Fall,2.7,False,Store Pickup,False,False,38,Credit Card,Quarterly,90,4.055555555555555,97.33,38,True,936,0,False,False,2.7,False,32.1,Silver,Entry-Point Category
2438,43,Male,Sneakers,Footwear,59,Wyoming,XL,Magenta,Winter,3.4,False,Store Pickup,False,False,34,Credit Card,Weekly,7,52.142857142857146,3076.43,34,False,2065,0,False,False,3.4,False,74.2,Gold,Entry-Point Category
2439,32,Male,Jeans,Clothing,20,Delaware,S,Cyan,Winter,3.4,False,Express,False,False,30,Venmo,Weekly,7,52.142857142857146,1042.86,30,False,620,0,False,False,3.4,False,56.6,Gold,Entry-Point Category
2440,55,Male,Handbag,Accessories,44,Arkansas,M,Maroon,Summer,2.8,False,Standard,False,False,45,Bank Transfer,Annually,365,1.0,44.0,45,True,2024,0,False,False,2.8,False,31.2,Silver,Retention Category
2441,31,Male,Socks,Clothing,90,Indiana,M,Red,Spring,4.7,False,Standard,False,False,47,Bank Transfer,Annually,365,1.0,90.0,47,True,4320,0,False,True,4.7,False,52.4,Silver,Entry-Point Category
2442,45,Male,Jewelry,Accessories,36,California,M,Black,Fall,4.7,False,Free Shipping,False,False,5,Credit Card,Monthly,30,12.166666666666666,438.0,5,False,216,0,False,False,4.7,False,44.2,Silver,Retention Category
2443,53,Male,Blouse,Clothing,95,Wyoming,L,Violet,Winter,4.7,False,Free Shipping,False,False,50,Debit Card,Bi-Weekly,14,26.071428571428573,2476.79,50,True,4845,0,False,True,4.7,False,92.2,Platinum,Entry-Point Category
2444,24,Male,Backpack,Accessories,30,South Dakota,M,Green,Spring,3.4,False,2-Day Shipping,False,False,24,Bank Transfer,Bi-Weekly,14,26.071428571428573,782.14,24,False,750,0,False,False,3.4,False,49.4,Silver,Retention Category
2445,47,Male,Scarf,Accessories,65,West Virginia,S,Gold,Fall,3.7,False,Express,False,False,15,Debit Card,Bi-Weekly,14,26.071428571428573,1694.64,15,False,1040,0,False,True,3.7,False,56.2,Gold,Retention Category
2446,63,Male,Scarf,Accessories,96,Tennessee,M,Brown,Summer,4.1,False,Store Pickup,False,False,50,Cash,Weekly,7,52.142857142857146,5005.71,50,True,4896,0,False,True,4.1,False,92.3,Platinum,Retention Category
2447,38,Male,Shirt,Clothing,65,Alaska,L,Peach,Spring,2.9,False,2-Day Shipping,False,False,7,Credit Card,Monthly,30,12.166666666666666,790.83,7,False,520,0,False,True,2.9,False,35.5,Silver,Entry-Point Category
2448,59,Male,Pants,Clothing,47,South Dakota,L,Peach,Fall,3.2,False,Store Pickup,False,False,10,Venmo,Fortnightly,14,26.071428571428573,1225.36,10,False,517,0,False,False,3.2,False,45.4,Silver,Entry-Point Category
2449,54,Male,Hat,Accessories,25,Tennessee,S,Violet,Fall,3.0,False,Free Shipping,False,False,38,PayPal,Bi-Weekly,14,26.071428571428573,651.79,38,True,975,0,False,False,3.0,False,52.8,Silver,Retention Category
2450,26,Male,Coat,Outerwear,56,Alabama,S,Violet,Fall,4.1,False,Express,False,False,31,Venmo,Fortnightly,14,26.071428571428573,1460.0,31,False,1792,0,False,False,4.1,False,67.5,Gold,Entry-Point Category
2451,68,Male,T-shirt,Clothing,76,North Carolina,M,Magenta,Fall,4.5,False,Standard,False,False,7,Venmo,Quarterly,90,4.055555555555555,308.22,7,False,608,0,False,True,4.5,False,38.3,Silver,Entry-Point Category
2452,41,Male,Socks,Clothing,60,Oklahoma,M,Purple,Fall,3.4,False,Store Pickup,False,False,27,Venmo,Monthly,30,12.166666666666666,730.0,27,False,1680,0,False,True,3.4,False,50.5,Silver,Entry-Point Category
2453,68,Male,Shirt,Clothing,67,New York,L,Purple,Winter,4.1,False,Express,False,False,45,Bank Transfer,Every 3 Months,90,4.055555555555555,271.72,45,True,3082,0,False,True,4.1,False,55.7,Gold,Entry-Point Category
2454,21,Male,Sweater,Clothing,95,Iowa,XL,Cyan,Spring,4.6,False,Store Pickup,False,False,13,Cash,Annually,365,1.0,95.0,13,False,1330,0,False,True,4.6,False,31.9,Silver,Entry-Point Category
2455,32,Male,Gloves,Accessories,72,Alaska,M,Magenta,Winter,4.6,False,Express,False,False,33,Venmo,Annually,365,1.0,72.0,33,False,2448,0,False,True,4.6,False,41.4,Silver,Retention Category
2456,20,Male,Belt,Accessories,98,Alaska,L,Lavender,Spring,3.4,False,Express,False,False,25,Cash,Every 3 Months,90,4.055555555555555,397.44,25,False,2548,0,False,True,3.4,False,44.6,Silver,Retention Category
2457,59,Male,Jeans,Clothing,83,Nebraska,M,Green,Winter,3.3,False,2-Day Shipping,False,False,5,PayPal,Monthly,30,12.166666666666666,1009.83,5,False,498,0,False,True,3.3,False,40.5,Silver,Entry-Point Category
2458,53,Male,Handbag,Accessories,37,Delaware,M,Maroon,Fall,3.6,False,2-Day Shipping,False,False,23,Cash,Quarterly,90,4.055555555555555,150.06,23,False,888,0,False,False,3.6,False,33.0,Silver,Retention Category
2459,66,Male,T-shirt,Clothing,85,Texas,L,Turquoise,Fall,4.6,False,Free Shipping,False,False,17,Bank Transfer,Weekly,7,52.142857142857146,4432.14,17,False,1530,0,False,True,4.6,False,75.5,Gold,Entry-Point Category
2460,47,Male,Socks,Clothing,36,Missouri,L,Violet,Fall,4.3,False,2-Day Shipping,False,False,14,Cash,Weekly,7,52.142857142857146,1877.14,14,False,540,0,False,False,4.3,False,62.5,Gold,Entry-Point Category
2461,58,Male,Jeans,Clothing,36,Maine,S,Lavender,Winter,4.0,False,Store Pickup,False,False,28,Credit Card,Annually,365,1.0,36.0,28,False,1044,0,False,False,4.0,False,30.2,Silver,Entry-Point Category
2462,28,Male,Scarf,Accessories,86,Pennsylvania,L,Red,Summer,4.8,False,Next Day Air,False,False,19,Credit Card,Weekly,7,52.142857142857146,4484.29,19,False,1720,0,False,True,4.8,False,78.3,Gold,Retention Category
2463,68,Male,Pants,Clothing,99,Missouri,XL,Orange,Spring,4.3,False,Standard,False,False,31,Bank Transfer,Bi-Weekly,14,26.071428571428573,2581.07,31,False,3168,0,False,True,4.3,False,78.6,Gold,Entry-Point Category
2464,60,Male,Blouse,Clothing,21,Mississippi,XL,Indigo,Summer,3.3,False,Standard,False,False,25,Cash,Bi-Weekly,14,26.071428571428573,547.5,25,False,546,0,False,False,3.3,False,45.7,Silver,Entry-Point Category
2465,47,Male,Jacket,Outerwear,84,Hawaii,L,Teal,Winter,2.8,False,Express,False,False,4,Cash,Bi-Weekly,14,26.071428571428573,2190.0,4,False,420,0,False,True,2.8,False,46.7,Silver,Entry-Point Category
2466,18,Male,Sandals,Footwear,63,Texas,M,Brown,Spring,4.4,False,Free Shipping,False,False,20,Bank Transfer,Weekly,7,52.142857142857146,3285.0,20,False,1323,0,False,True,4.4,False,74.1,Gold,Entry-Point Category
2467,32,Male,Shorts,Clothing,84,South Dakota,S,Pink,Summer,3.7,False,Express,False,False,37,Cash,Annually,365,1.0,84.0,37,False,3192,0,False,True,3.7,False,37.4,Silver,Entry-Point Category
2468,27,Male,Shorts,Clothing,72,New Jersey,M,Lavender,Spring,3.6,False,Express,False,False,28,Credit Card,Annually,365,1.0,72.0,28,False,2088,0,False,True,3.6,False,30.1,Silver,Entry-Point Category
2469,65,Male,Skirt,Clothing,21,Connecticut,L,Cyan,Winter,3.7,False,2-Day Shipping,False,False,6,Venmo,Weekly,7,52.142857142857146,1095.0,6,False,147,0,False,False,3.7,False,45.5,Silver,Entry-Point Category
2470,68,Male,Sandals,Footwear,92,Maryland,M,Yellow,Fall,5.0,False,Standard,False,False,27,PayPal,Annually,365,1.0,92.0,27,False,2576,0,False,True,5.0,False,42.7,Silver,Entry-Point Category
2471,55,Male,Blouse,Clothing,72,Arizona,XL,Pink,Fall,2.7,False,Next Day Air,False,False,29,Credit Card,Fortnightly,14,26.071428571428573,1877.14,29,False,2160,0,False,True,2.7,False,58.5,Gold,Entry-Point Category
2472,30,Male,Sandals,Footwear,83,Oklahoma,M,Gray,Spring,4.3,False,Store Pickup,False,False,1,Cash,Annually,365,1.0,83.0,1,False,166,0,False,True,4.3,False,20.7,Bronze,Entry-Point Category
2473,24,Male,Shirt,Clothing,73,Utah,M,Peach,Summer,4.1,False,Standard,False,False,31,Credit Card,Annually,365,1.0,73.0,31,False,2336,0,False,True,4.1,False,36.2,Silver,Entry-Point Category
2474,57,Male,Socks,Clothing,98,Arkansas,M,Red,Winter,2.6,False,Next Day Air,False,False,28,Cash,Quarterly,90,4.055555555555555,397.44,28,False,2842,0,False,True,2.6,False,40.0,Silver,Entry-Point Category
2475,23,Male,T-shirt,Clothing,76,North Carolina,M,Olive,Fall,3.2,False,Store Pickup,False,False,19,Bank Transfer,Quarterly,90,4.055555555555555,308.22,19,False,1520,0,False,True,3.2,False,34.6,Silver,Entry-Point Category
2476,69,Male,Dress,Clothing,43,California,S,Lavender,Summer,3.5,False,Next Day Air,False,False,36,Venmo,Monthly,30,12.166666666666666,523.17,36,False,1591,0,False,False,3.5,False,53.7,Silver,Entry-Point Category
2477,60,Male,Hat,Accessories,60,Colorado,M,Turquoise,Summer,3.7,False,Next Day Air,False,False,28,Cash,Monthly,30,12.166666666666666,730.0,28,False,1740,0,False,True,3.7,False,53.5,Silver,Retention Category
2478,25,Male,Gloves,Accessories,40,California,L,Turquoise,Spring,3.8,False,2-Day Shipping,False,False,29,PayPal,Weekly,7,52.142857142857146,2085.71,29,False,1200,0,False,False,3.8,False,68.8,Gold,Retention Category
2479,18,Male,Socks,Clothing,93,Vermont,S,Maroon,Winter,4.8,False,2-Day Shipping,False,False,9,Bank Transfer,Every 3 Months,90,4.055555555555555,377.17,9,False,930,0,False,True,4.8,False,45.1,Silver,Entry-Point Category
2480,37,Male,Dress,Clothing,98,Kansas,S,Olive,Fall,4.2,False,Standard,False,False,26,Credit Card,Every 3 Months,90,4.055555555555555,397.44,26,False,2646,0,False,True,4.2,False,51.8,Silver,Entry-Point Category
2481,61,Male,Socks,Clothing,91,Ohio,XL,Maroon,Summer,2.9,False,Next Day Air,False,False,7,Credit Card,Fortnightly,14,26.071428571428573,2372.5,7,False,728,0,False,True,2.9,False,51.1,Silver,Entry-Point Category
2482,41,Male,Belt,Accessories,92,New Jersey,XL,Cyan,Fall,2.9,False,Free Shipping,False,False,35,Debit Card,Weekly,7,52.142857142857146,4797.14,35,False,3312,0,False,True,2.9,False,73.3,Gold,Retention Category
2483,69,Male,Handbag,Accessories,87,Arizona,S,Peach,Winter,4.8,False,Next Day Air,False,False,46,Credit Card,Every 3 Months,90,4.055555555555555,352.83,46,True,4089,0,False,True,4.8,False,65.9,Gold,Retention Category
2484,32,Male,Skirt,Clothing,96,Arizona,S,Teal,Fall,2.9,False,Standard,False,False,8,Debit Card,Monthly,30,12.166666666666666,1168.0,8,False,864,0,False,True,2.9,False,41.2,Silver,Entry-Point Category
2485,60,Male,Hoodie,Clothing,97,New Hampshire,M,Green,Summer,4.8,False,2-Day Shipping,False,False,50,Cash,Every 3 Months,90,4.055555555555555,393.39,50,True,4947,0,False,True,4.8,False,70.6,Gold,Entry-Point Category
2486,43,Male,Blouse,Clothing,55,Louisiana,M,Beige,Spring,4.6,False,2-Day Shipping,False,False,37,Bank Transfer,Annually,365,1.0,55.0,37,False,2090,0,False,False,4.6,False,42.2,Silver,Entry-Point Category
2487,61,Male,Jeans,Clothing,58,Texas,L,Magenta,Spring,4.4,False,Store Pickup,False,False,6,Credit Card,Fortnightly,14,26.071428571428573,1512.14,6,False,406,0,False,False,4.4,False,55.5,Gold,Entry-Point Category
2488,57,Male,Boots,Footwear,21,Montana,L,Violet,Spring,3.0,False,Next Day Air,False,False,16,PayPal,Bi-Weekly,14,26.071428571428573,547.5,16,False,357,0,False,False,3.0,False,37.8,Silver,Entry-Point Category
2489,56,Male,Handbag,Accessories,82,New Hampshire,XL,Charcoal,Summer,4.4,False,Express,False,False,30,PayPal,Monthly,30,12.166666666666666,997.67,30,False,2542,0,False,True,4.4,False,64.3,Gold,Retention Category
2490,66,Male,Coat,Outerwear,34,South Dakota,M,Green,Winter,3.9,False,Express,False,False,50,Venmo,Quarterly,90,4.055555555555555,137.89,50,True,1734,0,False,False,3.9,False,51.0,Silver,Entry-Point Category
2491,52,Male,Blouse,Clothing,78,Montana,M,Gray,Spring,4.0,False,Free Shipping,False,False,5,Cash,Every 3 Months,90,4.055555555555555,316.33,5,False,468,0,False,True,4.0,False,33.5,Silver,Entry-Point Category
2492,63,Male,Handbag,Accessories,47,North Carolina,M,Magenta,Spring,2.5,False,Express,False,False,15,Bank Transfer,Monthly,30,12.166666666666666,571.83,15,False,752,0,False,False,2.5,True,33.9,Silver,Retention Category
2493,50,Male,Sunglasses,Accessories,96,South Dakota,S,Silver,Summer,4.1,False,Next Day Air,False,False,34,Bank Transfer,Bi-Weekly,14,26.071428571428573,2502.86,34,False,3360,0,False,True,4.1,False,78.3,Gold,Retention Category
2494,21,Male,Socks,Clothing,23,Maine,S,Beige,Fall,4.8,False,2-Day Shipping,False,False,6,Venmo,Every 3 Months,90,4.055555555555555,93.28,6,False,161,0,False,False,4.8,False,29.2,Bronze,Entry-Point Category
2495,42,Male,Shoes,Footwear,27,Oklahoma,S,Peach,Winter,2.6,False,Store Pickup,False,False,26,Debit Card,Annually,365,1.0,27.0,26,False,729,0,False,False,2.6,False,16.8,Bronze,Entry-Point Category
2496,40,Male,Backpack,Accessories,37,Nebraska,XL,Orange,Spring,3.1,False,Free Shipping,False,False,34,Credit Card,Every 3 Months,90,4.055555555555555,150.06,34,False,1295,0,False,False,3.1,False,35.8,Silver,Retention Category
2497,67,Male,Scarf,Accessories,79,Illinois,S,Yellow,Summer,3.2,False,Store Pickup,False,False,37,Credit Card,Weekly,7,52.142857142857146,4119.29,37,False,3002,0,False,True,3.2,False,75.7,Gold,Retention Category
2498,35,Male,Backpack,Accessories,40,Colorado,M,Violet,Summer,4.2,False,Standard,False,False,28,Bank Transfer,Annually,365,1.0,40.0,28,False,1160,0,False,False,4.2,False,32.3,Silver,Retention Category
2499,18,Male,Coat,Outerwear,39,Massachusetts,S,Green,Fall,2.6,False,Next Day Air,False,False,38,Cash,Fortnightly,14,26.071428571428573,1016.79,38,True,1521,0,False,False,2.6,False,54.7,Silver,Entry-Point Category
2500,52,Male,Hoodie,Clothing,73,Louisiana,L,Pink,Summer,3.1,False,Next Day Air,False,False,2,Cash,Quarterly,90,4.055555555555555,296.06,2,False,219,0,False,True,3.1,False,22.9,Bronze,Entry-Point Category
2501,59,Male,Gloves,Accessories,84,Massachusetts,M,Violet,Fall,2.9,False,Store Pickup,False,False,32,Cash,Bi-Weekly,14,26.071428571428573,2190.0,32,False,2772,0,False,True,2.9,False,64.3,Gold,Retention Category
2502,49,Male,Shorts,Clothing,94,West Virginia,M,Violet,Fall,4.6,False,Free Shipping,False,False,30,Venmo,Bi-Weekly,14,26.071428571428573,2450.71,30,False,2914,0,False,True,4.6,False,79.2,Gold,Entry-Point Category
2503,46,Male,Skirt,Clothing,47,Idaho,L,Pink,Spring,4.1,False,Standard,False,False,17,PayPal,Every 3 Months,90,4.055555555555555,190.61,17,False,846,0,False,False,4.1,False,35.3,Silver,Entry-Point Category
2504,69,Male,Boots,Footwear,77,Ohio,M,Violet,Summer,2.5,False,Store Pickup,False,False,5,Debit Card,Bi-Weekly,14,26.071428571428573,2007.5,5,False,462,0,False,True,2.5,True,43.8,Silver,Entry-Point Category
2505,56,Male,Shorts,Clothing,94,Rhode Island,M,Turquoise,Winter,4.0,False,Store Pickup,False,False,31,Cash,Bi-Weekly,14,26.071428571428573,2450.71,31,False,3008,0,False,True,4.0,False,75.1,Gold,Entry-Point Category
2506,27,Male,Handbag,Accessories,75,Illinois,M,Cyan,Summer,3.5,False,Express,False,False,43,PayPal,Quarterly,90,4.055555555555555,304.17,43,True,3300,0,False,True,3.5,False,51.3,Silver,Retention Category
2507,57,Male,Dress,Clothing,82,New York,XL,Orange,Spring,4.4,False,Free Shipping,False,False,19,Venmo,Annually,365,1.0,82.0,19,False,1640,0,False,True,4.4,False,32.1,Silver,Entry-Point Category
2508,58,Male,Shoes,Footwear,36,Louisiana,M,Cyan,Fall,2.9,False,Store Pickup,False,False,32,Credit Card,Every 3 Months,90,4.055555555555555,146.0,32,False,1188,0,False,False,2.9,False,32.7,Silver,Entry-Point Category
2509,23,Male,Sneakers,Footwear,90,California,XL,Indigo,Spring,3.1,False,2-Day Shipping,False,False,5,Debit Card,Bi-Weekly,14,26.071428571428573,2346.43,5,False,540,0,False,True,3.1,False,51.2,Silver,Entry-Point Category
2510,19,Male,Socks,Clothing,48,Washington,M,Black,Spring,4.4,False,Free Shipping,False,False,9,Bank Transfer,Quarterly,90,4.055555555555555,194.67,9,False,480,0,False,False,4.4,False,33.2,Silver,Entry-Point Category
2511,40,Male,Jacket,Outerwear,42,South Dakota,L,Purple,Winter,4.4,False,Standard,False,False,48,Credit Card,Weekly,7,52.142857142857146,2190.0,48,True,2058,0,False,False,4.4,False,86.1,Platinum,Entry-Point Category
2512,54,Male,Backpack,Accessories,33,Idaho,M,Cyan,Summer,2.7,False,Store Pickup,False,False,1,PayPal,Quarterly,90,4.055555555555555,133.83,1,False,66,0,False,False,2.7,False,11.8,Bronze,Retention Category
2513,50,Male,Socks,Clothing,63,North Dakota,M,Green,Summer,4.9,False,Free Shipping,False,False,20,Credit Card,Monthly,30,12.166666666666666,766.5,20,False,1323,0,False,True,4.9,False,58.8,Gold,Entry-Point Category
2514,69,Male,Handbag,Accessories,53,Washington,L,Teal,Winter,3.5,False,2-Day Shipping,False,False,42,Cash,Annually,365,1.0,53.0,42,True,2279,0,False,False,3.5,False,36.1,Silver,Retention Category
2515,42,Male,Hat,Accessories,37,Alaska,L,Teal,Spring,4.8,False,Free Shipping,False,False,45,PayPal,Bi-Weekly,14,26.071428571428573,964.64,45,True,1702,0,False,False,4.8,False,75.8,Gold,Retention Category
2516,37,Male,Blouse,Clothing,92,Kansas,M,Magenta,Summer,4.2,False,2-Day Shipping,False,False,41,Cash,Monthly,30,12.166666666666666,1119.33,41,True,3864,0,False,True,4.2,False,70.8,Gold,Entry-Point Category
2517,46,Male,Shorts,Clothing,73,Utah,XL,Brown,Spring,4.6,False,Standard,False,False,36,Debit Card,Quarterly,90,4.055555555555555,296.06,36,False,2701,0,False,True,4.6,False,55.6,Gold,Entry-Point Category
2518,64,Male,Shirt,Clothing,38,Wyoming,L,Orange,Spring,2.9,False,Standard,False,False,10,Venmo,Annually,365,1.0,38.0,10,False,418,0,False,False,2.9,False,10.6,Bronze,Entry-Point Category
2519,20,Male,Boots,Footwear,51,Maine,XL,Blue,Fall,4.0,False,Store Pickup,False,False,31,Venmo,Annually,365,1.0,51.0,31,False,1632,0,False,False,4.0,False,33.5,Silver,Entry-Point Category
2520,40,Male,Jacket,Outerwear,90,Michigan,L,Magenta,Spring,4.9,False,Standard,False,False,21,Credit Card,Quarterly,90,4.055555555555555,365.0,21,False,1980,0,False,True,4.9,False,52.4,Silver,Entry-Point Category
2521,64,Male,Jacket,Outerwear,56,Illinois,L,Magenta,Summer,3.1,False,Next Day Air,False,False,16,Cash,Every 3 Months,90,4.055555555555555,227.11,16,False,952,0,False,False,3.1,False,27.8,Bronze,Entry-Point Category
2522,29,Male,Handbag,Accessories,33,Minnesota,M,Magenta,Fall,4.4,False,Standard,False,False,18,PayPal,Every 3 Months,90,4.055555555555555,133.83,18,False,627,0,False,False,4.4,False,35.7,Silver,Retention Category
2523,20,Male,Belt,Accessories,53,Massachusetts,S,Olive,Winter,2.5,False,2-Day Shipping,False,False,20,Debit Card,Weekly,7,52.142857142857146,2763.57,20,False,1113,0,False,False,2.5,True,58.0,Gold,Retention Category
2524,43,Male,Handbag,Accessories,24,New Jersey,S,Cyan,Spring,3.4,False,Express,False,False,21,Bank Transfer,Annually,365,1.0,24.0,21,False,528,0,False,False,3.4,False,19.9,Bronze,Retention Category
2525,60,Male,Coat,Outerwear,59,Kansas,M,Purple,Spring,3.7,False,Express,False,False,23,Credit Card,Quarterly,90,4.055555555555555,239.28,23,False,1416,0,False,False,3.7,False,37.4,Silver,Entry-Point Category
2526,39,Male,Sweater,Clothing,72,Kentucky,M,Purple,Winter,4.2,False,Standard,False,False,20,PayPal,Weekly,7,52.142857142857146,3754.29,20,False,1512,0,False,True,4.2,False,73.1,Gold,Entry-Point Category
2527,47,Male,Shorts,Clothing,28,Rhode Island,S,Peach,Spring,3.4,False,Express,False,False,30,PayPal,Bi-Weekly,14,26.071428571428573,730.0,30,False,868,0,False,False,3.4,False,52.2,Silver,Entry-Point Category
2528,19,Male,Pants,Clothing,36,Illinois,M,Gold,Fall,3.6,False,Express,False,False,33,Bank Transfer,Every 3 Months,90,4.055555555555555,146.0,33,False,1224,0,False,False,3.6,False,39.0,Silver,Entry-Point Category
2529,52,Male,Jewelry,Accessories,47,Alabama,S,Peach,Fall,4.7,False,2-Day Shipping,False,False,31,Debit Card,Monthly,30,12.166666666666666,571.83,31,False,1504,0,False,False,4.7,False,61.1,Gold,Retention Category
2530,34,Male,Gloves,Accessories,62,Tennessee,M,Magenta,Spring,4.7,False,Next Day Air,False,False,48,Bank Transfer,Monthly,30,12.166666666666666,754.33,48,True,3038,0,False,True,4.7,False,73.9,Gold,Retention Category
2531,25,Male,Skirt,Clothing,98,Massachusetts,S,Cyan,Spring,3.6,False,Free Shipping,False,False,28,Debit Card,Weekly,7,52.142857142857146,5110.0,28,False,2842,0,False,True,3.6,False,75.2,Gold,Entry-Point Category
2532,43,Male,Sandals,Footwear,28,Texas,M,Violet,Summer,4.6,False,Free Shipping,False,False,7,Cash,Every 3 Months,90,4.055555555555555,113.56,7,False,224,0,False,False,4.6,False,30.1,Silver,Entry-Point Category
2533,55,Male,Socks,Clothing,86,Nebraska,S,Charcoal,Summer,2.6,False,Next Day Air,False,False,4,Debit Card,Weekly,7,52.142857142857146,4484.29,4,False,430,0,False,True,2.6,False,51.8,Silver,Entry-Point Category
2534,66,Male,Jewelry,Accessories,46,Pennsylvania,S,Blue,Summer,3.1,False,Standard,False,False,49,Cash,Bi-Weekly,14,26.071428571428573,1199.29,49,True,2300,0,False,False,3.1,False,67.8,Gold,Retention Category
2535,41,Male,Sunglasses,Accessories,42,Virginia,XL,Red,Fall,3.2,False,Free Shipping,False,False,22,Cash,Weekly,7,52.142857142857146,2190.0,22,False,966,0,False,False,3.2,False,60.6,Gold,Retention Category
2536,47,Male,Coat,Outerwear,80,Vermont,S,Purple,Winter,3.9,False,Express,False,False,39,Bank Transfer,Fortnightly,14,26.071428571428573,2085.71,39,True,3200,0,False,True,3.9,False,75.6,Gold,Entry-Point Category
2537,51,Male,Belt,Accessories,39,Oklahoma,L,Gray,Spring,4.9,False,Express,False,False,45,PayPal,Every 3 Months,90,4.055555555555555,158.17,45,True,1794,0,False,False,4.9,False,57.1,Gold,Retention Category
2538,44,Male,Coat,Outerwear,49,Maine,M,Purple,Summer,4.1,False,2-Day Shipping,False,False,30,PayPal,Fortnightly,14,26.071428571428573,1277.5,30,False,1519,0,False,False,4.1,False,65.3,Gold,Entry-Point Category
2539,18,Male,Scarf,Accessories,32,New Jersey,M,Silver,Summer,4.2,False,Next Day Air,False,False,33,Credit Card,Bi-Weekly,14,26.071428571428573,834.29,33,False,1088,0,False,False,4.2,False,62.4,Gold,Retention Category
2540,33,Male,Sandals,Footwear,73,Massachusetts,M,Purple,Fall,4.1,False,Next Day Air,False,False,24,Cash,Bi-Weekly,14,26.071428571428573,1903.21,24,False,1825,0,False,True,4.1,False,67.0,Gold,Entry-Point Category
2541,24,Male,Belt,Accessories,42,New Jersey,M,Charcoal,Summer,3.9,False,Free Shipping,False,False,11,Debit Card,Quarterly,90,4.055555555555555,170.33,11,False,504,0,False,False,3.9,False,29.3,Bronze,Retention Category
2542,33,Male,Scarf,Accessories,58,Washington,M,Silver,Spring,2.7,False,Next Day Air,False,False,13,Venmo,Every 3 Months,90,4.055555555555555,235.22,13,False,812,0,False,False,2.7,False,23.3,Bronze,Retention Category
2543,61,Male,Jewelry,Accessories,22,Arkansas,M,White,Winter,3.7,False,Express,False,False,27,PayPal,Annually,365,1.0,22.0,27,False,616,0,False,False,3.7,False,25.7,Bronze,Retention Category
2544,27,Male,Scarf,Accessories,56,West Virginia,L,Peach,Spring,2.7,False,Next Day Air,False,False,30,PayPal,Bi-Weekly,14,26.071428571428573,1460.0,30,False,1736,0,False,False,2.7,False,55.4,Gold,Retention Category
2545,46,Male,Pants,Clothing,70,Delaware,M,Red,Spring,2.5,False,Next Day Air,False,False,39,Venmo,Quarterly,90,4.055555555555555,283.89,39,True,2800,0,False,True,2.5,True,39.9,Silver,Entry-Point Category
2546,38,Male,Shoes,Footwear,50,Texas,L,Olive,Spring,3.9,False,Free Shipping,False,False,10,Debit Card,Annually,365,1.0,50.0,10,False,550,0,False,False,3.9,False,19.8,Bronze,Entry-Point Category
2547,63,Male,Boots,Footwear,21,Texas,L,Gray,Summer,3.0,False,Express,False,False,4,Credit Card,Quarterly,90,4.055555555555555,85.17,4,False,105,0,False,False,3.0,False,12.3,Bronze,Entry-Point Category
2548,47,Male,Jacket,Outerwear,97,Mississippi,M,Beige,Summer,3.2,False,2-Day Shipping,False,False,16,Cash,Weekly,7,52.142857142857146,5057.86,16,False,1649,0,False,True,3.2,False,64.6,Gold,Entry-Point Category
2549,42,Male,Backpack,Accessories,63,Texas,L,Pink,Winter,3.8,False,Standard,False,False,34,Credit Card,Monthly,30,12.166666666666666,766.5,34,False,2205,0,False,True,3.8,False,58.6,Gold,Retention Category
2550,41,Male,Jacket,Outerwear,60,Virginia,M,Red,Fall,2.7,False,Standard,False,False,11,Debit Card,Every 3 Months,90,4.055555555555555,243.33,11,False,720,0,False,True,2.7,False,22.5,Bronze,Entry-Point Category
2551,53,Male,Boots,Footwear,52,New Hampshire,XL,Peach,Fall,3.0,False,Store Pickup,False,False,30,Debit Card,Fortnightly,14,26.071428571428573,1355.71,30,False,1612,0,False,False,3.0,False,57.0,Gold,Entry-Point Category
2552,29,Male,Shoes,Footwear,32,Minnesota,M,Maroon,Winter,4.1,False,Next Day Air,False,False,40,Debit Card,Annually,365,1.0,32.0,40,True,1312,0,False,False,4.1,False,37.9,Silver,Entry-Point Category
2553,61,Male,Belt,Accessories,48,Maryland,XL,Purple,Spring,3.2,False,2-Day Shipping,False,False,13,Credit Card,Annually,365,1.0,48.0,13,False,672,0,False,False,3.2,False,15.7,Bronze,Retention Category
2554,69,Male,Jewelry,Accessories,25,Vermont,M,Maroon,Summer,4.5,False,Store Pickup,False,False,28,Venmo,Every 3 Months,90,4.055555555555555,101.39,28,False,725,0,False,False,4.5,False,41.1,Silver,Retention Category
2555,51,Male,Jewelry,Accessories,68,Kansas,M,Gray,Summer,4.3,False,Store Pickup,False,False,49,Debit Card,Bi-Weekly,14,26.071428571428573,1772.86,49,True,3400,0,False,True,4.3,False,82.5,Platinum,Retention Category
2556,24,Male,Pants,Clothing,74,Idaho,M,Gray,Fall,3.5,False,Standard,False,False,23,Credit Card,Weekly,7,52.142857142857146,3858.57,23,False,1776,0,False,True,3.5,False,69.4,Gold,Entry-Point Category
2557,24,Male,T-shirt,Clothing,88,Montana,XL,Magenta,Fall,3.1,False,Standard,False,False,4,Bank Transfer,Quarterly,90,4.055555555555555,356.89,4,False,440,0,False,True,3.1,False,27.4,Bronze,Entry-Point Category
2558,70,Male,Shorts,Clothing,23,Oklahoma,L,Cyan,Spring,3.9,False,Standard,False,False,17,PayPal,Fortnightly,14,26.071428571428573,599.64,17,False,414,0,False,False,3.9,False,46.5,Silver,Entry-Point Category
2559,49,Male,Hoodie,Clothing,32,California,M,Silver,Fall,2.7,False,Express,False,False,24,PayPal,Fortnightly,14,26.071428571428573,834.29,24,False,800,0,False,False,2.7,False,44.6,Silver,Entry-Point Category
2560,48,Male,Belt,Accessories,71,Mississippi,S,Green,Winter,4.0,False,Free Shipping,False,False,21,Debit Card,Every 3 Months,90,4.055555555555555,287.94,21,False,1562,0,False,True,4.0,False,41.3,Silver,Retention Category
2561,58,Male,Boots,Footwear,62,California,M,Violet,Spring,2.7,False,Next Day Air,False,False,17,Debit Card,Bi-Weekly,14,26.071428571428573,1616.43,17,False,1116,0,False,True,2.7,False,48.7,Silver,Entry-Point Category
2562,32,Male,Hoodie,Clothing,20,New York,L,Magenta,Spring,2.7,False,Free Shipping,False,False,22,Debit Card,Quarterly,90,4.055555555555555,81.11,22,False,460,0,False,False,2.7,False,20.1,Bronze,Entry-Point Category
2563,57,Male,Shorts,Clothing,62,Arizona,XL,Yellow,Spring,4.7,False,Standard,False,False,27,Cash,Fortnightly,14,26.071428571428573,1616.43,27,False,1736,0,False,True,4.7,False,71.0,Gold,Entry-Point Category
2564,69,Male,Backpack,Accessories,81,Massachusetts,XL,Gray,Winter,4.5,False,Standard,False,False,1,Venmo,Every 3 Months,90,4.055555555555555,328.5,1,False,162,0,False,True,4.5,False,35.4,Silver,Retention Category
2565,42,Male,Scarf,Accessories,90,Kentucky,L,Indigo,Winter,3.0,False,2-Day Shipping,False,False,27,Bank Transfer,Weekly,7,52.142857142857146,4692.86,27,False,2520,0,False,True,3.0,False,69.1,Gold,Retention Category
2566,30,Male,Socks,Clothing,43,Vermont,S,Indigo,Fall,3.6,False,Store Pickup,False,False,8,Venmo,Quarterly,90,4.055555555555555,174.39,8,False,387,0,False,False,3.6,False,25.4,Bronze,Entry-Point Category
2567,35,Male,Handbag,Accessories,38,Missouri,S,Yellow,Fall,3.3,False,Standard,False,False,43,PayPal,Quarterly,90,4.055555555555555,154.11,43,True,1672,0,False,False,3.3,False,42.8,Silver,Retention Category
2568,19,Male,Sunglasses,Accessories,25,Michigan,XL,Gold,Spring,4.3,False,Store Pickup,False,False,24,Cash,Fortnightly,14,26.071428571428573,651.79,24,False,625,0,False,False,4.3,False,55.0,Gold,Retention Category
2569,52,Male,T-shirt,Clothing,98,Texas,XL,Green,Winter,4.3,False,Express,False,False,29,PayPal,Fortnightly,14,26.071428571428573,2555.0,29,False,2940,0,False,True,4.3,False,77.1,Gold,Entry-Point Category
2570,42,Male,Dress,Clothing,75,New York,M,Charcoal,Spring,4.8,False,Free Shipping,False,False,10,Bank Transfer,Bi-Weekly,14,26.071428571428573,1955.36,10,False,825,0,False,True,4.8,False,64.4,Gold,Entry-Point Category
2571,36,Male,Sneakers,Footwear,27,New Mexico,XL,Olive,Spring,4.0,False,Store Pickup,False,False,12,PayPal,Fortnightly,14,26.071428571428573,703.93,12,False,351,0,False,False,4.0,False,46.1,Silver,Entry-Point Category
2572,45,Male,Sunglasses,Accessories,27,Mississippi,L,Black,Winter,3.5,False,Standard,False,False,48,Cash,Fortnightly,14,26.071428571428573,703.93,48,True,1323,0,False,False,3.5,False,63.6,Gold,Retention Category
2573,54,Male,Blouse,Clothing,42,Washington,M,Silver,Fall,3.9,False,Next Day Air,False,False,40,Bank Transfer,Quarterly,90,4.055555555555555,170.33,40,True,1722,0,False,False,3.9,False,46.8,Silver,Entry-Point Category
2574,54,Male,T-shirt,Clothing,90,New Mexico,M,Red,Summer,4.4,False,Store Pickup,False,False,1,Bank Transfer,Annually,365,1.0,90.0,1,False,180,0,False,True,4.4,False,22.4,Bronze,Entry-Point Category
2575,27,Male,Hat,Accessories,63,Florida,M,Brown,Summer,4.6,False,2-Day Shipping,False,False,26,Credit Card,Fortnightly,14,26.071428571428573,1642.5,26,False,1701,0,False,True,4.6,False,69.8,Gold,Retention Category
2576,53,Male,Shorts,Clothing,96,Minnesota,M,Silver,Fall,4.0,False,Express,False,False,9,PayPal,Annually,365,1.0,96.0,9,False,960,0,False,True,4.0,False,24.9,Bronze,Entry-Point Category
2577,20,Male,Hoodie,Clothing,40,New Hampshire,M,Silver,Winter,4.2,False,Free Shipping,False,False,19,Debit Card,Quarterly,90,4.055555555555555,162.22,19,False,800,0,False,False,4.2,False,36.2,Silver,Entry-Point Category
2578,52,Male,Socks,Clothing,39,Minnesota,L,Black,Fall,4.5,False,Next Day Air,False,False,37,Bank Transfer,Monthly,30,12.166666666666666,474.5,37,False,1482,0,False,False,4.5,False,61.9,Gold,Entry-Point Category
2579,54,Male,Sunglasses,Accessories,48,Vermont,M,Purple,Fall,3.9,False,Free Shipping,False,False,3,Cash,Quarterly,90,4.055555555555555,194.67,3,False,192,0,False,False,3.9,False,25.4,Bronze,Retention Category
2580,65,Male,Blouse,Clothing,20,Minnesota,M,Purple,Summer,3.7,False,Express,False,False,40,Venmo,Weekly,7,52.142857142857146,1042.86,40,True,820,0,False,False,3.7,False,65.0,Gold,Entry-Point Category
2581,43,Male,Jeans,Clothing,29,Massachusetts,S,Turquoise,Summer,3.6,False,Store Pickup,False,False,13,Bank Transfer,Quarterly,90,4.055555555555555,117.61,13,False,406,0,False,False,3.6,False,25.5,Bronze,Entry-Point Category
2582,57,Male,Dress,Clothing,81,Wyoming,M,Gold,Winter,4.7,False,Express,False,False,48,Credit Card,Monthly,30,12.166666666666666,985.5,48,True,3969,0,False,True,4.7,False,77.3,Gold,Entry-Point Category
2583,19,Male,Dress,Clothing,98,South Dakota,S,Indigo,Fall,3.6,False,2-Day Shipping,False,False,4,Venmo,Every 3 Months,90,4.055555555555555,397.44,4,False,490,0,False,True,3.6,False,33.6,Silver,Entry-Point Category
2584,69,Male,Jeans,Clothing,93,Oklahoma,M,Lavender,Fall,2.5,False,Next Day Air,False,False,9,Cash,Weekly,7,52.142857142857146,4849.29,9,False,930,0,False,True,2.5,True,54.8,Silver,Entry-Point Category
2585,26,Male,Socks,Clothing,30,Florida,L,Blue,Summer,2.9,False,Store Pickup,False,False,26,Bank Transfer,Bi-Weekly,14,26.071428571428573,782.14,26,False,810,0,False,False,2.9,False,46.7,Silver,Entry-Point Category
2586,57,Male,Sunglasses,Accessories,37,Wisconsin,L,Maroon,Fall,4.4,False,Free Shipping,False,False,19,Debit Card,Weekly,7,52.142857142857146,1929.29,19,False,740,0,False,False,4.4,False,66.5,Gold,Retention Category
2587,20,Male,Coat,Outerwear,28,Maine,L,Yellow,Winter,4.6,False,Express,False,False,1,Credit Card,Every 3 Months,90,4.055555555555555,113.56,1,False,56,0,False,False,4.6,False,26.2,Bronze,Entry-Point Category
2588,55,Male,Scarf,Accessories,29,Connecticut,M,Purple,Winter,3.7,False,Express,False,False,29,PayPal,Every 3 Months,90,4.055555555555555,117.61,29,False,870,0,False,False,3.7,False,35.9,Silver,Retention Category
2589,44,Male,Backpack,Accessories,49,Delaware,M,Peach,Summer,3.2,False,Free Shipping,False,False,38,Venmo,Bi-Weekly,14,26.071428571428573,1277.5,38,True,1911,0,False,False,3.2,False,62.7,Gold,Retention Category
2590,52,Male,Pants,Clothing,53,North Dakota,M,Silver,Winter,4.9,False,2-Day Shipping,False,False,31,PayPal,Annually,365,1.0,53.0,31,False,1696,0,False,False,4.9,False,40.8,Silver,Entry-Point Category
2591,57,Male,Gloves,Accessories,66,California,M,Turquoise,Summer,5.0,False,Free Shipping,False,False,35,Venmo,Annually,365,1.0,66.0,35,False,2376,0,False,True,5.0,False,45.0,Silver,Retention Category
2592,40,Male,Jacket,Outerwear,61,New Mexico,S,Olive,Spring,3.3,False,Express,False,False,40,Cash,Quarterly,90,4.055555555555555,247.39,40,True,2501,0,False,True,3.3,False,44.9,Silver,Entry-Point Category
2593,23,Male,Shorts,Clothing,23,Iowa,XL,Peach,Summer,4.4,False,Store Pickup,False,False,13,Venmo,Quarterly,90,4.055555555555555,93.28,13,False,322,0,False,False,4.4,False,30.0,Silver,Entry-Point Category
2594,36,Male,Pants,Clothing,36,Colorado,S,Indigo,Fall,4.7,False,Store Pickup,False,False,9,Bank Transfer,Every 3 Months,90,4.055555555555555,146.0,9,False,360,0,False,False,4.7,False,33.4,Silver,Entry-Point Category
2595,59,Male,Skirt,Clothing,81,Montana,L,Indigo,Fall,3.6,False,Free Shipping,False,False,25,Cash,Every 3 Months,90,4.055555555555555,328.5,25,False,2106,0,False,True,3.6,False,42.6,Silver,Entry-Point Category
2596,29,Male,Blouse,Clothing,56,Iowa,XL,Maroon,Summer,3.2,False,Free Shipping,False,False,3,Bank Transfer,Bi-Weekly,14,26.071428571428573,1460.0,3,False,224,0,False,False,3.2,False,43.1,Silver,Entry-Point Category
2597,63,Male,Shirt,Clothing,78,Louisiana,L,Black,Spring,3.0,False,Next Day Air,False,False,35,Credit Card,Monthly,30,12.166666666666666,949.0,35,False,2808,0,False,True,3.0,False,55.3,Gold,Entry-Point Category
2598,60,Male,Jewelry,Accessories,25,Alabama,XL,Teal,Summer,4.4,False,Store Pickup,False,False,13,Venmo,Bi-Weekly,14,26.071428571428573,651.79,13,False,350,0,False,False,4.4,False,49.2,Silver,Retention Category
2599,64,Male,Backpack,Accessories,86,Nevada,XL,Olive,Fall,3.3,False,Express,False,False,31,Debit Card,Annually,365,1.0,86.0,31,False,2752,0,False,True,3.3,False,31.0,Silver,Retention Category
2600,63,Male,Jewelry,Accessories,99,Vermont,M,Gold,Winter,3.4,False,Express,False,False,48,Credit Card,Monthly,30,12.166666666666666,1204.5,48,True,4851,0,False,True,3.4,False,69.7,Gold,Retention Category
2601,21,Male,Belt,Accessories,83,New York,M,Gray,Fall,3.9,False,Express,False,False,6,Bank Transfer,Bi-Weekly,14,26.071428571428573,2163.93,6,False,581,0,False,True,3.9,False,56.7,Gold,Retention Category
2602,61,Male,Dress,Clothing,33,Mississippi,L,Orange,Winter,2.9,False,Store Pickup,False,False,43,Cash,Monthly,30,12.166666666666666,401.5,43,True,1452,0,False,False,2.9,False,51.6,Silver,Entry-Point Category
2603,65,Male,Coat,Outerwear,44,South Carolina,M,Black,Fall,2.9,False,Free Shipping,False,False,1,Venmo,Quarterly,90,4.055555555555555,178.44,1,False,88,0,False,False,2.9,False,15.5,Bronze,Entry-Point Category
2604,69,Male,Dress,Clothing,58,Washington,M,Teal,Spring,2.7,False,2-Day Shipping,False,False,8,Cash,Annually,365,1.0,58.0,8,False,522,0,False,False,2.7,False,9.8,Bronze,Entry-Point Category
2605,47,Male,Sweater,Clothing,54,Colorado,M,Beige,Spring,3.4,False,Store Pickup,False,False,6,Debit Card,Weekly,7,52.142857142857146,2815.71,6,False,378,0,False,False,3.4,False,57.0,Gold,Entry-Point Category
2606,41,Male,Hoodie,Clothing,93,Nevada,M,White,Spring,3.7,False,2-Day Shipping,False,False,32,Venmo,Fortnightly,14,26.071428571428573,2424.64,32,False,3069,0,False,True,3.7,False,73.0,Gold,Entry-Point Category
2607,68,Male,Shoes,Footwear,98,Nevada,L,Turquoise,Spring,4.7,False,Standard,False,False,46,Bank Transfer,Bi-Weekly,14,26.071428571428573,2555.0,46,True,4606,0,False,True,4.7,False,90.4,Platinum,Entry-Point Category
2608,41,Male,Shoes,Footwear,36,Oklahoma,XL,Teal,Spring,3.1,False,Express,False,False,38,PayPal,Every 3 Months,90,4.055555555555555,146.0,38,True,1404,0,False,False,3.1,False,37.8,Silver,Entry-Point Category
2609,42,Male,Jacket,Outerwear,68,Mississippi,L,Orange,Fall,4.2,False,2-Day Shipping,False,False,48,Credit Card,Fortnightly,14,26.071428571428573,1772.86,48,True,3332,0,False,True,4.2,False,81.1,Platinum,Entry-Point Category
2610,66,Male,Backpack,Accessories,95,Arkansas,M,Black,Summer,3.0,False,Store Pickup,False,False,18,Debit Card,Bi-Weekly,14,26.071428571428573,2476.79,18,False,1805,0,False,True,3.0,False,59.1,Gold,Retention Category
2611,66,Male,Jeans,Clothing,93,West Virginia,M,Violet,Spring,3.1,False,Express,False,False,25,Cash,Quarterly,90,4.055555555555555,377.17,25,False,2418,0,False,True,3.1,False,41.0,Silver,Entry-Point Category
2612,33,Male,Jacket,Outerwear,99,Michigan,L,Maroon,Fall,4.2,False,2-Day Shipping,False,False,4,Cash,Fortnightly,14,26.071428571428573,2581.07,4,False,495,0,False,True,4.2,False,61.6,Gold,Entry-Point Category
2613,55,Male,Sunglasses,Accessories,22,Louisiana,M,Turquoise,Winter,3.8,False,Next Day Air,False,False,27,Venmo,Quarterly,90,4.055555555555555,89.22,27,False,616,0,False,False,3.8,False,33.0,Silver,Retention Category
2614,58,Male,Gloves,Accessories,88,South Dakota,M,Gold,Fall,2.9,False,Express,False,False,14,Bank Transfer,Monthly,30,12.166666666666666,1070.67,14,False,1320,0,False,True,2.9,False,43.4,Silver,Retention Category
2615,18,Male,Jacket,Outerwear,65,North Dakota,M,Turquoise,Spring,4.2,False,Express,False,False,36,Bank Transfer,Fortnightly,14,26.071428571428573,1694.64,36,False,2405,0,False,True,4.2,False,73.2,Gold,Entry-Point Category
2616,49,Male,T-shirt,Clothing,62,Arizona,M,Maroon,Fall,3.1,False,2-Day Shipping,False,False,6,Debit Card,Quarterly,90,4.055555555555555,251.44,6,False,434,0,False,True,3.1,False,23.3,Bronze,Entry-Point Category
2617,61,Male,Sandals,Footwear,55,Georgia,XL,Purple,Spring,3.6,False,Express,False,False,46,Cash,Annually,365,1.0,55.0,46,True,2585,0,False,False,3.6,False,39.3,Silver,Entry-Point Category
2618,31,Male,Shorts,Clothing,97,Idaho,S,Maroon,Spring,4.8,False,Standard,False,False,29,Bank Transfer,Annually,365,1.0,97.0,29,False,2910,0,False,True,4.8,False,43.4,Silver,Entry-Point Category
2619,70,Male,Handbag,Accessories,77,Louisiana,L,Brown,Fall,4.1,False,Express,False,False,12,Venmo,Monthly,30,12.166666666666666,936.83,12,False,1001,0,False,True,4.1,False,50.0,Silver,Retention Category
2620,68,Male,Pants,Clothing,40,Connecticut,L,Indigo,Winter,3.9,False,Free Shipping,False,False,47,Credit Card,Weekly,7,52.142857142857146,2085.71,47,True,1920,0,False,False,3.9,False,80.4,Platinum,Entry-Point Category
2621,27,Male,Blouse,Clothing,23,Ohio,S,Lavender,Winter,3.0,False,Standard,False,False,28,Debit Card,Annually,365,1.0,23.0,28,False,667,0,False,False,3.0,False,20.8,Bronze,Entry-Point Category
2622,48,Male,Shoes,Footwear,46,Maine,M,Beige,Winter,3.0,False,Express,False,False,21,Bank Transfer,Annually,365,1.0,46.0,21,False,1012,0,False,False,3.0,False,18.8,Bronze,Entry-Point Category
2623,63,Male,Backpack,Accessories,75,New Hampshire,M,Yellow,Spring,4.9,False,2-Day Shipping,False,False,15,Credit Card,Annually,365,1.0,75.0,15,False,1200,0,False,True,4.9,False,33.0,Silver,Retention Category
2624,49,Male,Shoes,Footwear,76,Massachusetts,M,Gold,Fall,4.8,False,Next Day Air,False,False,38,Cash,Annually,365,1.0,76.0,38,True,2964,0,False,True,4.8,False,46.1,Silver,Entry-Point Category
2625,19,Male,Dress,Clothing,59,South Dakota,M,Indigo,Summer,3.3,False,Standard,False,False,19,Credit Card,Annually,365,1.0,59.0,19,False,1180,0,False,False,3.3,False,21.0,Bronze,Entry-Point Category
2626,30,Male,Skirt,Clothing,51,Colorado,L,Cyan,Summer,2.7,False,Standard,False,False,31,Credit Card,Weekly,7,52.142857142857146,2659.29,31,False,1632,0,False,False,2.7,False,66.0,Gold,Entry-Point Category
2627,50,Male,Jacket,Outerwear,46,Rhode Island,XL,Silver,Fall,4.2,False,Express,False,False,30,Credit Card,Every 3 Months,90,4.055555555555555,186.56,30,False,1426,0,False,False,4.2,False,43.9,Silver,Entry-Point Category
2628,66,Male,Shirt,Clothing,26,Missouri,L,Silver,Fall,3.6,False,Next Day Air,False,False,40,Bank Transfer,Quarterly,90,4.055555555555555,105.44,40,True,1066,0,False,False,3.6,False,41.2,Silver,Entry-Point Category
2629,25,Male,Hoodie,Clothing,51,Wyoming,M,Silver,Summer,3.8,False,Next Day Air,False,False,42,Credit Card,Bi-Weekly,14,26.071428571428573,1329.64,42,True,2193,0,False,False,3.8,False,70.4,Gold,Entry-Point Category
2630,61,Male,Scarf,Accessories,44,New Hampshire,M,Peach,Winter,3.8,False,Free Shipping,False,False,25,Venmo,Annually,365,1.0,44.0,25,False,1144,0,False,False,3.8,False,27.4,Bronze,Retention Category
2631,29,Male,Skirt,Clothing,82,Maine,S,Pink,Spring,4.2,False,Free Shipping,False,False,20,Cash,Quarterly,90,4.055555555555555,332.56,20,False,1722,0,False,True,4.2,False,44.7,Silver,Entry-Point Category
2632,53,Male,Skirt,Clothing,44,Connecticut,S,Violet,Summer,2.7,False,Express,False,False,3,Cash,Weekly,7,52.142857142857146,2294.29,3,False,176,0,False,False,2.7,False,46.1,Silver,Entry-Point Category
2633,24,Male,Scarf,Accessories,27,Alaska,M,Black,Fall,5.0,False,Next Day Air,False,False,14,Cash,Annually,365,1.0,27.0,14,False,405,0,False,False,5.0,False,28.6,Bronze,Retention Category
2634,51,Male,Sunglasses,Accessories,90,Alaska,M,Purple,Fall,4.7,False,Next Day Air,False,False,32,Credit Card,Fortnightly,14,26.071428571428573,2346.43,32,False,2970,0,False,True,4.7,False,80.4,Platinum,Retention Category
2635,26,Male,Sandals,Footwear,58,North Carolina,S,Black,Summer,3.2,False,Store Pickup,False,False,20,PayPal,Every 3 Months,90,4.055555555555555,235.22,20,False,1218,0,False,False,3.2,False,31.4,Silver,Entry-Point Category
2636,59,Male,Hoodie,Clothing,80,Colorado,XL,Peach,Spring,2.9,False,2-Day Shipping,False,False,34,PayPal,Fortnightly,14,26.071428571428573,2085.71,34,False,2800,0,False,True,2.9,False,64.7,Gold,Entry-Point Category
2637,41,Male,Jacket,Outerwear,40,Utah,S,Magenta,Winter,4.2,False,Store Pickup,False,False,6,Venmo,Annually,365,1.0,40.0,6,False,280,0,False,False,4.2,False,19.3,Bronze,Entry-Point Category
2638,20,Male,Pants,Clothing,23,Alabama,M,Magenta,Spring,3.7,False,Store Pickup,False,False,2,PayPal,Annually,365,1.0,23.0,2,False,69,0,False,False,3.7,False,10.7,Bronze,Entry-Point Category
2639,22,Male,Shirt,Clothing,34,Hawaii,S,Black,Spring,4.2,False,Store Pickup,False,False,35,Credit Card,Annually,365,1.0,34.0,35,False,1224,0,False,False,4.2,False,36.0,Silver,Entry-Point Category
2640,18,Male,Blouse,Clothing,35,New Hampshire,XL,Pink,Winter,2.6,False,Free Shipping,False,False,33,Debit Card,Quarterly,90,4.055555555555555,141.94,33,False,1190,0,False,False,2.6,False,30.8,Silver,Entry-Point Category
2641,30,Male,Skirt,Clothing,75,Indiana,L,Olive,Summer,4.0,False,Store Pickup,False,False,45,Venmo,Bi-Weekly,14,26.071428571428573,1955.36,45,True,3450,0,False,True,4.0,False,79.0,Gold,Entry-Point Category
2642,25,Male,Sunglasses,Accessories,60,Vermont,XL,Olive,Winter,2.7,False,Next Day Air,False,False,20,Bank Transfer,Every 3 Months,90,4.055555555555555,243.33,20,False,1260,0,False,True,2.7,False,27.9,Bronze,Retention Category
2643,39,Male,Belt,Accessories,87,Iowa,L,Peach,Summer,4.0,False,Store Pickup,False,False,48,Bank Transfer,Annually,365,1.0,87.0,48,True,4263,0,False,True,4.0,False,47.1,Silver,Retention Category
2644,49,Male,Gloves,Accessories,41,Maryland,S,Silver,Spring,2.9,False,Next Day Air,False,False,37,Cash,Monthly,30,12.166666666666666,498.83,37,False,1558,0,False,False,2.9,False,49.1,Silver,Retention Category
2645,25,Male,Pants,Clothing,83,New Mexico,M,Turquoise,Spring,3.3,False,Standard,False,False,4,Bank Transfer,Every 3 Months,90,4.055555555555555,336.61,4,False,415,0,False,True,3.3,False,28.0,Bronze,Entry-Point Category
2646,23,Male,Scarf,Accessories,81,Louisiana,L,Olive,Spring,4.0,False,Store Pickup,False,False,24,Bank Transfer,Bi-Weekly,14,26.071428571428573,2111.79,24,False,2025,0,False,True,4.0,False,67.7,Gold,Retention Category
2647,33,Male,T-shirt,Clothing,56,New Mexico,S,Lavender,Summer,3.9,False,Next Day Air,False,False,4,Debit Card,Every 3 Months,90,4.055555555555555,227.11,4,False,280,0,False,False,3.9,False,27.2,Bronze,Entry-Point Category
2648,60,Male,Shoes,Footwear,58,South Carolina,M,Red,Summer,3.3,False,2-Day Shipping,False,False,25,Debit Card,Annually,365,1.0,58.0,25,False,1508,0,False,False,3.3,False,24.6,Bronze,Entry-Point Category
2649,51,Male,Pants,Clothing,84,Illinois,M,Gray,Spring,3.9,False,Next Day Air,False,False,14,PayPal,Bi-Weekly,14,26.071428571428573,2190.0,14,False,1260,0,False,True,3.9,False,61.5,Gold,Entry-Point Category
2650,23,Male,Gloves,Accessories,21,Minnesota,M,Magenta,Fall,3.9,False,Store Pickup,False,False,14,Bank Transfer,Fortnightly,14,26.071428571428573,547.5,14,False,315,0,False,False,3.9,False,44.0,Silver,Retention Category
2651,20,Male,Socks,Clothing,35,Oregon,L,Maroon,Summer,4.2,False,Standard,False,False,46,Credit Card,Every 3 Months,90,4.055555555555555,141.94,46,True,1645,0,False,False,4.2,False,51.3,Silver,Entry-Point Category
2652,51,Male,Sneakers,Footwear,43,Tennessee,M,Cyan,Summer,4.6,False,Store Pickup,False,False,27,PayPal,Quarterly,90,4.055555555555555,174.39,27,False,1204,0,False,False,4.6,False,44.8,Silver,Entry-Point Category
2653,23,Female,Shorts,Clothing,20,Maryland,L,Cyan,Summer,3.3,False,2-Day Shipping,False,False,46,Credit Card,Monthly,30,12.166666666666666,243.33,46,True,940,0,False,False,3.3,False,48.2,Silver,Entry-Point Category
2654,67,Female,Blouse,Clothing,36,Wisconsin,L,Lavender,Fall,4.8,False,Express,False,False,24,Venmo,Every 3 Months,90,4.055555555555555,146.0,24,False,900,0,False,False,4.8,False,43.1,Silver,Entry-Point Category
2655,23,Female,Coat,Outerwear,70,Idaho,S,Pink,Fall,4.1,False,Next Day Air,False,False,4,PayPal,Annually,365,1.0,70.0,4,False,350,0,False,True,4.1,False,19.8,Bronze,Entry-Point Category
2656,26,Female,Sunglasses,Accessories,83,Wyoming,M,Gray,Summer,3.4,False,Standard,False,False,2,Credit Card,Fortnightly,14,26.071428571428573,2163.93,2,False,249,0,False,True,3.4,False,49.9,Silver,Retention Category
2657,52,Female,Shorts,Clothing,76,Indiana,L,Yellow,Winter,3.6,False,Express,False,False,29,Bank Transfer,Fortnightly,14,26.071428571428573,1981.43,29,False,2280,0,False,True,3.6,False,66.4,Gold,Entry-Point Category
2658,52,Female,Dress,Clothing,81,Texas,M,Pink,Summer,2.7,False,Express,False,False,7,Credit Card,Fortnightly,14,26.071428571428573,2111.79,7,False,648,0,False,True,2.7,False,47.2,Silver,Entry-Point Category
2659,52,Female,Handbag,Accessories,47,Ohio,XL,Indigo,Summer,3.2,False,Next Day Air,False,False,39,PayPal,Monthly,30,12.166666666666666,571.83,39,True,1880,0,False,False,3.2,False,53.6,Silver,Retention Category
2660,35,Female,Boots,Footwear,35,Kansas,L,Gray,Summer,4.4,False,2-Day Shipping,False,False,46,Credit Card,Fortnightly,14,26.071428571428573,912.5,46,True,1645,0,False,False,4.4,False,72.5,Gold,Entry-Point Category
2661,24,Female,Pants,Clothing,85,South Carolina,L,Yellow,Spring,4.9,False,Express,False,False,44,Venmo,Annually,365,1.0,85.0,44,True,3825,0,False,True,4.9,False,51.3,Silver,Entry-Point Category
2662,43,Female,Boots,Footwear,96,Michigan,XL,Olive,Fall,4.8,False,Express,False,False,20,Bank Transfer,Annually,365,1.0,96.0,20,False,2016,0,False,True,4.8,False,37.7,Silver,Entry-Point Category
2663,25,Female,Skirt,Clothing,98,Nebraska,M,Cyan,Summer,2.8,False,2-Day Shipping,False,False,44,PayPal,Fortnightly,14,26.071428571428573,2555.0,44,True,4410,0,False,True,2.8,False,73.7,Gold,Entry-Point Category
2664,46,Female,Sneakers,Footwear,52,Wisconsin,L,Silver,Fall,2.9,False,Free Shipping,False,False,23,Bank Transfer,Annually,365,1.0,52.0,23,False,1248,0,False,False,2.9,False,19.6,Bronze,Entry-Point Category
2665,22,Female,Jewelry,Accessories,84,Illinois,L,Silver,Winter,3.2,False,Store Pickup,False,False,37,PayPal,Weekly,7,52.142857142857146,4380.0,37,False,3192,0,False,True,3.2,False,76.2,Gold,Retention Category
2666,70,Female,T-shirt,Clothing,71,Louisiana,L,Red,Winter,3.5,False,Store Pickup,False,False,4,Venmo,Weekly,7,52.142857142857146,3702.14,4,False,355,0,False,True,3.5,False,57.8,Gold,Entry-Point Category
2667,49,Female,Sandals,Footwear,95,Ohio,S,Brown,Winter,4.1,False,Store Pickup,False,False,14,Venmo,Fortnightly,14,26.071428571428573,2476.79,14,False,1425,0,False,True,4.1,False,65.8,Gold,Entry-Point Category
2668,48,Female,Boots,Footwear,47,Maryland,M,Orange,Summer,4.1,False,Free Shipping,False,False,31,Cash,Fortnightly,14,26.071428571428573,1225.36,31,False,1504,0,False,False,4.1,False,65.5,Gold,Entry-Point Category
2669,59,Female,Coat,Outerwear,75,Texas,M,Black,Summer,4.8,False,Next Day Air,False,False,9,PayPal,Quarterly,90,4.055555555555555,304.17,9,False,750,0,False,True,4.8,False,41.4,Silver,Entry-Point Category
2670,39,Female,Belt,Accessories,28,Illinois,L,Teal,Spring,2.8,False,Free Shipping,False,False,31,Credit Card,Weekly,7,52.142857142857146,1460.0,31,False,896,0,False,False,2.8,False,56.8,Gold,Retention Category
2671,30,Female,Sunglasses,Accessories,44,Pennsylvania,M,Yellow,Fall,4.7,False,Express,False,False,26,Bank Transfer,Bi-Weekly,14,26.071428571428573,1147.14,26,False,1188,0,False,False,4.7,False,66.3,Gold,Retention Category
2672,37,Female,Sandals,Footwear,64,Alabama,XL,Gray,Winter,4.8,False,2-Day Shipping,False,False,41,PayPal,Every 3 Months,90,4.055555555555555,259.56,41,True,2688,0,False,True,4.8,False,58.3,Gold,Entry-Point Category
2673,56,Female,Boots,Footwear,28,West Virginia,M,Maroon,Spring,2.9,False,Standard,False,False,13,Cash,Annually,365,1.0,28.0,13,False,392,0,False,False,2.9,False,11.3,Bronze,Entry-Point Category
2674,67,Female,Hoodie,Clothing,21,Nevada,M,Olive,Summer,2.6,False,2-Day Shipping,False,False,4,Cash,Monthly,30,12.166666666666666,255.5,4,False,105,0,False,False,2.6,False,18.2,Bronze,Entry-Point Category
2675,40,Female,Hat,Accessories,41,Florida,S,Charcoal,Fall,3.3,False,Express,False,False,15,Cash,Every 3 Months,90,4.055555555555555,166.28,15,False,656,0,False,False,3.3,False,26.6,Bronze,Retention Category
2676,24,Female,Shorts,Clothing,38,Virginia,M,Peach,Winter,3.4,False,Free Shipping,False,False,38,Cash,Bi-Weekly,14,26.071428571428573,990.71,38,True,1482,0,False,False,3.4,False,60.8,Gold,Entry-Point Category
2677,43,Female,Backpack,Accessories,77,Kentucky,M,Maroon,Spring,3.6,False,Free Shipping,False,False,3,Cash,Fortnightly,14,26.071428571428573,2007.5,3,False,308,0,False,True,3.6,False,51.0,Silver,Retention Category
2678,45,Female,Shorts,Clothing,43,Connecticut,L,Olive,Spring,3.8,False,Next Day Air,False,False,6,PayPal,Every 3 Months,90,4.055555555555555,174.39,6,False,301,0,False,False,3.8,False,25.9,Bronze,Entry-Point Category
2679,33,Female,Belt,Accessories,91,Montana,M,Magenta,Spring,3.4,False,2-Day Shipping,False,False,34,Credit Card,Bi-Weekly,14,26.071428571428573,2372.5,34,False,3185,0,False,True,3.4,False,71.4,Gold,Retention Category
2680,53,Female,Shorts,Clothing,68,Montana,S,Yellow,Spring,3.8,False,Express,False,False,7,Debit Card,Quarterly,90,4.055555555555555,275.78,7,False,544,0,False,True,3.8,False,30.8,Silver,Entry-Point Category
2681,44,Female,Socks,Clothing,37,Nebraska,L,Indigo,Fall,3.3,False,Next Day Air,False,False,21,Venmo,Annually,365,1.0,37.0,21,False,814,0,False,False,3.3,False,20.3,Bronze,Entry-Point Category
2682,23,Female,Shoes,Footwear,23,Massachusetts,L,Olive,Summer,4.8,False,Standard,False,False,17,Debit Card,Monthly,30,12.166666666666666,279.83,17,False,414,0,False,False,4.8,False,44.7,Silver,Entry-Point Category
2683,59,Female,Sneakers,Footwear,65,North Carolina,L,Maroon,Winter,3.9,False,2-Day Shipping,False,False,5,Venmo,Every 3 Months,90,4.055555555555555,263.61,5,False,390,0,False,True,3.9,False,29.8,Bronze,Entry-Point Category
2684,68,Female,Backpack,Accessories,30,Montana,M,Indigo,Summer,4.2,False,Next Day Air,False,False,21,Cash,Fortnightly,14,26.071428571428573,782.14,21,False,660,0,False,False,4.2,False,54.3,Silver,Retention Category
2685,46,Female,Dress,Clothing,45,Washington,M,Gray,Summer,4.7,False,Free Shipping,False,False,42,Credit Card,Bi-Weekly,14,26.071428571428573,1173.21,42,True,1935,0,False,False,4.7,False,76.3,Gold,Entry-Point Category
2686,56,Female,Boots,Footwear,25,Virginia,M,Gray,Winter,2.7,False,Express,False,False,49,Credit Card,Quarterly,90,4.055555555555555,101.39,49,True,1250,0,False,False,2.7,False,39.1,Silver,Entry-Point Category
2687,40,Female,Socks,Clothing,72,Georgia,M,Black,Winter,3.8,False,2-Day Shipping,False,False,33,Cash,Fortnightly,14,26.071428571428573,1877.14,33,False,2448,0,False,True,3.8,False,69.9,Gold,Entry-Point Category
2688,61,Female,Dress,Clothing,75,Delaware,M,White,Fall,3.6,False,2-Day Shipping,False,False,12,Debit Card,Bi-Weekly,14,26.071428571428573,1955.36,12,False,975,0,False,True,3.6,False,55.9,Gold,Entry-Point Category
2689,53,Female,Handbag,Accessories,63,West Virginia,XL,Turquoise,Spring,2.9,False,2-Day Shipping,False,False,18,Credit Card,Every 3 Months,90,4.055555555555555,255.5,18,False,1197,0,False,True,2.9,False,28.7,Bronze,Retention Category
2690,29,Female,Blouse,Clothing,35,Wyoming,M,Orange,Fall,3.9,False,Standard,False,False,47,PayPal,Quarterly,90,4.055555555555555,141.94,47,True,1680,0,False,False,3.9,False,49.4,Silver,Entry-Point Category
2691,44,Female,Belt,Accessories,32,New Mexico,L,Yellow,Summer,4.7,False,Free Shipping,False,False,18,Bank Transfer,Weekly,7,52.142857142857146,1668.57,18,False,608,0,False,False,4.7,False,65.9,Gold,Retention Category
2692,43,Female,Pants,Clothing,25,Nebraska,L,Blue,Winter,3.3,False,2-Day Shipping,False,False,48,Cash,Monthly,30,12.166666666666666,304.17,48,True,1225,0,False,False,3.3,False,52.6,Silver,Entry-Point Category
2693,40,Female,Sneakers,Footwear,90,Washington,XL,Violet,Spring,4.2,False,Free Shipping,False,False,18,Debit Card,Every 3 Months,90,4.055555555555555,365.0,18,False,1710,0,False,True,4.2,False,45.0,Silver,Entry-Point Category
2694,55,Female,Boots,Footwear,70,Hawaii,L,Lavender,Summer,2.6,False,Standard,False,False,46,Cash,Quarterly,90,4.055555555555555,283.89,46,True,3290,0,False,True,2.6,False,44.6,Silver,Entry-Point Category
2695,66,Female,Sunglasses,Accessories,27,Louisiana,M,Olive,Spring,4.9,False,Express,False,False,34,Credit Card,Every 3 Months,90,4.055555555555555,109.5,34,False,945,0,False,False,4.9,False,48.5,Silver,Retention Category
2696,50,Female,Hat,Accessories,92,Tennessee,M,Orange,Fall,3.6,False,Standard,False,False,10,PayPal,Bi-Weekly,14,26.071428571428573,2398.57,10,False,1012,0,False,True,3.6,False,58.6,Gold,Retention Category
2697,57,Female,Coat,Outerwear,20,South Dakota,M,White,Spring,4.7,False,Free Shipping,False,False,12,Debit Card,Monthly,30,12.166666666666666,243.33,12,False,260,0,False,False,4.7,False,39.3,Silver,Entry-Point Category
2698,42,Female,Jacket,Outerwear,52,Delaware,L,Red,Winter,3.2,False,Standard,False,False,36,Bank Transfer,Quarterly,90,4.055555555555555,210.89,36,False,1924,0,False,False,3.2,False,40.2,Silver,Entry-Point Category
2699,55,Female,Hoodie,Clothing,57,Virginia,M,Magenta,Summer,3.6,False,Store Pickup,False,False,34,Venmo,Quarterly,90,4.055555555555555,231.17,34,False,1995,0,False,False,3.6,False,43.1,Silver,Entry-Point Category
2700,25,Female,Boots,Footwear,96,Utah,M,Violet,Fall,3.6,False,2-Day Shipping,False,False,49,Debit Card,Annually,365,1.0,96.0,49,True,4800,0,False,True,3.6,False,45.5,Silver,Entry-Point Category
2701,22,Female,T-shirt,Clothing,68,California,XL,Olive,Winter,3.2,False,Standard,False,False,36,Cash,Weekly,7,52.142857142857146,3545.71,36,False,2516,0,False,True,3.2,False,74.4,Gold,Entry-Point Category
2702,49,Female,Sweater,Clothing,30,Idaho,L,Silver,Summer,2.8,False,Store Pickup,False,False,18,Bank Transfer,Fortnightly,14,26.071428571428573,782.14,18,False,570,0,False,False,2.8,False,40.9,Silver,Entry-Point Category
2703,70,Female,Shoes,Footwear,37,Texas,L,Gray,Fall,4.0,False,Next Day Air,False,False,39,Debit Card,Fortnightly,14,26.071428571428573,964.64,39,True,1480,0,False,False,4.0,False,66.0,Gold,Entry-Point Category
2704,56,Female,Scarf,Accessories,42,Tennessee,XL,Olive,Winter,4.4,False,Free Shipping,False,False,34,PayPal,Weekly,7,52.142857142857146,2190.0,34,False,1470,0,False,False,4.4,False,77.9,Gold,Retention Category
2705,52,Female,Dress,Clothing,54,Tennessee,L,Beige,Spring,3.4,False,Next Day Air,False,False,35,Debit Card,Weekly,7,52.142857142857146,2815.71,35,False,1944,0,False,False,3.4,False,74.3,Gold,Entry-Point Category
2706,65,Female,Jacket,Outerwear,81,Washington,S,Turquoise,Spring,5.0,False,Store Pickup,False,False,1,Credit Card,Bi-Weekly,14,26.071428571428573,2111.79,1,False,162,0,False,True,5.0,False,61.6,Gold,Entry-Point Category
2707,24,Female,Shoes,Footwear,40,Alabama,S,Blue,Spring,3.1,False,Express,False,False,48,Debit Card,Quarterly,90,4.055555555555555,162.22,48,True,1960,0,False,False,3.1,False,44.7,Silver,Entry-Point Category
2708,32,Female,Backpack,Accessories,88,Nebraska,M,Pink,Fall,4.2,False,Standard,False,False,19,Cash,Weekly,7,52.142857142857146,4588.57,19,False,1760,0,False,True,4.2,False,73.8,Gold,Retention Category
2709,57,Female,Dress,Clothing,94,Alabama,M,Teal,Summer,3.3,False,Store Pickup,False,False,44,Debit Card,Weekly,7,52.142857142857146,4901.43,44,True,4230,0,False,True,3.3,False,81.8,Platinum,Entry-Point Category
2710,35,Female,Shirt,Clothing,54,Illinois,S,Cyan,Winter,2.9,False,Standard,False,False,9,Credit Card,Bi-Weekly,14,26.071428571428573,1407.86,9,False,540,0,False,False,2.9,False,44.0,Silver,Entry-Point Category
2711,69,Female,Jacket,Outerwear,51,Wisconsin,L,Purple,Summer,4.7,False,Standard,False,False,3,Bank Transfer,Fortnightly,14,26.071428571428573,1329.64,3,False,204,0,False,False,4.7,False,54.3,Silver,Entry-Point Category
2712,30,Female,Sunglasses,Accessories,22,Nebraska,L,Red,Spring,4.0,False,Standard,False,False,50,Venmo,Monthly,30,12.166666666666666,267.67,50,True,1122,0,False,False,4.0,False,57.7,Gold,Retention Category
2713,37,Female,Jacket,Outerwear,95,North Dakota,L,Brown,Fall,4.6,False,Standard,False,False,7,Debit Card,Quarterly,90,4.055555555555555,385.28,7,False,760,0,False,True,4.6,False,43.0,Silver,Entry-Point Category
2714,19,Female,Coat,Outerwear,57,Mississippi,M,Magenta,Fall,3.8,False,2-Day Shipping,False,False,20,Debit Card,Annually,365,1.0,57.0,20,False,1197,0,False,False,3.8,False,25.5,Bronze,Entry-Point Category
2715,53,Female,Sweater,Clothing,45,Iowa,S,Olive,Winter,3.6,False,Store Pickup,False,False,16,Credit Card,Bi-Weekly,14,26.071428571428573,1173.21,16,False,765,0,False,False,3.6,False,51.7,Silver,Entry-Point Category
2716,25,Female,Sneakers,Footwear,92,Mississippi,XL,Pink,Winter,4.1,False,Express,False,False,29,PayPal,Fortnightly,14,26.071428571428573,2398.57,29,False,2760,0,False,True,4.1,False,74.2,Gold,Entry-Point Category
2717,47,Female,Shoes,Footwear,40,Colorado,L,Black,Spring,2.7,False,Store Pickup,False,False,21,Debit Card,Weekly,7,52.142857142857146,2085.71,21,False,880,0,False,False,2.7,False,55.2,Gold,Entry-Point Category
2718,18,Female,Sunglasses,Accessories,62,Nebraska,XL,Beige,Winter,4.3,False,Free Shipping,False,False,19,Credit Card,Every 3 Months,90,4.055555555555555,251.44,19,False,1240,0,False,True,4.3,False,40.6,Silver,Retention Category
2719,22,Female,Shorts,Clothing,90,Virginia,M,Peach,Winter,4.9,False,Next Day Air,False,False,10,Venmo,Bi-Weekly,14,26.071428571428573,2346.43,10,False,990,0,False,True,4.9,False,68.5,Gold,Entry-Point Category
2720,69,Female,Hoodie,Clothing,82,Louisiana,S,Peach,Fall,4.2,False,Free Shipping,False,False,4,Bank Transfer,Monthly,30,12.166666666666666,997.67,4,False,410,0,False,True,4.2,False,47.2,Silver,Entry-Point Category
2721,55,Female,Scarf,Accessories,52,Maryland,M,Peach,Spring,2.8,False,Store Pickup,False,False,45,Bank Transfer,Quarterly,90,4.055555555555555,210.89,45,True,2392,0,False,False,2.8,False,42.2,Silver,Retention Category
2722,19,Female,Sandals,Footwear,70,Minnesota,S,Teal,Spring,4.9,False,Free Shipping,False,False,17,PayPal,Fortnightly,14,26.071428571428573,1825.0,17,False,1260,0,False,True,4.9,False,68.4,Gold,Entry-Point Category
2723,23,Female,Hat,Accessories,83,Maine,M,Green,Spring,2.8,False,2-Day Shipping,False,False,22,PayPal,Fortnightly,14,26.071428571428573,2163.93,22,False,1909,0,False,True,2.8,False,57.2,Gold,Retention Category
2724,54,Female,Shoes,Footwear,49,Texas,XL,Brown,Summer,2.9,False,Store Pickup,False,False,3,PayPal,Every 3 Months,90,4.055555555555555,198.72,3,False,196,0,False,False,2.9,False,17.4,Bronze,Entry-Point Category
2725,52,Female,Sneakers,Footwear,91,Missouri,M,Brown,Spring,2.5,False,Next Day Air,False,False,11,Debit Card,Fortnightly,14,26.071428571428573,2372.5,11,False,1092,0,False,True,2.5,True,50.4,Silver,Entry-Point Category
2726,64,Female,Backpack,Accessories,99,Mississippi,S,Violet,Summer,2.7,False,Free Shipping,False,False,4,Debit Card,Annually,365,1.0,99.0,4,False,495,0,False,True,2.7,False,11.9,Bronze,Retention Category
2727,33,Female,Belt,Accessories,92,Michigan,L,Blue,Winter,3.3,False,Free Shipping,False,False,11,PayPal,Bi-Weekly,14,26.071428571428573,2398.57,11,False,1104,0,False,True,3.3,False,56.7,Gold,Retention Category
2728,40,Female,Shirt,Clothing,87,Colorado,L,Charcoal,Winter,3.7,False,2-Day Shipping,False,False,47,Credit Card,Fortnightly,14,26.071428571428573,2268.21,47,True,4176,0,False,True,3.7,False,80.2,Platinum,Entry-Point Category
2729,26,Female,Skirt,Clothing,28,Florida,M,Pink,Winter,4.0,False,Express,False,False,17,Debit Card,Weekly,7,52.142857142857146,1460.0,17,False,504,0,False,False,4.0,False,58.0,Gold,Entry-Point Category
2730,31,Female,Gloves,Accessories,71,Montana,S,Violet,Summer,4.1,False,Free Shipping,False,False,32,Credit Card,Monthly,30,12.166666666666666,863.83,32,False,2343,0,False,True,4.1,False,61.4,Gold,Retention Category
2731,23,Female,Gloves,Accessories,32,Wisconsin,M,Teal,Winter,4.1,False,Store Pickup,False,False,37,Bank Transfer,Annually,365,1.0,32.0,37,False,1216,0,False,False,4.1,False,36.1,Silver,Retention Category
2732,52,Female,Handbag,Accessories,33,Wisconsin,M,Red,Summer,2.5,False,2-Day Shipping,False,False,44,Bank Transfer,Quarterly,90,4.055555555555555,133.83,44,True,1485,0,False,False,2.5,True,36.2,Silver,Retention Category
2733,21,Female,Socks,Clothing,75,Delaware,L,Orange,Winter,4.2,False,Store Pickup,False,False,27,Debit Card,Every 3 Months,90,4.055555555555555,304.17,27,False,2100,0,False,True,4.2,False,47.5,Silver,Entry-Point Category
2734,31,Female,Backpack,Accessories,83,North Carolina,M,Magenta,Summer,4.7,False,Express,False,False,46,PayPal,Annually,365,1.0,83.0,46,True,3901,0,False,True,4.7,False,50.8,Silver,Retention Category
2735,63,Female,Jeans,Clothing,93,New York,XL,Yellow,Summer,2.7,False,2-Day Shipping,False,False,13,Cash,Bi-Weekly,14,26.071428571428573,2424.64,13,False,1302,0,False,True,2.7,False,53.4,Silver,Entry-Point Category
2736,46,Female,Skirt,Clothing,29,California,M,Yellow,Spring,3.0,False,Express,False,False,2,PayPal,Bi-Weekly,14,26.071428571428573,756.07,2,False,87,0,False,False,3.0,False,32.6,Silver,Entry-Point Category
2737,44,Female,Hoodie,Clothing,25,Montana,M,Pink,Spring,4.8,False,Store Pickup,False,False,45,Credit Card,Annually,365,1.0,25.0,45,True,1150,0,False,False,4.8,False,45.6,Silver,Entry-Point Category
2738,57,Female,Jewelry,Accessories,76,North Carolina,S,Indigo,Spring,4.4,False,Free Shipping,False,False,35,Cash,Every 3 Months,90,4.055555555555555,308.22,35,False,2736,0,False,True,4.4,False,54.3,Silver,Retention Category
2739,50,Female,Sneakers,Footwear,81,Ohio,M,Charcoal,Summer,4.3,False,2-Day Shipping,False,False,39,Venmo,Every 3 Months,90,4.055555555555555,328.5,39,True,3240,0,False,True,4.3,False,56.8,Gold,Entry-Point Category
2740,33,Female,Shirt,Clothing,80,Alaska,XL,Blue,Winter,2.5,False,Store Pickup,False,False,39,Credit Card,Every 3 Months,90,4.055555555555555,324.44,39,True,3200,0,False,True,2.5,True,42.2,Silver,Entry-Point Category
2741,19,Female,Sunglasses,Accessories,70,Pennsylvania,M,Lavender,Summer,4.9,False,Free Shipping,False,False,34,Bank Transfer,Fortnightly,14,26.071428571428573,1825.0,34,False,2450,0,False,True,4.9,False,79.0,Gold,Retention Category
2742,68,Female,Dress,Clothing,81,Maine,L,Yellow,Fall,4.9,False,2-Day Shipping,False,False,41,Venmo,Monthly,30,12.166666666666666,985.5,41,True,3402,0,False,True,4.9,False,74.6,Gold,Entry-Point Category
2743,27,Female,Shoes,Footwear,86,Texas,M,Black,Spring,3.9,False,Free Shipping,False,False,47,Debit Card,Annually,365,1.0,86.0,47,True,4128,0,False,True,3.9,False,45.4,Silver,Entry-Point Category
2744,61,Female,Belt,Accessories,94,New Jersey,S,Beige,Fall,4.1,False,2-Day Shipping,False,False,17,Venmo,Quarterly,90,4.055555555555555,381.22,17,False,1692,0,False,True,4.1,False,44.5,Silver,Retention Category
2745,38,Female,Shirt,Clothing,66,Wyoming,M,Silver,Winter,3.3,False,Store Pickup,False,False,40,Credit Card,Monthly,30,12.166666666666666,803.0,40,True,2706,0,False,True,3.3,False,58.4,Gold,Entry-Point Category
2746,28,Female,Boots,Footwear,98,Michigan,M,Magenta,Summer,4.1,False,Standard,False,False,44,PayPal,Bi-Weekly,14,26.071428571428573,2555.0,44,True,4410,0,False,True,4.1,False,84.4,Platinum,Entry-Point Category
2747,39,Female,Hoodie,Clothing,25,Ohio,M,Orange,Fall,3.7,False,Standard,False,False,21,PayPal,Every 3 Months,90,4.055555555555555,101.39,21,False,550,0,False,False,3.7,False,30.3,Silver,Entry-Point Category
2748,18,Female,Jeans,Clothing,62,West Virginia,M,Teal,Winter,3.1,False,Free Shipping,False,False,21,Credit Card,Every 3 Months,90,4.055555555555555,251.44,21,False,1364,0,False,True,3.1,False,32.0,Silver,Entry-Point Category
2749,24,Female,Jacket,Outerwear,98,Virginia,L,Turquoise,Spring,3.0,False,Free Shipping,False,False,16,Venmo,Annually,365,1.0,98.0,16,False,1666,0,False,True,3.0,False,21.3,Bronze,Entry-Point Category
2750,64,Female,Jacket,Outerwear,53,Vermont,M,Cyan,Spring,3.4,False,Standard,False,False,15,Bank Transfer,Annually,365,1.0,53.0,15,False,848,0,False,False,3.4,False,19.0,Bronze,Entry-Point Category
2751,51,Female,Sandals,Footwear,66,Alaska,L,Pink,Spring,2.7,False,2-Day Shipping,False,False,26,PayPal,Every 3 Months,90,4.055555555555555,267.67,26,False,1782,0,False,True,2.7,False,32.8,Silver,Entry-Point Category
2752,27,Female,Dress,Clothing,52,Minnesota,S,Indigo,Fall,3.1,False,Free Shipping,False,False,50,Venmo,Monthly,30,12.166666666666666,632.67,50,True,2652,0,False,False,3.1,False,60.4,Gold,Entry-Point Category
2753,48,Female,Sweater,Clothing,64,Colorado,S,Peach,Winter,4.0,False,Free Shipping,False,False,30,Venmo,Bi-Weekly,14,26.071428571428573,1668.57,30,False,1984,0,False,True,4.0,False,67.6,Gold,Entry-Point Category
2754,69,Female,Gloves,Accessories,59,Rhode Island,M,Beige,Spring,3.6,False,Next Day Air,False,False,48,PayPal,Quarterly,90,4.055555555555555,239.28,48,True,2891,0,False,False,3.6,False,51.7,Silver,Retention Category
2755,59,Female,Sunglasses,Accessories,61,New Jersey,L,Gold,Summer,3.6,False,Free Shipping,False,False,21,Venmo,Bi-Weekly,14,26.071428571428573,1590.36,21,False,1342,0,False,True,3.6,False,58.2,Gold,Retention Category
2756,59,Female,Belt,Accessories,97,Nevada,M,Indigo,Winter,3.3,False,Store Pickup,False,False,18,Credit Card,Annually,365,1.0,97.0,18,False,1843,0,False,True,3.3,False,24.5,Bronze,Retention Category
2757,42,Female,Hat,Accessories,23,Minnesota,L,Violet,Winter,4.1,False,Free Shipping,False,False,41,PayPal,Monthly,30,12.166666666666666,279.83,41,True,966,0,False,False,4.1,False,53.7,Silver,Retention Category
2758,39,Female,Hat,Accessories,98,Delaware,XL,Brown,Fall,4.3,False,Next Day Air,False,False,11,Venmo,Monthly,30,12.166666666666666,1192.33,11,False,1176,0,False,True,4.3,False,54.7,Silver,Retention Category
2759,32,Female,Blouse,Clothing,98,Illinois,M,Purple,Summer,3.2,False,Standard,False,False,8,Bank Transfer,Bi-Weekly,14,26.071428571428573,2555.0,8,False,882,0,False,True,3.2,False,55.6,Gold,Entry-Point Category
2760,68,Female,Shoes,Footwear,59,Washington,M,Turquoise,Summer,3.9,False,Free Shipping,False,False,42,Cash,Every 3 Months,90,4.055555555555555,239.28,42,True,2537,0,False,False,3.9,False,50.6,Silver,Entry-Point Category
2761,41,Female,Skirt,Clothing,82,Alaska,S,Violet,Fall,5.0,False,Next Day Air,False,False,41,Credit Card,Bi-Weekly,14,26.071428571428573,2137.86,41,True,3444,0,False,True,5.0,False,85.9,Platinum,Entry-Point Category
2762,31,Female,Sneakers,Footwear,82,Michigan,M,Purple,Fall,3.4,False,Next Day Air,False,False,3,Credit Card,Every 3 Months,90,4.055555555555555,332.56,3,False,328,0,False,True,3.4,False,27.9,Bronze,Entry-Point Category
2763,58,Female,T-shirt,Clothing,41,Georgia,M,Charcoal,Fall,3.8,False,Store Pickup,False,False,10,Debit Card,Every 3 Months,90,4.055555555555555,166.28,10,False,451,0,False,False,3.8,False,27.6,Bronze,Entry-Point Category
2764,28,Female,Handbag,Accessories,52,West Virginia,M,Green,Fall,2.9,False,2-Day Shipping,False,False,35,Venmo,Quarterly,90,4.055555555555555,210.89,35,False,1872,0,False,False,2.9,False,37.2,Silver,Retention Category
2765,63,Female,Sweater,Clothing,41,Arizona,XL,White,Spring,2.6,False,Next Day Air,False,False,2,Debit Card,Weekly,7,52.142857142857146,2137.86,2,False,123,0,False,False,2.6,False,43.3,Silver,Entry-Point Category
2766,64,Female,Gloves,Accessories,70,Colorado,M,Purple,Summer,4.3,False,2-Day Shipping,False,False,24,Credit Card,Quarterly,90,4.055555555555555,283.89,24,False,1750,0,False,True,4.3,False,45.3,Silver,Retention Category
2767,66,Female,Dress,Clothing,91,Tennessee,M,Cyan,Winter,2.8,False,Standard,False,False,47,Credit Card,Monthly,30,12.166666666666666,1107.17,47,True,4368,0,False,True,2.8,False,62.8,Gold,Entry-Point Category
2768,31,Female,Dress,Clothing,95,Iowa,M,Green,Spring,4.5,False,Free Shipping,False,False,31,Cash,Monthly,30,12.166666666666666,1155.83,31,False,3040,0,False,True,4.5,False,67.9,Gold,Entry-Point Category
2769,55,Female,Blouse,Clothing,25,Kansas,M,Beige,Spring,3.8,False,2-Day Shipping,False,False,28,PayPal,Bi-Weekly,14,26.071428571428573,651.79,28,False,725,0,False,False,3.8,False,53.3,Silver,Entry-Point Category
2770,32,Female,Shirt,Clothing,89,Oklahoma,L,Lavender,Fall,3.0,False,Standard,False,False,13,Cash,Weekly,7,52.142857142857146,4640.71,13,False,1246,0,False,True,3.0,False,60.5,Gold,Entry-Point Category
2771,50,Female,Boots,Footwear,44,Nebraska,S,Blue,Fall,3.3,False,Express,False,False,22,Bank Transfer,Quarterly,90,4.055555555555555,178.44,22,False,1012,0,False,False,3.3,False,31.4,Silver,Entry-Point Category
2772,58,Female,Jacket,Outerwear,52,Maryland,S,Beige,Summer,3.1,False,2-Day Shipping,False,False,12,Bank Transfer,Fortnightly,14,26.071428571428573,1355.71,12,False,676,0,False,False,3.1,False,47.0,Silver,Entry-Point Category
2773,18,Female,Backpack,Accessories,94,Pennsylvania,L,Blue,Spring,3.5,False,Store Pickup,False,False,10,Bank Transfer,Every 3 Months,90,4.055555555555555,381.22,10,False,1034,0,False,True,3.5,False,35.4,Silver,Retention Category
2774,39,Female,Pants,Clothing,98,Arizona,S,Maroon,Spring,4.6,False,Express,False,False,45,Bank Transfer,Quarterly,90,4.055555555555555,397.44,45,True,4508,0,False,True,4.6,False,66.2,Gold,Entry-Point Category
2775,56,Female,Boots,Footwear,40,Oklahoma,L,Yellow,Fall,4.1,False,Standard,False,False,42,Credit Card,Quarterly,90,4.055555555555555,162.22,42,True,1720,0,False,False,4.1,False,49.3,Silver,Entry-Point Category
2776,37,Female,Socks,Clothing,25,Montana,L,Red,Fall,3.6,False,Free Shipping,False,False,16,Debit Card,Weekly,7,52.142857142857146,1303.57,16,False,425,0,False,False,3.6,False,52.8,Silver,Entry-Point Category
2777,46,Female,Scarf,Accessories,62,Wyoming,L,Green,Fall,2.9,False,Free Shipping,False,False,6,Bank Transfer,Annually,365,1.0,62.0,6,False,434,0,False,True,2.9,False,10.6,Bronze,Retention Category
2778,52,Female,Blouse,Clothing,24,Idaho,M,Magenta,Fall,4.8,False,Standard,False,False,28,Credit Card,Every 3 Months,90,4.055555555555555,97.33,28,False,696,0,False,False,4.8,False,43.0,Silver,Entry-Point Category
2779,70,Female,Belt,Accessories,57,Pennsylvania,L,Yellow,Spring,3.2,False,Standard,False,False,24,Credit Card,Bi-Weekly,14,26.071428571428573,1486.07,24,False,1425,0,False,False,3.2,False,56.0,Gold,Retention Category
2780,61,Female,Sunglasses,Accessories,66,Montana,L,Blue,Winter,4.3,False,Express,False,False,14,Credit Card,Fortnightly,14,26.071428571428573,1720.71,14,False,990,0,False,True,4.3,False,60.9,Gold,Retention Category
2781,33,Female,Boots,Footwear,70,Ohio,M,Charcoal,Winter,4.1,False,Next Day Air,False,False,29,PayPal,Fortnightly,14,26.071428571428573,1825.0,29,False,2100,0,False,True,4.1,False,69.4,Gold,Entry-Point Category
2782,65,Female,Sandals,Footwear,39,Mississippi,M,Blue,Spring,4.6,False,Standard,False,False,33,PayPal,Weekly,7,52.142857142857146,2033.57,33,False,1326,0,False,False,4.6,False,77.5,Gold,Entry-Point Category
2783,41,Female,Gloves,Accessories,34,Idaho,S,Cyan,Spring,3.8,False,Free Shipping,False,False,30,PayPal,Annually,365,1.0,34.0,30,False,1054,0,False,False,3.8,False,29.5,Bronze,Retention Category
2784,19,Female,Skirt,Clothing,38,Virginia,M,Silver,Spring,4.5,False,Next Day Air,False,False,26,Credit Card,Quarterly,90,4.055555555555555,154.11,26,False,1026,0,False,False,4.5,False,42.5,Silver,Entry-Point Category
2785,33,Female,Skirt,Clothing,70,Idaho,M,Black,Winter,3.1,False,Express,False,False,12,PayPal,Every 3 Months,90,4.055555555555555,283.89,12,False,910,0,False,True,3.1,False,28.3,Bronze,Entry-Point Category
2786,53,Female,Blouse,Clothing,80,Louisiana,S,Green,Summer,2.9,False,Next Day Air,False,False,13,Bank Transfer,Monthly,30,12.166666666666666,973.33,13,False,1120,0,False,True,2.9,False,41.5,Silver,Entry-Point Category
2787,54,Female,Handbag,Accessories,51,Colorado,M,Violet,Spring,3.8,False,Next Day Air,False,False,41,Debit Card,Every 3 Months,90,4.055555555555555,206.83,41,True,2142,0,False,False,3.8,False,47.8,Silver,Retention Category
2788,36,Female,Boots,Footwear,79,West Virginia,XL,Pink,Spring,4.1,False,Next Day Air,False,False,4,Venmo,Fortnightly,14,26.071428571428573,2059.64,4,False,395,0,False,True,4.1,False,56.2,Gold,Entry-Point Category
2789,56,Female,Boots,Footwear,92,Rhode Island,M,Olive,Summer,3.1,False,Free Shipping,False,False,2,Credit Card,Annually,365,1.0,92.0,2,False,276,0,False,True,3.1,False,12.5,Bronze,Entry-Point Category
2790,28,Female,Sweater,Clothing,85,North Carolina,L,Orange,Fall,5.0,False,Express,False,False,28,Credit Card,Bi-Weekly,14,26.071428571428573,2216.07,28,False,2465,0,False,True,5.0,False,78.8,Gold,Entry-Point Category
2791,34,Female,Socks,Clothing,63,Maine,M,Black,Spring,4.5,False,Free Shipping,False,False,24,Debit Card,Annually,365,1.0,63.0,24,False,1575,0,False,True,4.5,False,34.3,Silver,Entry-Point Category
2792,43,Female,Gloves,Accessories,60,Iowa,M,Yellow,Fall,2.8,False,Express,False,False,14,Venmo,Fortnightly,14,26.071428571428573,1564.29,14,False,900,0,False,True,2.8,False,47.4,Silver,Retention Category
2793,54,Female,Shorts,Clothing,44,Kentucky,L,Violet,Winter,3.2,False,Express,False,False,11,Credit Card,Weekly,7,52.142857142857146,2294.29,11,False,528,0,False,False,3.2,False,54.9,Silver,Entry-Point Category
2794,37,Female,Boots,Footwear,57,Massachusetts,M,Silver,Spring,3.1,False,Standard,False,False,27,Debit Card,Bi-Weekly,14,26.071428571428573,1486.07,27,False,1596,0,False,False,3.1,False,57.1,Gold,Entry-Point Category
2795,33,Female,Jacket,Outerwear,24,New York,M,Gold,Fall,3.3,False,Standard,False,False,7,Cash,Fortnightly,14,26.071428571428573,625.71,7,False,192,0,False,False,3.3,False,36.3,Silver,Entry-Point Category
2796,33,Female,Scarf,Accessories,35,Nebraska,M,Magenta,Winter,3.4,False,Store Pickup,False,False,49,PayPal,Annually,365,1.0,35.0,49,True,1750,0,False,False,3.4,False,37.7,Silver,Retention Category
2797,55,Female,Jacket,Outerwear,73,Oklahoma,M,Red,Winter,3.8,False,Store Pickup,False,False,21,Cash,Annually,365,1.0,73.0,21,False,1606,0,False,True,3.8,False,27.6,Bronze,Entry-Point Category
2798,63,Female,Jewelry,Accessories,42,Oklahoma,M,Green,Winter,3.5,False,Express,False,False,10,Venmo,Every 3 Months,90,4.055555555555555,170.33,10,False,462,0,False,False,3.5,False,25.5,Bronze,Retention Category
2799,52,Female,Hoodie,Clothing,20,Rhode Island,XL,Red,Winter,4.8,False,Store Pickup,False,False,37,PayPal,Weekly,7,52.142857142857146,1042.86,37,False,760,0,False,False,4.8,False,72.2,Gold,Entry-Point Category
2800,23,Female,T-shirt,Clothing,89,Maine,L,Pink,Spring,3.9,False,Free Shipping,False,False,9,Bank Transfer,Every 3 Months,90,4.055555555555555,360.94,9,False,890,0,False,True,3.9,False,37.0,Silver,Entry-Point Category
2801,70,Female,Shirt,Clothing,76,Arkansas,L,Violet,Fall,3.4,False,Free Shipping,False,False,14,Cash,Bi-Weekly,14,26.071428571428573,1981.43,14,False,1140,0,False,True,3.4,False,55.7,Gold,Entry-Point Category
2802,64,Female,Shirt,Clothing,56,New Mexico,M,Indigo,Winter,2.6,False,Express,False,False,30,PayPal,Annually,365,1.0,56.0,30,False,1736,0,False,False,2.6,False,21.9,Bronze,Entry-Point Category
2803,22,Female,Coat,Outerwear,100,Hawaii,L,Red,Fall,3.1,False,Store Pickup,False,False,42,Credit Card,Fortnightly,14,26.071428571428573,2607.14,42,True,4300,0,False,True,3.1,False,75.5,Gold,Entry-Point Category
2804,46,Female,T-shirt,Clothing,44,Idaho,M,Violet,Winter,3.3,False,Free Shipping,False,False,31,Bank Transfer,Monthly,30,12.166666666666666,535.33,31,False,1408,0,False,False,3.3,False,49.1,Silver,Entry-Point Category
2805,65,Female,Hoodie,Clothing,76,South Carolina,M,Cyan,Spring,2.8,False,Standard,False,False,48,Bank Transfer,Every 3 Months,90,4.055555555555555,308.22,48,True,3724,0,False,True,2.8,False,48.9,Silver,Entry-Point Category
2806,18,Female,Sunglasses,Accessories,97,Nevada,S,Black,Fall,4.3,False,Standard,False,False,48,Cash,Quarterly,90,4.055555555555555,393.39,48,True,4753,0,False,True,4.3,False,65.6,Gold,Retention Category
2807,45,Female,Blouse,Clothing,39,South Carolina,L,Purple,Spring,2.7,False,Standard,False,False,50,Credit Card,Annually,365,1.0,39.0,50,True,1989,0,False,False,2.7,False,33.1,Silver,Entry-Point Category
2808,56,Female,Hoodie,Clothing,100,Maryland,M,Charcoal,Spring,4.4,False,2-Day Shipping,False,False,10,Debit Card,Fortnightly,14,26.071428571428573,2607.14,10,False,1100,0,False,True,4.4,False,66.9,Gold,Entry-Point Category
2809,49,Female,Skirt,Clothing,62,Tennessee,M,Beige,Spring,3.9,False,Free Shipping,False,False,45,PayPal,Every 3 Months,90,4.055555555555555,251.44,45,True,2852,0,False,True,3.9,False,52.8,Silver,Entry-Point Category
2810,66,Female,Shorts,Clothing,98,Arkansas,XL,Teal,Summer,3.0,False,Standard,False,False,27,Debit Card,Quarterly,90,4.055555555555555,397.44,27,False,2744,0,False,True,3.0,False,42.6,Silver,Entry-Point Category
2811,27,Female,Jeans,Clothing,31,Arizona,M,Purple,Summer,4.0,False,Standard,False,False,10,Debit Card,Fortnightly,14,26.071428571428573,808.21,10,False,341,0,False,False,4.0,False,46.3,Silver,Entry-Point Category
2812,69,Female,Jacket,Outerwear,89,Ohio,M,Blue,Fall,3.7,False,Store Pickup,False,False,19,Credit Card,Quarterly,90,4.055555555555555,360.94,19,False,1780,0,False,True,3.7,False,41.1,Silver,Entry-Point Category
2813,66,Female,Hoodie,Clothing,91,North Dakota,XL,Magenta,Fall,3.8,False,Store Pickup,False,False,1,Credit Card,Every 3 Months,90,4.055555555555555,369.06,1,False,182,0,False,True,3.8,False,31.8,Silver,Entry-Point Category
2814,45,Female,Shirt,Clothing,50,Vermont,S,Maroon,Summer,3.3,False,2-Day Shipping,False,False,39,Debit Card,Quarterly,90,4.055555555555555,202.78,39,True,2000,0,False,False,3.3,False,42.4,Silver,Entry-Point Category
2815,31,Female,T-shirt,Clothing,32,Minnesota,L,Gold,Winter,3.6,False,Standard,False,False,14,Bank Transfer,Monthly,30,12.166666666666666,389.33,14,False,480,0,False,False,3.6,False,39.1,Silver,Entry-Point Category
2816,33,Female,Blouse,Clothing,67,Idaho,L,Black,Fall,3.9,False,Free Shipping,False,False,40,Venmo,Every 3 Months,90,4.055555555555555,271.72,40,True,2747,0,False,True,3.9,False,51.1,Silver,Entry-Point Category
2817,43,Female,Skirt,Clothing,28,Maryland,M,Black,Spring,3.5,False,Free Shipping,False,False,45,Venmo,Weekly,7,52.142857142857146,1460.0,45,True,1288,0,False,False,3.5,False,70.7,Gold,Entry-Point Category
2818,25,Female,Backpack,Accessories,65,South Carolina,XL,Yellow,Winter,3.4,False,Standard,False,False,6,Venmo,Weekly,7,52.142857142857146,3389.29,6,False,455,0,False,True,3.4,False,57.9,Gold,Retention Category
2819,46,Female,Shorts,Clothing,73,California,M,Turquoise,Fall,4.7,False,Next Day Air,False,False,12,Debit Card,Annually,365,1.0,73.0,12,False,949,0,False,True,4.7,False,29.5,Bronze,Entry-Point Category
2820,67,Female,Shirt,Clothing,27,Georgia,L,Lavender,Spring,3.0,False,Free Shipping,False,False,19,Cash,Monthly,30,12.166666666666666,328.5,19,False,540,0,False,False,3.0,False,34.0,Silver,Entry-Point Category
2821,26,Female,Backpack,Accessories,89,Vermont,L,Yellow,Summer,3.9,False,Free Shipping,False,False,5,Cash,Bi-Weekly,14,26.071428571428573,2320.36,5,False,534,0,False,True,3.9,False,57.4,Gold,Retention Category
2822,35,Female,Shoes,Footwear,72,Georgia,L,Olive,Summer,4.5,False,Standard,False,False,37,Venmo,Monthly,30,12.166666666666666,876.0,37,False,2736,0,False,True,4.5,False,67.5,Gold,Entry-Point Category
2823,61,Female,Skirt,Clothing,37,New Jersey,S,Brown,Fall,4.1,False,Standard,False,False,33,PayPal,Quarterly,90,4.055555555555555,150.06,33,False,1258,0,False,False,4.1,False,43.4,Silver,Entry-Point Category
2824,26,Female,Dress,Clothing,63,Utah,M,Olive,Summer,4.5,False,Standard,False,False,47,Debit Card,Bi-Weekly,14,26.071428571428573,1642.5,47,True,3024,0,False,True,4.5,False,81.5,Platinum,Entry-Point Category
2825,39,Female,Hat,Accessories,90,Utah,M,Purple,Fall,4.0,False,Free Shipping,False,False,49,Debit Card,Quarterly,90,4.055555555555555,365.0,49,True,4500,0,False,True,4.0,False,62.1,Gold,Retention Category
2826,69,Female,Handbag,Accessories,62,North Carolina,M,Yellow,Winter,4.3,False,2-Day Shipping,False,False,28,Bank Transfer,Annually,365,1.0,62.0,28,False,1798,0,False,True,4.3,False,35.1,Silver,Retention Category
2827,32,Female,Handbag,Accessories,43,Florida,L,Brown,Fall,3.6,False,Express,False,False,23,Venmo,Annually,365,1.0,43.0,23,False,1032,0,False,False,3.6,False,24.5,Bronze,Retention Category
2828,20,Female,Blouse,Clothing,96,Wisconsin,M,Magenta,Fall,3.1,False,Next Day Air,False,False,11,Bank Transfer,Bi-Weekly,14,26.071428571428573,2502.86,11,False,1152,0,False,True,3.1,False,56.0,Gold,Entry-Point Category
2829,25,Female,Scarf,Accessories,83,Tennessee,L,Lavender,Fall,2.6,False,Standard,False,False,33,PayPal,Quarterly,90,4.055555555555555,336.61,33,False,2822,0,False,True,2.6,False,40.0,Silver,Retention Category
2830,56,Female,Jewelry,Accessories,67,Arizona,XL,Teal,Fall,3.4,False,Next Day Air,False,False,47,Cash,Weekly,7,52.142857142857146,3493.57,47,True,3216,0,False,True,3.4,False,82.4,Platinum,Retention Category
2831,63,Female,Skirt,Clothing,90,Oregon,L,Cyan,Spring,2.9,False,Store Pickup,False,False,13,Venmo,Every 3 Months,90,4.055555555555555,365.0,13,False,1260,0,False,True,2.9,False,31.4,Silver,Entry-Point Category
2832,34,Female,Hoodie,Clothing,53,Virginia,L,Pink,Winter,5.0,False,Express,False,False,4,Credit Card,Weekly,7,52.142857142857146,2763.57,4,False,265,0,False,False,5.0,False,68.2,Gold,Entry-Point Category
2833,29,Female,Scarf,Accessories,37,Maryland,M,Magenta,Summer,4.6,False,Standard,False,False,40,PayPal,Quarterly,90,4.055555555555555,150.06,40,True,1517,0,False,False,4.6,False,51.4,Silver,Retention Category
2834,43,Female,Jeans,Clothing,56,Arkansas,M,Teal,Fall,3.3,False,Free Shipping,False,False,19,Cash,Monthly,30,12.166666666666666,681.33,19,False,1120,0,False,False,3.3,False,44.2,Silver,Entry-Point Category
2835,39,Female,Jacket,Outerwear,43,Texas,M,Indigo,Fall,2.9,False,2-Day Shipping,False,False,17,Credit Card,Weekly,7,52.142857142857146,2242.14,17,False,774,0,False,False,2.9,False,55.5,Gold,Entry-Point Category
2836,33,Female,T-shirt,Clothing,84,Vermont,S,Pink,Winter,4.9,False,Free Shipping,False,False,7,Venmo,Annually,365,1.0,84.0,7,False,672,0,False,True,4.9,False,29.3,Bronze,Entry-Point Category
2837,51,Female,Pants,Clothing,50,Wyoming,M,Charcoal,Winter,5.0,False,2-Day Shipping,False,False,21,Cash,Bi-Weekly,14,26.071428571428573,1303.57,21,False,1100,0,False,False,5.0,False,67.0,Gold,Entry-Point Category
2838,65,Female,Shoes,Footwear,88,Alabama,M,Brown,Summer,4.5,False,Express,False,False,44,PayPal,Weekly,7,52.142857142857146,4588.57,44,True,3960,0,False,True,4.5,False,91.1,Platinum,Entry-Point Category
2839,51,Female,Jacket,Outerwear,50,Maine,M,Blue,Fall,3.7,False,Free Shipping,False,False,2,Bank Transfer,Weekly,7,52.142857142857146,2607.14,2,False,150,0,False,False,3.7,False,56.3,Gold,Entry-Point Category
2840,70,Female,Scarf,Accessories,80,South Dakota,L,Teal,Summer,2.8,False,Store Pickup,False,False,30,Bank Transfer,Monthly,30,12.166666666666666,973.33,30,False,2480,0,False,True,2.8,False,50.9,Silver,Retention Category
2841,40,Female,T-shirt,Clothing,47,West Virginia,L,Pink,Spring,3.5,False,Store Pickup,False,False,41,Cash,Annually,365,1.0,47.0,41,True,1974,0,False,False,3.5,False,34.9,Silver,Entry-Point Category
2842,19,Female,Dress,Clothing,33,Ohio,XL,Magenta,Winter,3.0,False,2-Day Shipping,False,False,31,Cash,Weekly,7,52.142857142857146,1720.71,31,False,1056,0,False,False,3.0,False,60.6,Gold,Entry-Point Category
2843,28,Female,Coat,Outerwear,100,Arizona,L,Green,Fall,4.3,False,Standard,False,False,48,Debit Card,Quarterly,90,4.055555555555555,405.56,48,True,4900,0,False,True,4.3,False,66.4,Gold,Entry-Point Category
2844,51,Female,Sweater,Clothing,26,Ohio,M,White,Summer,3.6,False,Store Pickup,False,False,41,Venmo,Weekly,7,52.142857142857146,1355.71,41,True,1092,0,False,False,3.6,False,68.4,Gold,Entry-Point Category
2845,32,Female,Hat,Accessories,79,New Mexico,M,Indigo,Summer,4.4,False,Standard,False,False,42,Venmo,Annually,365,1.0,79.0,42,True,3397,0,False,True,4.4,False,45.6,Silver,Retention Category
2846,26,Female,Backpack,Accessories,77,South Dakota,L,Lavender,Summer,4.1,False,Express,False,False,39,Debit Card,Every 3 Months,90,4.055555555555555,312.28,39,True,3080,0,False,True,4.1,False,54.3,Silver,Retention Category
2847,50,Female,Socks,Clothing,36,Oklahoma,XL,Black,Fall,2.8,False,Next Day Air,False,False,15,PayPal,Bi-Weekly,14,26.071428571428573,938.57,15,False,576,0,False,False,2.8,False,41.4,Silver,Entry-Point Category
2848,68,Female,Jewelry,Accessories,21,Connecticut,L,Charcoal,Winter,2.8,False,Free Shipping,False,False,3,PayPal,Every 3 Months,90,4.055555555555555,85.17,3,False,84,0,False,False,2.8,False,10.0,Bronze,Retention Category
2849,33,Female,Boots,Footwear,72,Wisconsin,L,Gray,Fall,4.9,False,Store Pickup,False,False,28,Bank Transfer,Quarterly,90,4.055555555555555,292.0,28,False,2088,0,False,True,4.9,False,52.9,Silver,Entry-Point Category
2850,56,Female,Coat,Outerwear,25,New Hampshire,M,Gold,Spring,4.1,False,Express,False,False,27,PayPal,Bi-Weekly,14,26.071428571428573,651.79,27,False,700,0,False,False,4.1,False,55.3,Gold,Entry-Point Category
2851,57,Female,Sweater,Clothing,79,Nebraska,M,Silver,Spring,3.0,False,Store Pickup,False,False,36,Debit Card,Annually,365,1.0,79.0,36,False,2923,0,False,True,3.0,False,30.6,Silver,Entry-Point Category
2852,58,Female,Blouse,Clothing,73,Nevada,L,Teal,Summer,3.0,False,Store Pickup,False,False,42,Debit Card,Monthly,30,12.166666666666666,888.17,42,True,3139,0,False,True,3.0,False,58.5,Gold,Entry-Point Category
2853,40,Female,Belt,Accessories,71,New York,M,Magenta,Spring,3.0,False,Store Pickup,False,False,30,Venmo,Weekly,7,52.142857142857146,3702.14,30,False,2201,0,False,True,3.0,False,69.2,Gold,Retention Category
2854,37,Female,Hat,Accessories,48,Pennsylvania,M,Magenta,Winter,3.2,False,Next Day Air,False,False,9,PayPal,Weekly,7,52.142857142857146,2502.86,9,False,480,0,False,False,3.2,False,55.7,Gold,Retention Category
2855,36,Female,Sandals,Footwear,28,Delaware,M,Beige,Fall,2.7,False,Store Pickup,False,False,25,Venmo,Monthly,30,12.166666666666666,340.67,25,False,728,0,False,False,2.7,False,36.1,Silver,Entry-Point Category
2856,29,Female,Boots,Footwear,95,Mississippi,S,Maroon,Winter,3.8,False,2-Day Shipping,False,False,33,PayPal,Quarterly,90,4.055555555555555,385.28,33,False,3230,0,False,True,3.8,False,52.0,Silver,Entry-Point Category
2857,65,Female,Jacket,Outerwear,48,Iowa,M,Indigo,Winter,3.5,False,2-Day Shipping,False,False,31,Credit Card,Monthly,30,12.166666666666666,584.0,31,False,1536,0,False,False,3.5,False,51.6,Silver,Entry-Point Category
2858,44,Female,Dress,Clothing,93,Utah,S,Maroon,Spring,3.8,False,Next Day Air,False,False,35,Debit Card,Monthly,30,12.166666666666666,1131.5,35,False,3348,0,False,True,3.8,False,64.1,Gold,Entry-Point Category
2859,34,Female,Jeans,Clothing,87,Maryland,L,Teal,Summer,3.8,False,2-Day Shipping,False,False,46,Bank Transfer,Monthly,30,12.166666666666666,1058.5,46,True,4089,0,False,True,3.8,False,69.5,Gold,Entry-Point Category
2860,31,Female,Shorts,Clothing,32,Utah,L,Yellow,Fall,3.4,False,Express,False,False,29,Bank Transfer,Annually,365,1.0,32.0,29,False,960,0,False,False,3.4,False,25.5,Bronze,Entry-Point Category
2861,28,Female,Shirt,Clothing,38,Rhode Island,M,Gold,Spring,2.9,False,Next Day Air,False,False,49,Bank Transfer,Weekly,7,52.142857142857146,1981.43,49,True,1900,0,False,False,2.9,False,72.7,Gold,Entry-Point Category
2862,66,Female,Coat,Outerwear,54,Maryland,M,Teal,Fall,3.4,False,Free Shipping,False,False,27,Credit Card,Monthly,30,12.166666666666666,657.0,27,False,1512,0,False,False,3.4,False,49.6,Silver,Entry-Point Category
2863,68,Female,Coat,Outerwear,75,Hawaii,S,Violet,Summer,4.7,False,Store Pickup,False,False,5,Bank Transfer,Every 3 Months,90,4.055555555555555,304.17,5,False,450,0,False,True,4.7,False,38.4,Silver,Entry-Point Category
2864,37,Female,T-shirt,Clothing,56,Connecticut,M,Yellow,Fall,3.9,False,2-Day Shipping,False,False,18,Venmo,Monthly,30,12.166666666666666,681.33,18,False,1064,0,False,False,3.9,False,48.5,Silver,Entry-Point Category
2865,58,Female,Sweater,Clothing,43,Illinois,S,Maroon,Fall,3.6,False,Store Pickup,False,False,31,Venmo,Weekly,7,52.142857142857146,2242.14,31,False,1376,0,False,False,3.6,False,69.8,Gold,Entry-Point Category
2866,28,Female,Skirt,Clothing,97,California,M,Silver,Fall,3.7,False,Free Shipping,False,False,27,Cash,Fortnightly,14,26.071428571428573,2528.93,27,False,2716,0,False,True,3.7,False,70.7,Gold,Entry-Point Category
2867,54,Female,Blouse,Clothing,75,Connecticut,S,Violet,Summer,3.1,False,Free Shipping,False,False,19,Cash,Annually,365,1.0,75.0,19,False,1500,0,False,True,3.1,False,20.7,Bronze,Entry-Point Category
2868,21,Female,Sneakers,Footwear,55,Colorado,L,White,Summer,4.9,False,Next Day Air,False,False,33,Cash,Fortnightly,14,26.071428571428573,1433.93,33,False,1870,0,False,False,4.9,False,74.9,Gold,Entry-Point Category
2869,45,Female,Backpack,Accessories,49,Colorado,M,Black,Winter,2.6,False,Next Day Air,False,False,42,PayPal,Every 3 Months,90,4.055555555555555,198.72,42,True,2107,0,False,False,2.6,False,38.5,Silver,Retention Category
2870,57,Female,Socks,Clothing,58,Georgia,M,White,Summer,4.2,False,Standard,False,False,16,Bank Transfer,Weekly,7,52.142857142857146,3024.29,16,False,986,0,False,False,4.2,False,69.6,Gold,Entry-Point Category
2871,47,Female,Jewelry,Accessories,34,North Dakota,M,Blue,Winter,4.8,False,Free Shipping,False,False,49,Debit Card,Every 3 Months,90,4.055555555555555,137.89,49,True,1700,0,False,False,4.8,False,57.8,Gold,Retention Category
2872,46,Female,Shorts,Clothing,43,Idaho,S,Black,Summer,2.7,False,2-Day Shipping,False,False,40,Venmo,Bi-Weekly,14,26.071428571428573,1121.07,40,True,1763,0,False,False,2.7,False,58.1,Gold,Entry-Point Category
2873,63,Female,Jewelry,Accessories,48,Connecticut,L,Olive,Fall,2.6,False,Next Day Air,False,False,5,Cash,Annually,365,1.0,48.0,5,False,288,0,False,False,2.6,False,6.3,Bronze,Retention Category
2874,44,Female,Sweater,Clothing,40,Montana,M,Teal,Spring,2.6,False,Free Shipping,False,False,8,Bank Transfer,Monthly,30,12.166666666666666,486.67,8,False,360,0,False,False,2.6,False,29.3,Bronze,Entry-Point Category
2875,36,Female,Shirt,Clothing,29,Colorado,L,Silver,Summer,3.1,False,Standard,False,False,2,Debit Card,Annually,365,1.0,29.0,2,False,87,0,False,False,3.1,False,6.5,Bronze,Entry-Point Category
2876,24,Female,Pants,Clothing,81,Kentucky,M,Pink,Fall,2.6,False,Free Shipping,False,False,14,Debit Card,Weekly,7,52.142857142857146,4223.57,14,False,1215,0,False,True,2.6,False,57.3,Gold,Entry-Point Category
2877,65,Female,Hoodie,Clothing,84,New Mexico,M,Charcoal,Spring,3.4,False,2-Day Shipping,False,False,5,Bank Transfer,Fortnightly,14,26.071428571428573,2190.0,5,False,504,0,False,True,3.4,False,52.2,Silver,Entry-Point Category
2878,32,Female,Socks,Clothing,46,New Jersey,M,Silver,Summer,3.6,False,Standard,False,False,34,Venmo,Monthly,30,12.166666666666666,559.67,34,False,1610,0,False,False,3.6,False,53.9,Silver,Entry-Point Category
2879,63,Female,Dress,Clothing,86,California,L,Turquoise,Summer,4.3,False,Next Day Air,False,False,13,Bank Transfer,Annually,365,1.0,86.0,13,False,1204,0,False,True,4.3,False,28.3,Bronze,Entry-Point Category
2880,62,Female,Blouse,Clothing,57,North Dakota,XL,Turquoise,Winter,4.9,False,Free Shipping,False,False,31,Venmo,Annually,365,1.0,57.0,31,False,1824,0,False,False,4.9,False,41.1,Silver,Entry-Point Category
2881,19,Female,Skirt,Clothing,61,Florida,L,Beige,Winter,4.8,False,Store Pickup,False,False,43,PayPal,Quarterly,90,4.055555555555555,247.39,43,True,2684,0,False,True,4.8,False,58.8,Gold,Entry-Point Category
2882,38,Female,Backpack,Accessories,90,Texas,M,Cyan,Winter,4.2,False,Free Shipping,False,False,6,Bank Transfer,Annually,365,1.0,90.0,6,False,630,0,False,True,4.2,False,24.1,Bronze,Retention Category
2883,59,Female,Blouse,Clothing,51,Oklahoma,L,Gold,Winter,2.6,False,Store Pickup,False,False,23,Credit Card,Bi-Weekly,14,26.071428571428573,1329.64,23,False,1224,0,False,False,2.6,False,49.3,Silver,Entry-Point Category
2884,22,Female,Socks,Clothing,48,Rhode Island,XL,Silver,Spring,3.2,False,Standard,False,False,10,PayPal,Weekly,7,52.142857142857146,2502.86,10,False,528,0,False,False,3.2,False,56.2,Gold,Entry-Point Category
2885,55,Female,Boots,Footwear,50,Arkansas,M,Purple,Summer,3.4,False,2-Day Shipping,False,False,47,Credit Card,Every 3 Months,90,4.055555555555555,202.78,47,True,2400,0,False,False,3.4,False,48.0,Silver,Entry-Point Category
2886,29,Female,Backpack,Accessories,82,Nevada,M,Yellow,Summer,3.5,False,Next Day Air,False,False,14,Credit Card,Bi-Weekly,14,26.071428571428573,2137.86,14,False,1230,0,False,True,3.5,False,57.8,Gold,Retention Category
2887,42,Female,Hat,Accessories,33,Utah,L,Blue,Spring,4.2,False,Free Shipping,False,False,29,PayPal,Weekly,7,52.142857142857146,1720.71,29,False,990,0,False,False,4.2,False,69.2,Gold,Retention Category
2888,23,Female,Sandals,Footwear,28,Kentucky,L,Blue,Winter,2.8,False,Express,False,False,12,Cash,Bi-Weekly,14,26.071428571428573,730.0,12,False,364,0,False,False,2.8,False,36.6,Silver,Entry-Point Category
2889,70,Female,Hoodie,Clothing,42,Wisconsin,L,Green,Spring,5.0,False,2-Day Shipping,False,False,25,Debit Card,Quarterly,90,4.055555555555555,170.33,25,False,1092,0,False,False,5.0,False,46.4,Silver,Entry-Point Category
2890,64,Female,Sunglasses,Accessories,43,Minnesota,M,Charcoal,Fall,3.3,False,Store Pickup,False,False,21,Venmo,Annually,365,1.0,43.0,21,False,946,0,False,False,3.3,False,20.9,Bronze,Retention Category
2891,39,Female,Jeans,Clothing,55,North Dakota,M,Violet,Winter,3.7,False,Free Shipping,False,False,23,Credit Card,Monthly,30,12.166666666666666,669.17,23,False,1320,0,False,False,3.7,False,49.6,Silver,Entry-Point Category
2892,47,Female,T-shirt,Clothing,73,Ohio,XL,Black,Winter,2.5,False,Free Shipping,False,False,10,PayPal,Monthly,30,12.166666666666666,888.17,10,False,803,0,False,True,2.5,True,35.5,Silver,Entry-Point Category
2893,22,Female,Dress,Clothing,39,Nevada,M,Teal,Spring,3.2,False,Standard,False,False,47,Credit Card,Monthly,30,12.166666666666666,474.5,47,True,1872,0,False,False,3.2,False,57.2,Gold,Entry-Point Category
2894,69,Female,Belt,Accessories,20,Kentucky,S,Orange,Spring,3.1,False,Free Shipping,False,False,44,Debit Card,Every 3 Months,90,4.055555555555555,81.11,44,True,900,0,False,False,3.1,False,36.3,Silver,Retention Category
2895,35,Female,Jewelry,Accessories,32,Kentucky,S,Brown,Spring,3.5,False,Standard,False,False,41,Venmo,Annually,365,1.0,32.0,41,True,1344,0,False,False,3.5,False,33.5,Silver,Retention Category
2896,56,Female,Hoodie,Clothing,86,Montana,L,Green,Summer,4.6,False,Standard,False,False,29,Bank Transfer,Monthly,30,12.166666666666666,1046.33,29,False,2580,0,False,True,4.6,False,65.9,Gold,Entry-Point Category
2897,30,Female,Blouse,Clothing,91,Delaware,M,Silver,Summer,3.3,False,Free Shipping,False,False,2,Venmo,Every 3 Months,90,4.055555555555555,369.06,2,False,273,0,False,True,3.3,False,28.3,Bronze,Entry-Point Category
2898,43,Female,Jacket,Outerwear,59,Montana,L,Violet,Fall,2.5,False,Free Shipping,False,False,2,Cash,Fortnightly,14,26.071428571428573,1538.21,2,False,177,0,False,False,2.5,True,37.8,Silver,Entry-Point Category
2899,23,Female,Sneakers,Footwear,33,New Jersey,XL,Peach,Summer,4.6,False,Express,False,False,29,Credit Card,Annually,365,1.0,33.0,29,False,990,0,False,False,4.6,False,35.3,Silver,Entry-Point Category
2900,50,Female,Boots,Footwear,64,Nebraska,M,Gold,Spring,4.2,False,2-Day Shipping,False,False,22,Bank Transfer,Fortnightly,14,26.071428571428573,1668.57,22,False,1472,0,False,True,4.2,False,64.4,Gold,Entry-Point Category
2901,41,Female,Blouse,Clothing,67,Maryland,XL,Violet,Winter,4.0,False,Standard,False,False,23,Cash,Bi-Weekly,14,26.071428571428573,1746.79,23,False,1608,0,False,True,4.0,False,64.1,Gold,Entry-Point Category
2902,41,Female,Blouse,Clothing,43,Alabama,L,Olive,Winter,2.6,False,Free Shipping,False,False,46,Credit Card,Quarterly,90,4.055555555555555,174.39,46,True,2021,0,False,False,2.6,False,40.0,Silver,Entry-Point Category
2903,27,Female,Boots,Footwear,32,North Carolina,S,Orange,Spring,4.6,False,Standard,False,False,19,PayPal,Bi-Weekly,14,26.071428571428573,834.29,19,False,640,0,False,False,4.6,False,56.8,Gold,Entry-Point Category
2904,38,Female,Scarf,Accessories,39,Delaware,S,Teal,Spring,3.5,False,2-Day Shipping,False,False,24,Credit Card,Every 3 Months,90,4.055555555555555,158.17,24,False,975,0,False,False,3.5,False,33.3,Silver,Retention Category
2905,41,Female,Sandals,Footwear,41,Iowa,M,Gray,Spring,4.0,False,2-Day Shipping,False,False,43,Venmo,Monthly,30,12.166666666666666,498.83,43,True,1804,0,False,False,4.0,False,61.6,Gold,Entry-Point Category
2906,58,Female,Sunglasses,Accessories,53,New York,L,Black,Winter,4.8,False,Standard,False,False,14,Debit Card,Fortnightly,14,26.071428571428573,1381.79,14,False,795,0,False,False,4.8,False,62.1,Gold,Retention Category
2907,58,Female,Coat,Outerwear,27,Virginia,M,Indigo,Spring,3.9,False,Standard,False,False,7,Venmo,Annually,365,1.0,27.0,7,False,216,0,False,False,3.9,False,16.1,Bronze,Entry-Point Category
2908,19,Female,Sunglasses,Accessories,82,Maryland,XL,Lavender,Summer,3.7,False,Next Day Air,False,False,50,PayPal,Bi-Weekly,14,26.071428571428573,2137.86,50,True,4182,0,False,True,3.7,False,80.9,Platinum,Retention Category
2909,43,Female,Blouse,Clothing,87,Texas,M,Beige,Winter,3.1,False,Store Pickup,False,False,15,Debit Card,Every 3 Months,90,4.055555555555555,352.83,15,False,1392,0,False,True,3.1,False,33.7,Silver,Entry-Point Category
2910,27,Female,Backpack,Accessories,78,Louisiana,M,Indigo,Winter,3.0,False,Next Day Air,False,False,40,Credit Card,Every 3 Months,90,4.055555555555555,316.33,40,True,3198,0,False,True,3.0,False,46.2,Silver,Retention Category
2911,32,Female,Belt,Accessories,32,Mississippi,M,Blue,Summer,2.9,False,Store Pickup,False,False,41,Credit Card,Monthly,30,12.166666666666666,389.33,41,True,1344,0,False,False,2.9,False,49.6,Silver,Retention Category
2912,28,Female,Socks,Clothing,38,Ohio,XL,Orange,Fall,2.9,False,Next Day Air,False,False,34,Venmo,Quarterly,90,4.055555555555555,154.11,34,False,1330,0,False,False,2.9,False,34.4,Silver,Entry-Point Category
2913,48,Female,Shoes,Footwear,37,Oregon,M,Yellow,Winter,4.0,False,Standard,False,False,27,Cash,Bi-Weekly,14,26.071428571428573,964.64,27,False,1036,0,False,False,4.0,False,58.8,Gold,Entry-Point Category
2914,43,Female,Coat,Outerwear,83,Wyoming,L,Cyan,Winter,3.5,False,Express,False,False,12,Cash,Every 3 Months,90,4.055555555555555,336.61,12,False,1079,0,False,True,3.5,False,34.4,Silver,Entry-Point Category
2915,45,Female,Sweater,Clothing,72,Pennsylvania,M,Yellow,Fall,3.8,False,Express,False,False,1,Debit Card,Bi-Weekly,14,26.071428571428573,1877.14,1,False,144,0,False,True,3.8,False,50.4,Silver,Entry-Point Category
2916,26,Female,Shirt,Clothing,30,Oregon,M,Cyan,Fall,4.5,False,Express,False,False,39,Debit Card,Bi-Weekly,14,26.071428571428573,782.14,39,True,1200,0,False,False,4.5,False,67.4,Gold,Entry-Point Category
2917,62,Female,Shorts,Clothing,66,Oklahoma,M,Green,Winter,2.7,False,Express,False,False,13,Credit Card,Bi-Weekly,14,26.071428571428573,1720.71,13,False,924,0,False,True,2.7,False,47.3,Silver,Entry-Point Category
2918,58,Female,Shirt,Clothing,45,Colorado,XL,White,Winter,2.9,False,Store Pickup,False,False,50,Venmo,Annually,365,1.0,45.0,50,True,2295,0,False,False,2.9,False,35.2,Silver,Entry-Point Category
2919,19,Female,Sunglasses,Accessories,73,New York,S,Black,Fall,4.9,False,Free Shipping,False,False,36,Cash,Weekly,7,52.142857142857146,3806.43,36,False,2701,0,False,True,4.9,False,88.4,Platinum,Retention Category
2920,64,Female,Shoes,Footwear,67,Minnesota,L,Charcoal,Winter,3.8,False,Standard,False,False,31,Debit Card,Monthly,30,12.166666666666666,815.17,31,False,2144,0,False,True,3.8,False,57.4,Gold,Entry-Point Category
2921,33,Female,Sunglasses,Accessories,72,Texas,XL,Brown,Spring,4.9,False,Free Shipping,False,False,3,Debit Card,Bi-Weekly,14,26.071428571428573,1877.14,3,False,288,0,False,True,4.9,False,60.5,Gold,Retention Category
2922,20,Female,Handbag,Accessories,24,Wisconsin,M,Cyan,Fall,4.6,False,Standard,False,False,11,Cash,Fortnightly,14,26.071428571428573,625.71,11,False,288,0,False,False,4.6,False,49.1,Silver,Retention Category
2923,45,Female,Sunglasses,Accessories,68,Kentucky,L,Beige,Winter,3.5,False,Express,False,False,16,PayPal,Quarterly,90,4.055555555555555,275.78,16,False,1156,0,False,True,3.5,False,33.6,Silver,Retention Category
2924,28,Female,Shirt,Clothing,70,Pennsylvania,M,Magenta,Spring,4.2,False,2-Day Shipping,False,False,12,Cash,Quarterly,90,4.055555555555555,283.89,12,False,910,0,False,True,4.2,False,37.3,Silver,Entry-Point Category
2925,47,Female,Shirt,Clothing,64,Rhode Island,L,Indigo,Winter,3.7,False,Free Shipping,False,False,37,Debit Card,Every 3 Months,90,4.055555555555555,259.56,37,False,2432,0,False,True,3.7,False,47.0,Silver,Entry-Point Category
2926,54,Female,Sweater,Clothing,91,Illinois,M,Maroon,Spring,2.8,False,Store Pickup,False,False,43,Credit Card,Every 3 Months,90,4.055555555555555,369.06,43,True,4004,0,False,True,2.8,False,48.9,Silver,Entry-Point Category
2927,64,Female,Handbag,Accessories,82,Maryland,M,Gray,Winter,4.8,False,2-Day Shipping,False,False,9,Cash,Weekly,7,52.142857142857146,4275.71,9,False,820,0,False,True,4.8,False,72.1,Gold,Retention Category
2928,45,Female,Shirt,Clothing,24,Missouri,M,Black,Summer,2.7,False,Express,False,False,15,Venmo,Bi-Weekly,14,26.071428571428573,625.71,15,False,384,0,False,False,2.7,False,36.2,Silver,Entry-Point Category
2929,40,Female,Jewelry,Accessories,80,Alabama,L,Yellow,Spring,3.6,False,Store Pickup,False,False,17,Credit Card,Weekly,7,52.142857142857146,4171.43,17,False,1440,0,False,True,3.6,False,66.9,Gold,Retention Category
2930,31,Female,Socks,Clothing,53,Maine,XL,White,Winter,4.5,False,Next Day Air,False,False,42,Venmo,Fortnightly,14,26.071428571428573,1381.79,42,True,2279,0,False,False,4.5,False,76.5,Gold,Entry-Point Category
2931,38,Female,T-shirt,Clothing,50,Mississippi,M,Orange,Spring,4.0,False,Free Shipping,False,False,14,Venmo,Monthly,30,12.166666666666666,608.33,14,False,750,0,False,False,4.0,False,45.8,Silver,Entry-Point Category
2932,36,Female,Jewelry,Accessories,31,Alabama,M,Magenta,Fall,4.5,False,2-Day Shipping,False,False,49,Credit Card,Bi-Weekly,14,26.071428571428573,808.21,49,True,1550,0,False,False,4.5,False,73.7,Gold,Retention Category
2933,65,Female,Backpack,Accessories,88,Alaska,L,Black,Spring,3.9,False,Express,False,False,3,PayPal,Quarterly,90,4.055555555555555,356.89,3,False,352,0,False,True,3.9,False,33.2,Silver,Retention Category
2934,27,Female,Hat,Accessories,52,Illinois,M,Brown,Summer,3.8,False,Standard,False,False,28,Venmo,Monthly,30,12.166666666666666,632.67,28,False,1508,0,False,False,3.8,False,53.0,Silver,Retention Category
2935,38,Female,Gloves,Accessories,22,Idaho,M,Orange,Fall,4.7,False,Next Day Air,False,False,41,Bank Transfer,Quarterly,90,4.055555555555555,89.22,41,True,924,0,False,False,4.7,False,48.7,Silver,Retention Category
2936,58,Female,Sneakers,Footwear,27,North Carolina,XL,Gray,Spring,4.6,False,Standard,False,False,11,Venmo,Weekly,7,52.142857142857146,1407.86,11,False,324,0,False,False,4.6,False,58.9,Gold,Entry-Point Category
2937,31,Female,Skirt,Clothing,34,Washington,M,White,Spring,3.6,False,Express,False,False,46,PayPal,Weekly,7,52.142857142857146,1772.86,46,True,1598,0,False,False,3.6,False,74.8,Gold,Entry-Point Category
2938,28,Female,Handbag,Accessories,39,West Virginia,M,White,Spring,4.3,False,2-Day Shipping,False,False,15,Credit Card,Weekly,7,52.142857142857146,2033.57,15,False,624,0,False,False,4.3,False,64.2,Gold,Retention Category
2939,28,Female,Sunglasses,Accessories,53,Maine,M,Violet,Fall,3.0,False,Standard,False,False,15,Cash,Monthly,30,12.166666666666666,644.83,15,False,848,0,False,False,3.0,False,38.9,Silver,Retention Category
2940,32,Female,Sweater,Clothing,46,Kentucky,M,Beige,Winter,4.3,False,Express,False,False,34,Venmo,Weekly,7,52.142857142857146,2398.57,34,False,1610,0,False,False,4.3,False,79.0,Gold,Entry-Point Category
2941,61,Female,Handbag,Accessories,85,Massachusetts,L,Beige,Summer,4.8,False,Next Day Air,False,False,13,Cash,Monthly,30,12.166666666666666,1034.17,13,False,1190,0,False,True,4.8,False,57.5,Gold,Retention Category
2942,38,Female,Skirt,Clothing,86,Pennsylvania,L,Purple,Spring,3.7,False,Free Shipping,False,False,27,PayPal,Monthly,30,12.166666666666666,1046.33,27,False,2408,0,False,True,3.7,False,57.3,Gold,Entry-Point Category
2943,54,Female,Socks,Clothing,63,Hawaii,M,Brown,Summer,2.6,False,Free Shipping,False,False,37,Bank Transfer,Weekly,7,52.142857142857146,3285.0,37,False,2394,0,False,True,2.6,False,69.8,Gold,Entry-Point Category
2944,29,Female,Shirt,Clothing,44,Virginia,M,Orange,Spring,3.4,False,Standard,False,False,37,Credit Card,Monthly,30,12.166666666666666,535.33,37,False,1672,0,False,False,3.4,False,53.6,Silver,Entry-Point Category
2945,50,Female,Sneakers,Footwear,95,New York,XL,Cyan,Summer,3.9,False,Free Shipping,False,False,4,Venmo,Every 3 Months,90,4.055555555555555,385.28,4,False,475,0,False,True,3.9,False,35.4,Silver,Entry-Point Category
2946,32,Female,Belt,Accessories,49,Delaware,M,Charcoal,Summer,4.8,False,Free Shipping,False,False,1,Credit Card,Every 3 Months,90,4.055555555555555,198.72,1,False,98,0,False,False,4.8,False,31.6,Silver,Retention Category
2947,38,Female,Pants,Clothing,77,Hawaii,L,Purple,Spring,2.8,False,Free Shipping,False,False,29,Bank Transfer,Quarterly,90,4.055555555555555,312.28,29,False,2310,0,False,True,2.8,False,37.7,Silver,Entry-Point Category
2948,52,Female,Jewelry,Accessories,63,Nebraska,L,Peach,Spring,4.4,False,Standard,False,False,50,Venmo,Annually,365,1.0,63.0,50,True,3213,0,False,True,4.4,False,49.1,Silver,Retention Category
2949,61,Female,Pants,Clothing,83,Vermont,M,Violet,Winter,3.1,False,Standard,False,False,38,Debit Card,Bi-Weekly,14,26.071428571428573,2163.93,38,True,3237,0,False,True,3.1,False,69.2,Gold,Entry-Point Category
2950,25,Female,Jewelry,Accessories,93,Iowa,M,Peach,Spring,3.8,False,Store Pickup,False,False,15,PayPal,Annually,365,1.0,93.0,15,False,1488,0,False,True,3.8,False,26.1,Bronze,Retention Category
2951,22,Female,Jeans,Clothing,91,Iowa,S,Maroon,Winter,4.1,False,2-Day Shipping,False,False,44,Debit Card,Every 3 Months,90,4.055555555555555,369.06,44,True,4095,0,False,True,4.1,False,60.1,Gold,Entry-Point Category
2952,47,Female,Scarf,Accessories,99,Arkansas,L,Maroon,Fall,4.6,False,Free Shipping,False,False,14,Cash,Weekly,7,52.142857142857146,5162.14,14,False,1485,0,False,True,4.6,False,75.0,Gold,Retention Category
2953,50,Female,Belt,Accessories,24,Alabama,M,Peach,Spring,4.9,False,Next Day Air,False,False,5,Debit Card,Monthly,30,12.166666666666666,292.0,5,False,144,0,False,False,4.9,False,39.2,Silver,Retention Category
2954,45,Female,Dress,Clothing,82,Maryland,M,Silver,Summer,4.8,False,Next Day Air,False,False,11,Credit Card,Annually,365,1.0,82.0,11,False,984,0,False,True,4.8,False,30.5,Silver,Entry-Point Category
2955,33,Female,T-shirt,Clothing,28,South Dakota,M,Indigo,Winter,3.9,False,Express,False,False,15,Credit Card,Annually,365,1.0,28.0,15,False,448,0,False,False,3.9,False,20.7,Bronze,Entry-Point Category
2956,42,Female,Boots,Footwear,67,Vermont,M,Silver,Winter,2.6,False,Free Shipping,False,False,46,Credit Card,Annually,365,1.0,67.0,46,True,3149,0,False,True,2.6,False,32.4,Silver,Entry-Point Category
2957,52,Female,Dress,Clothing,88,Montana,M,Olive,Fall,3.7,False,Standard,False,False,30,Venmo,Monthly,30,12.166666666666666,1070.67,30,False,2728,0,False,True,3.7,False,59.5,Gold,Entry-Point Category
2958,69,Female,Jewelry,Accessories,70,South Dakota,S,Gray,Fall,4.7,False,Standard,False,False,2,Cash,Annually,365,1.0,70.0,2,False,210,0,False,True,4.7,False,23.2,Bronze,Retention Category
2959,55,Female,Skirt,Clothing,100,Ohio,M,Black,Summer,4.5,False,Standard,False,False,28,PayPal,Monthly,30,12.166666666666666,1216.67,28,False,2900,0,False,True,4.5,False,66.8,Gold,Entry-Point Category
2960,38,Female,Handbag,Accessories,28,Texas,L,Maroon,Summer,4.7,False,Free Shipping,False,False,9,PayPal,Quarterly,90,4.055555555555555,113.56,9,False,280,0,False,False,4.7,False,31.9,Silver,Retention Category
2961,57,Female,Coat,Outerwear,48,Indiana,S,Olive,Spring,3.6,False,Standard,False,False,47,Credit Card,Weekly,7,52.142857142857146,2502.86,47,True,2304,0,False,False,3.6,False,81.6,Platinum,Entry-Point Category
2962,33,Female,Hoodie,Clothing,43,New Hampshire,S,Gold,Fall,2.8,False,Free Shipping,False,False,21,Debit Card,Bi-Weekly,14,26.071428571428573,1121.07,21,False,946,0,False,False,2.8,False,47.4,Silver,Entry-Point Category
2963,57,Female,Pants,Clothing,40,California,L,Pink,Fall,4.0,False,Express,False,False,42,Credit Card,Every 3 Months,90,4.055555555555555,162.22,42,True,1720,0,False,False,4.0,False,48.5,Silver,Entry-Point Category
2964,52,Female,Boots,Footwear,97,Maine,M,Brown,Spring,3.6,False,Free Shipping,False,False,28,Credit Card,Weekly,7,52.142857142857146,5057.86,28,False,2813,0,False,True,3.6,False,75.1,Gold,Entry-Point Category
2965,44,Female,Coat,Outerwear,25,Ohio,S,White,Fall,3.8,False,2-Day Shipping,False,False,13,Venmo,Fortnightly,14,26.071428571428573,651.79,13,False,350,0,False,False,3.8,False,44.2,Silver,Entry-Point Category
2966,48,Female,Scarf,Accessories,45,Delaware,M,Blue,Summer,4.4,False,Standard,False,False,25,PayPal,Fortnightly,14,26.071428571428573,1173.21,25,False,1170,0,False,False,4.4,False,63.7,Gold,Retention Category
2967,52,Female,Boots,Footwear,49,Oklahoma,L,Orange,Fall,2.8,False,Store Pickup,False,False,38,Debit Card,Every 3 Months,90,4.055555555555555,198.72,38,True,1911,0,False,False,2.8,False,37.7,Silver,Entry-Point Category
2968,34,Female,Sneakers,Footwear,36,Indiana,L,Silver,Summer,3.4,False,Free Shipping,False,False,40,Venmo,Annually,365,1.0,36.0,40,True,1476,0,False,False,3.4,False,32.4,Silver,Entry-Point Category
2969,26,Female,Sweater,Clothing,48,South Carolina,S,Gray,Fall,4.9,False,Express,False,False,25,Cash,Every 3 Months,90,4.055555555555555,194.67,25,False,1248,0,False,False,4.9,False,46.7,Silver,Entry-Point Category
2970,36,Female,Belt,Accessories,62,Vermont,S,Blue,Fall,4.3,False,Next Day Air,False,False,20,Cash,Every 3 Months,90,4.055555555555555,251.44,20,False,1302,0,False,True,4.3,False,41.2,Silver,Retention Category
2971,24,Female,Jewelry,Accessories,74,Kansas,M,White,Winter,3.4,False,Free Shipping,False,False,44,Credit Card,Bi-Weekly,14,26.071428571428573,1929.29,44,True,3330,0,False,True,3.4,False,73.3,Gold,Retention Category
2972,30,Female,Handbag,Accessories,100,Utah,L,Yellow,Fall,3.9,False,Next Day Air,False,False,9,PayPal,Every 3 Months,90,4.055555555555555,405.56,9,False,1000,0,False,True,3.9,False,39.6,Silver,Retention Category
2973,31,Female,Jacket,Outerwear,39,New York,S,Indigo,Fall,4.2,False,Free Shipping,False,False,11,Venmo,Every 3 Months,90,4.055555555555555,158.17,11,False,468,0,False,False,4.2,False,31.3,Silver,Entry-Point Category
2974,25,Female,Boots,Footwear,65,Indiana,M,Blue,Summer,2.7,False,Store Pickup,False,False,3,Bank Transfer,Fortnightly,14,26.071428571428573,1694.64,3,False,260,0,False,True,2.7,False,41.0,Silver,Entry-Point Category
2975,57,Female,Sneakers,Footwear,99,Tennessee,XL,Peach,Summer,4.1,False,Store Pickup,False,False,34,Credit Card,Weekly,7,52.142857142857146,5162.14,34,False,3465,0,False,True,4.1,False,83.2,Platinum,Entry-Point Category
2976,61,Female,Scarf,Accessories,68,Georgia,XL,Lavender,Winter,4.5,False,2-Day Shipping,False,False,48,Cash,Every 3 Months,90,4.055555555555555,275.78,48,True,3332,0,False,True,4.5,False,61.0,Gold,Retention Category
2977,30,Female,Coat,Outerwear,97,Nebraska,M,Silver,Summer,2.8,False,Express,False,False,28,Cash,Fortnightly,14,26.071428571428573,2528.93,28,False,2813,0,False,True,2.8,False,64.1,Gold,Entry-Point Category
2978,38,Female,Shorts,Clothing,47,Washington,L,Gold,Winter,3.4,False,Standard,False,False,20,Venmo,Annually,365,1.0,47.0,20,False,987,0,False,False,3.4,False,21.4,Bronze,Entry-Point Category
2979,53,Female,Shorts,Clothing,56,Idaho,S,Cyan,Spring,3.9,False,Free Shipping,False,False,49,Bank Transfer,Fortnightly,14,26.071428571428573,1460.0,49,True,2800,0,False,False,3.9,False,76.5,Gold,Entry-Point Category
2980,31,Female,Jeans,Clothing,91,Louisiana,L,Olive,Fall,2.6,False,Next Day Air,False,False,14,PayPal,Weekly,7,52.142857142857146,4745.0,14,False,1365,0,False,True,2.6,False,58.2,Gold,Entry-Point Category
2981,70,Female,Gloves,Accessories,93,New Jersey,L,Teal,Fall,4.4,False,2-Day Shipping,False,False,9,Bank Transfer,Monthly,30,12.166666666666666,1131.5,9,False,930,0,False,True,4.4,False,53.4,Silver,Retention Category
2982,21,Female,Pants,Clothing,36,Delaware,L,Pink,Winter,4.9,False,Standard,False,False,37,Venmo,Annually,365,1.0,36.0,37,False,1368,0,False,False,4.9,False,42.8,Silver,Entry-Point Category
2983,33,Female,Dress,Clothing,45,Wisconsin,M,Orange,Summer,3.6,False,Store Pickup,False,False,4,Credit Card,Weekly,7,52.142857142857146,2346.43,4,False,225,0,False,False,3.6,False,54.5,Silver,Entry-Point Category
2984,60,Female,Pants,Clothing,44,West Virginia,M,Charcoal,Winter,2.8,False,2-Day Shipping,False,False,1,Credit Card,Quarterly,90,4.055555555555555,178.44,1,False,88,0,False,False,2.8,False,14.7,Bronze,Entry-Point Category
2985,45,Female,Gloves,Accessories,32,Texas,L,Red,Spring,4.3,False,2-Day Shipping,False,False,36,Debit Card,Bi-Weekly,14,26.071428571428573,834.29,36,False,1184,0,False,False,4.3,False,64.9,Gold,Retention Category
2986,46,Female,Belt,Accessories,36,Hawaii,S,Teal,Summer,3.0,False,Express,False,False,21,Cash,Bi-Weekly,14,26.071428571428573,938.57,21,False,792,0,False,False,3.0,False,46.6,Silver,Retention Category
2987,62,Female,Belt,Accessories,85,Arizona,S,Silver,Summer,3.3,False,2-Day Shipping,False,False,16,Credit Card,Monthly,30,12.166666666666666,1034.17,16,False,1445,0,False,True,3.3,False,47.2,Silver,Retention Category
2988,63,Female,Skirt,Clothing,36,Louisiana,L,Black,Winter,2.5,False,Store Pickup,False,False,42,Cash,Monthly,30,12.166666666666666,438.0,42,True,1548,0,False,False,2.5,True,48.7,Silver,Entry-Point Category
2989,69,Female,Socks,Clothing,55,Nevada,S,Pink,Spring,5.0,False,2-Day Shipping,False,False,31,Debit Card,Monthly,30,12.166666666666666,669.17,31,False,1760,0,False,False,5.0,False,64.8,Gold,Entry-Point Category
2990,46,Female,Belt,Accessories,20,Rhode Island,XL,Teal,Summer,4.3,False,2-Day Shipping,False,False,6,Credit Card,Weekly,7,52.142857142857146,1042.86,6,False,140,0,False,False,4.3,False,49.8,Silver,Retention Category
2991,69,Female,Shirt,Clothing,91,Illinois,M,Teal,Fall,4.2,False,Free Shipping,False,False,24,Venmo,Monthly,30,12.166666666666666,1107.17,24,False,2275,0,False,True,4.2,False,60.5,Gold,Entry-Point Category
2992,66,Female,Dress,Clothing,71,Utah,L,Green,Summer,3.9,False,Standard,False,False,7,PayPal,Bi-Weekly,14,26.071428571428573,1851.07,7,False,568,0,False,True,3.9,False,54.9,Silver,Entry-Point Category
2993,41,Female,Socks,Clothing,64,North Dakota,M,Charcoal,Spring,3.9,False,Store Pickup,False,False,25,Venmo,Weekly,7,52.142857142857146,3337.14,25,False,1664,0,False,True,3.9,False,73.2,Gold,Entry-Point Category
2994,32,Female,Jacket,Outerwear,21,Kansas,L,Indigo,Spring,4.2,False,Free Shipping,False,False,18,Cash,Bi-Weekly,14,26.071428571428573,547.5,18,False,399,0,False,False,4.2,False,48.8,Silver,Entry-Point Category
2995,69,Female,Sweater,Clothing,100,Nevada,S,White,Winter,3.5,False,Store Pickup,False,False,14,Bank Transfer,Quarterly,90,4.055555555555555,405.56,14,False,1500,0,False,True,3.5,False,39.3,Silver,Entry-Point Category
2996,29,Female,Jeans,Clothing,96,Virginia,M,Orange,Summer,2.5,False,Standard,False,False,42,Debit Card,Bi-Weekly,14,26.071428571428573,2502.86,42,True,4128,0,False,True,2.5,True,70.1,Gold,Entry-Point Category
2997,70,Female,Jewelry,Accessories,91,Utah,M,White,Spring,2.9,False,Express,False,False,6,Venmo,Every 3 Months,90,4.055555555555555,369.06,6,False,637,0,False,True,2.9,False,27.8,Bronze,Retention Category
2998,41,Female,Sweater,Clothing,40,Idaho,S,Yellow,Spring,2.7,False,Next Day Air,False,False,14,Venmo,Every 3 Months,90,4.055555555555555,162.22,14,False,600,0,False,False,2.7,False,21.1,Bronze,Entry-Point Category
2999,31,Female,Hoodie,Clothing,53,Alaska,M,Red,Summer,4.7,False,Express,False,False,30,Debit Card,Quarterly,90,4.055555555555555,214.94,30,False,1643,0,False,False,4.7,False,48.8,Silver,Entry-Point Category
3000,31,Female,Sunglasses,Accessories,48,New Hampshire,S,Charcoal,Winter,3.8,False,Standard,False,False,10,Cash,Monthly,30,12.166666666666666,584.0,10,False,528,0,False,False,3.8,False,41.2,Silver,Retention Category
3001,57,Female,Sandals,Footwear,70,Ohio,M,Lavender,Winter,3.7,False,Express,False,False,7,PayPal,Weekly,7,52.142857142857146,3650.0,7,False,560,0,False,True,3.7,False,61.2,Gold,Entry-Point Category
3002,29,Female,Coat,Outerwear,29,Montana,L,Charcoal,Summer,4.7,False,Express,False,False,28,Credit Card,Quarterly,90,4.055555555555555,117.61,28,False,841,0,False,False,4.7,False,43.5,Silver,Entry-Point Category
3003,70,Female,Belt,Accessories,29,Louisiana,M,Maroon,Fall,3.6,False,Next Day Air,False,False,19,Bank Transfer,Quarterly,90,4.055555555555555,117.61,19,False,580,0,False,False,3.6,False,29.0,Bronze,Retention Category
3004,51,Female,Blouse,Clothing,53,Oregon,M,Brown,Fall,2.8,False,Express,False,False,13,Credit Card,Every 3 Months,90,4.055555555555555,214.94,13,False,742,0,False,False,2.8,False,23.2,Bronze,Entry-Point Category
3005,45,Female,Skirt,Clothing,79,Arizona,M,Lavender,Winter,3.7,False,Store Pickup,False,False,23,Venmo,Fortnightly,14,26.071428571428573,2059.64,23,False,1896,0,False,True,3.7,False,64.0,Gold,Entry-Point Category
3006,18,Female,Shorts,Clothing,65,Alaska,XL,Brown,Spring,3.5,False,Express,False,False,5,Venmo,Weekly,7,52.142857142857146,3389.29,5,False,390,0,False,True,3.5,False,58.1,Gold,Entry-Point Category
3007,37,Female,Dress,Clothing,99,Utah,M,Olive,Summer,3.7,False,Store Pickup,False,False,17,Venmo,Bi-Weekly,14,26.071428571428573,2581.07,17,False,1782,0,False,True,3.7,False,65.0,Gold,Entry-Point Category
3008,23,Female,Sunglasses,Accessories,60,New York,L,Lavender,Winter,3.0,False,Next Day Air,False,False,31,Venmo,Weekly,7,52.142857142857146,3128.57,31,False,1920,0,False,True,3.0,False,69.1,Gold,Retention Category
3009,39,Female,Shoes,Footwear,86,New Mexico,M,Gold,Winter,4.9,False,Free Shipping,False,False,19,PayPal,Weekly,7,52.142857142857146,4484.29,19,False,1720,0,False,True,4.9,False,79.1,Gold,Entry-Point Category
3010,62,Female,Belt,Accessories,73,Louisiana,M,Silver,Winter,4.6,False,Free Shipping,False,False,8,Venmo,Fortnightly,14,26.071428571428573,1903.21,8,False,657,0,False,True,4.6,False,61.5,Gold,Retention Category
3011,70,Female,Belt,Accessories,45,Ohio,M,Violet,Winter,3.3,False,Free Shipping,False,False,15,Credit Card,Annually,365,1.0,45.0,15,False,720,0,False,False,3.3,False,17.5,Bronze,Retention Category
3012,20,Female,Belt,Accessories,70,Nevada,S,Brown,Summer,3.0,False,Next Day Air,False,False,18,Credit Card,Every 3 Months,90,4.055555555555555,283.89,18,False,1330,0,False,True,3.0,False,30.9,Silver,Retention Category
3013,42,Female,Belt,Accessories,65,Idaho,M,Teal,Fall,3.5,False,Standard,False,False,16,PayPal,Annually,365,1.0,65.0,16,False,1105,0,False,True,3.5,False,21.5,Bronze,Retention Category
3014,41,Female,Skirt,Clothing,55,Arizona,L,Peach,Summer,4.2,False,Store Pickup,False,False,13,Cash,Monthly,30,12.166666666666666,669.17,13,False,770,0,False,False,4.2,False,47.8,Silver,Entry-Point Category
3015,24,Female,T-shirt,Clothing,65,Utah,M,Maroon,Spring,4.5,False,Express,False,False,38,PayPal,Every 3 Months,90,4.055555555555555,263.61,38,True,2535,0,False,True,4.5,False,54.4,Silver,Entry-Point Category
3016,37,Female,Scarf,Accessories,21,Wyoming,XL,Lavender,Spring,2.8,False,Express,False,False,27,Bank Transfer,Bi-Weekly,14,26.071428571428573,547.5,27,False,588,0,False,False,2.8,False,42.9,Silver,Retention Category
3017,30,Female,Blouse,Clothing,26,Indiana,L,Lavender,Summer,4.9,False,Store Pickup,False,False,31,Bank Transfer,Quarterly,90,4.055555555555555,105.44,31,False,832,0,False,False,4.9,False,46.3,Silver,Entry-Point Category
3018,58,Female,Sunglasses,Accessories,71,Wisconsin,S,Purple,Summer,3.3,False,Next Day Air,False,False,24,Cash,Bi-Weekly,14,26.071428571428573,1851.07,24,False,1775,0,False,True,3.3,False,60.0,Gold,Retention Category
3019,43,Female,Boots,Footwear,41,Texas,M,Green,Summer,3.0,False,Free Shipping,False,False,21,Debit Card,Bi-Weekly,14,26.071428571428573,1068.93,21,False,902,0,False,False,3.0,False,48.3,Silver,Entry-Point Category
3020,19,Female,Jacket,Outerwear,44,Utah,M,Yellow,Winter,3.9,False,2-Day Shipping,False,False,15,PayPal,Annually,365,1.0,44.0,15,False,704,0,False,False,3.9,False,22.3,Bronze,Entry-Point Category
3021,23,Female,Jeans,Clothing,81,Arkansas,S,Charcoal,Fall,2.8,False,Store Pickup,False,False,48,Venmo,Every 3 Months,90,4.055555555555555,328.5,48,True,3969,0,False,True,2.8,False,49.9,Silver,Entry-Point Category
3022,65,Female,Sunglasses,Accessories,77,Pennsylvania,S,Blue,Summer,4.5,False,2-Day Shipping,False,False,47,Cash,Quarterly,90,4.055555555555555,312.28,47,True,3696,0,False,True,4.5,False,62.2,Gold,Retention Category
3023,58,Female,Sandals,Footwear,26,Georgia,M,Lavender,Fall,4.0,False,Free Shipping,False,False,23,PayPal,Weekly,7,52.142857142857146,1355.71,23,False,624,0,False,False,4.0,False,60.9,Gold,Entry-Point Category
3024,50,Female,Backpack,Accessories,31,Indiana,M,Brown,Summer,2.9,False,Express,False,False,4,PayPal,Quarterly,90,4.055555555555555,125.72,4,False,155,0,False,False,2.9,False,14.8,Bronze,Retention Category
3025,67,Female,Blouse,Clothing,82,Idaho,S,White,Spring,4.0,False,Free Shipping,False,False,47,Credit Card,Every 3 Months,90,4.055555555555555,332.56,47,True,3936,0,False,True,4.0,False,59.3,Gold,Entry-Point Category
3026,40,Female,Shoes,Footwear,60,Montana,XL,Green,Summer,3.4,False,Store Pickup,False,False,7,PayPal,Monthly,30,12.166666666666666,730.0,7,False,480,0,False,True,3.4,False,38.7,Silver,Entry-Point Category
3027,55,Female,Shirt,Clothing,70,Tennessee,L,Magenta,Fall,2.5,False,Free Shipping,False,False,6,Credit Card,Annually,365,1.0,70.0,6,False,490,0,False,True,2.5,True,8.4,Bronze,Entry-Point Category
3028,52,Female,Hoodie,Clothing,26,West Virginia,XL,Peach,Winter,2.8,False,2-Day Shipping,False,False,47,Credit Card,Quarterly,90,4.055555555555555,105.44,47,True,1248,0,False,False,2.8,False,38.9,Silver,Entry-Point Category
3029,62,Female,Dress,Clothing,100,California,L,Charcoal,Summer,3.0,False,Free Shipping,False,False,7,PayPal,Every 3 Months,90,4.055555555555555,405.56,7,False,800,0,False,True,3.0,False,31.3,Silver,Entry-Point Category
3030,64,Female,Dress,Clothing,82,Georgia,M,Gold,Summer,3.1,False,Free Shipping,False,False,1,Debit Card,Quarterly,90,4.055555555555555,332.56,1,False,164,0,False,True,3.1,False,24.3,Bronze,Entry-Point Category
3031,43,Female,Sneakers,Footwear,24,Maryland,XL,Purple,Spring,2.6,False,2-Day Shipping,False,False,23,Credit Card,Weekly,7,52.142857142857146,1251.43,23,False,576,0,False,False,2.6,False,48.7,Silver,Entry-Point Category
3032,61,Female,Blouse,Clothing,74,Idaho,L,Teal,Summer,4.9,False,2-Day Shipping,False,False,30,Credit Card,Monthly,30,12.166666666666666,900.33,30,False,2294,0,False,True,4.9,False,66.7,Gold,Entry-Point Category
3033,26,Female,Backpack,Accessories,58,California,XL,Green,Summer,3.5,False,Next Day Air,False,False,24,Credit Card,Quarterly,90,4.055555555555555,235.22,24,False,1450,0,False,False,3.5,False,36.3,Silver,Retention Category
3034,22,Female,Sweater,Clothing,56,Alabama,L,Orange,Spring,2.6,False,Store Pickup,False,False,9,PayPal,Weekly,7,52.142857142857146,2920.0,9,False,560,0,False,False,2.6,False,52.4,Silver,Entry-Point Category
3035,51,Female,Boots,Footwear,37,Utah,L,Peach,Spring,3.5,False,2-Day Shipping,False,False,25,Credit Card,Quarterly,90,4.055555555555555,150.06,25,False,962,0,False,False,3.5,False,33.5,Silver,Entry-Point Category
3036,69,Female,Handbag,Accessories,64,Kentucky,M,Gold,Spring,4.5,False,Free Shipping,False,False,18,Cash,Bi-Weekly,14,26.071428571428573,1668.57,18,False,1216,0,False,True,4.5,False,64.3,Gold,Retention Category
3037,50,Female,Hoodie,Clothing,58,Vermont,S,Violet,Spring,4.3,False,Next Day Air,False,False,7,Venmo,Fortnightly,14,26.071428571428573,1512.14,7,False,464,0,False,False,4.3,False,55.3,Gold,Entry-Point Category
3038,51,Female,Belt,Accessories,44,Iowa,L,Charcoal,Summer,4.8,False,Next Day Air,False,False,2,Cash,Annually,365,1.0,44.0,2,False,132,0,False,False,4.8,False,21.7,Bronze,Retention Category
3039,56,Female,Jewelry,Accessories,39,Georgia,M,Brown,Summer,4.2,False,Free Shipping,False,False,36,Debit Card,Annually,365,1.0,39.0,36,False,1443,0,False,False,4.2,False,37.1,Silver,Retention Category
3040,59,Female,Blouse,Clothing,48,Alabama,L,Blue,Spring,3.2,False,Next Day Air,False,False,31,PayPal,Bi-Weekly,14,26.071428571428573,1251.43,31,False,1536,0,False,False,3.2,False,58.4,Gold,Entry-Point Category
3041,18,Female,Handbag,Accessories,32,Nebraska,M,Gold,Fall,4.1,False,Express,False,False,10,Cash,Fortnightly,14,26.071428571428573,834.29,10,False,352,0,False,False,4.1,False,47.5,Silver,Retention Category
3042,48,Female,Handbag,Accessories,79,Rhode Island,M,Orange,Winter,4.0,False,Express,False,False,27,PayPal,Monthly,30,12.166666666666666,961.17,27,False,2212,0,False,True,4.0,False,58.7,Gold,Retention Category
3043,53,Female,Coat,Outerwear,27,South Dakota,L,Turquoise,Winter,2.9,False,Next Day Air,False,False,14,PayPal,Every 3 Months,90,4.055555555555555,109.5,14,False,405,0,False,False,2.9,False,20.1,Bronze,Entry-Point Category
3044,45,Female,Belt,Accessories,98,Illinois,S,Peach,Fall,2.6,False,Store Pickup,False,False,17,Credit Card,Monthly,30,12.166666666666666,1192.33,17,False,1764,0,False,True,2.6,False,44.4,Silver,Retention Category
3045,21,Female,Boots,Footwear,67,North Carolina,M,Magenta,Winter,2.7,False,Free Shipping,False,False,10,Bank Transfer,Quarterly,90,4.055555555555555,271.72,10,False,737,0,False,True,2.7,False,23.4,Bronze,Entry-Point Category
3046,42,Female,Socks,Clothing,37,Florida,L,Black,Winter,4.6,False,2-Day Shipping,False,False,4,PayPal,Bi-Weekly,14,26.071428571428573,964.64,4,False,185,0,False,False,4.6,False,49.8,Silver,Entry-Point Category
3047,60,Female,Shoes,Footwear,49,Pennsylvania,M,White,Spring,3.2,False,Store Pickup,False,False,25,Cash,Every 3 Months,90,4.055555555555555,198.72,25,False,1274,0,False,False,3.2,False,33.1,Silver,Entry-Point Category
3048,21,Female,Sneakers,Footwear,74,Vermont,M,Violet,Fall,4.1,False,2-Day Shipping,False,False,3,PayPal,Bi-Weekly,14,26.071428571428573,1929.29,3,False,296,0,False,True,4.1,False,54.6,Silver,Entry-Point Category
3049,69,Female,Jewelry,Accessories,93,Colorado,M,Olive,Summer,3.9,False,Standard,False,False,47,Venmo,Fortnightly,14,26.071428571428573,2424.64,47,True,4464,0,False,True,3.9,False,83.4,Platinum,Retention Category
3050,40,Female,Handbag,Accessories,60,Utah,L,Red,Summer,3.0,False,Next Day Air,False,False,41,Bank Transfer,Bi-Weekly,14,26.071428571428573,1564.29,41,True,2520,0,False,True,3.0,False,65.2,Gold,Retention Category
3051,31,Female,Coat,Outerwear,76,Kentucky,S,Green,Spring,3.6,False,Standard,False,False,28,Venmo,Every 3 Months,90,4.055555555555555,308.22,28,False,2204,0,False,True,3.6,False,43.3,Silver,Entry-Point Category
3052,44,Female,Sunglasses,Accessories,64,Wyoming,L,Gold,Summer,4.6,False,Express,False,False,49,Debit Card,Every 3 Months,90,4.055555555555555,259.56,49,True,3200,0,False,True,4.6,False,61.6,Gold,Retention Category
3053,48,Female,Shoes,Footwear,38,Maine,XL,Olive,Spring,4.5,False,Store Pickup,False,False,7,Bank Transfer,Fortnightly,14,26.071428571428573,990.71,7,False,304,0,False,False,4.5,False,51.4,Silver,Entry-Point Category
3054,32,Female,Shoes,Footwear,91,Maine,L,Brown,Winter,3.2,False,Next Day Air,False,False,22,Bank Transfer,Monthly,30,12.166666666666666,1107.17,22,False,2093,0,False,True,3.2,False,51.1,Silver,Entry-Point Category
3055,42,Female,Boots,Footwear,70,New Hampshire,S,Magenta,Summer,4.9,False,2-Day Shipping,False,False,34,Venmo,Monthly,30,12.166666666666666,851.67,34,False,2450,0,False,True,4.9,False,68.7,Gold,Entry-Point Category
3056,27,Female,Sandals,Footwear,22,Kansas,M,Violet,Fall,5.0,False,Standard,False,False,5,Debit Card,Bi-Weekly,14,26.071428571428573,573.57,5,False,132,0,False,False,5.0,False,47.8,Silver,Entry-Point Category
3057,69,Female,Gloves,Accessories,59,New Jersey,M,Beige,Spring,3.8,False,Standard,False,False,15,Cash,Bi-Weekly,14,26.071428571428573,1538.21,15,False,944,0,False,False,3.8,False,55.9,Gold,Retention Category
3058,67,Female,Backpack,Accessories,22,North Carolina,M,Blue,Spring,3.4,False,Next Day Air,False,False,26,Bank Transfer,Weekly,7,52.142857142857146,1147.14,26,False,594,0,False,False,3.4,False,55.7,Gold,Retention Category
3059,41,Female,Handbag,Accessories,74,West Virginia,S,Orange,Winter,3.8,False,Store Pickup,False,False,3,Bank Transfer,Fortnightly,14,26.071428571428573,1929.29,3,False,296,0,False,True,3.8,False,52.0,Silver,Retention Category
3060,46,Female,Sweater,Clothing,71,Kentucky,L,Maroon,Spring,3.2,False,Express,False,False,42,Credit Card,Quarterly,90,4.055555555555555,287.94,42,True,3053,0,False,True,3.2,False,47.3,Silver,Entry-Point Category
3061,47,Female,Coat,Outerwear,80,California,S,Charcoal,Summer,4.7,False,Store Pickup,False,False,1,Venmo,Monthly,30,12.166666666666666,973.33,1,False,160,0,False,True,4.7,False,48.9,Silver,Entry-Point Category
3062,33,Female,T-shirt,Clothing,59,South Dakota,L,Olive,Fall,4.5,False,Express,False,False,20,PayPal,Every 3 Months,90,4.055555555555555,239.28,20,False,1239,0,False,False,4.5,False,42.2,Silver,Entry-Point Category
3063,51,Female,Backpack,Accessories,96,California,L,Green,Fall,3.3,False,Standard,False,False,39,PayPal,Monthly,30,12.166666666666666,1168.0,39,True,3840,0,False,True,3.3,False,62.9,Gold,Retention Category
3064,26,Female,Sunglasses,Accessories,43,Connecticut,L,Brown,Winter,3.9,False,Store Pickup,False,False,24,Credit Card,Fortnightly,14,26.071428571428573,1121.07,24,False,1075,0,False,False,3.9,False,58.1,Gold,Retention Category
3065,22,Female,Belt,Accessories,76,Idaho,S,Cyan,Winter,3.6,False,Express,False,False,49,Bank Transfer,Quarterly,90,4.055555555555555,308.22,49,True,3800,0,False,True,3.6,False,55.9,Gold,Retention Category
3066,49,Female,Jacket,Outerwear,59,North Dakota,M,Beige,Fall,2.8,False,Store Pickup,False,False,7,Venmo,Bi-Weekly,14,26.071428571428573,1538.21,7,False,472,0,False,False,2.8,False,43.2,Silver,Entry-Point Category
3067,58,Female,Skirt,Clothing,48,Michigan,L,Teal,Summer,4.3,False,Free Shipping,False,False,13,Venmo,Every 3 Months,90,4.055555555555555,194.67,13,False,672,0,False,False,4.3,False,34.8,Silver,Entry-Point Category
3068,70,Female,Belt,Accessories,22,Missouri,S,Gray,Spring,3.5,False,Free Shipping,False,False,2,Cash,Weekly,7,52.142857142857146,1147.14,2,False,66,0,False,False,3.5,False,42.1,Silver,Retention Category
3069,32,Female,Boots,Footwear,40,California,M,Indigo,Winter,4.2,False,Express,False,False,4,Debit Card,Weekly,7,52.142857142857146,2085.71,4,False,200,0,False,False,4.2,False,57.2,Gold,Entry-Point Category
3070,62,Female,Jeans,Clothing,73,Delaware,L,Magenta,Spring,4.6,False,Express,False,False,17,Debit Card,Quarterly,90,4.055555555555555,296.06,17,False,1314,0,False,True,4.6,False,44.1,Silver,Entry-Point Category
3071,52,Female,Shoes,Footwear,26,Alabama,XL,Red,Fall,2.6,False,Free Shipping,False,False,43,PayPal,Bi-Weekly,14,26.071428571428573,677.86,43,True,1144,0,False,False,2.6,False,53.0,Silver,Entry-Point Category
3072,23,Female,Sweater,Clothing,41,New Hampshire,L,Turquoise,Spring,3.4,False,Next Day Air,False,False,6,PayPal,Monthly,30,12.166666666666666,498.83,6,False,287,0,False,False,3.4,False,34.7,Silver,Entry-Point Category
3073,26,Female,Jewelry,Accessories,98,New York,L,Peach,Spring,3.1,False,Standard,False,False,46,PayPal,Quarterly,90,4.055555555555555,397.44,46,True,4606,0,False,True,3.1,False,54.7,Silver,Retention Category
3074,58,Female,Shirt,Clothing,63,Oregon,L,White,Winter,3.6,False,Free Shipping,False,False,7,Debit Card,Bi-Weekly,14,26.071428571428573,1642.5,7,False,504,0,False,True,3.6,False,50.4,Silver,Entry-Point Category
3075,26,Female,Boots,Footwear,55,Massachusetts,L,Maroon,Winter,4.2,False,Next Day Air,False,False,34,Debit Card,Fortnightly,14,26.071428571428573,1433.93,34,False,1925,0,False,False,4.2,False,70.0,Gold,Entry-Point Category
3076,54,Female,Shorts,Clothing,90,Utah,XL,Beige,Winter,3.6,False,Standard,False,False,21,PayPal,Every 3 Months,90,4.055555555555555,365.0,21,False,1980,0,False,True,3.6,False,41.9,Silver,Entry-Point Category
3077,66,Female,Handbag,Accessories,46,New Hampshire,M,Blue,Summer,3.6,False,Express,False,False,13,Venmo,Bi-Weekly,14,26.071428571428573,1199.29,13,False,644,0,False,False,3.6,False,50.2,Silver,Retention Category
3078,60,Female,Sweater,Clothing,88,Illinois,S,Red,Spring,3.0,False,Store Pickup,False,False,33,Debit Card,Bi-Weekly,14,26.071428571428573,2294.29,33,False,2992,0,False,True,3.0,False,66.7,Gold,Entry-Point Category
3079,32,Female,Belt,Accessories,95,Alaska,M,Blue,Spring,2.5,False,2-Day Shipping,False,False,24,Bank Transfer,Bi-Weekly,14,26.071428571428573,2476.79,24,False,2375,0,False,True,2.5,True,59.1,Gold,Retention Category
3080,48,Female,Belt,Accessories,31,Wyoming,M,Maroon,Fall,4.0,False,Store Pickup,False,False,4,Bank Transfer,Annually,365,1.0,31.0,4,False,155,0,False,False,4.0,False,15.4,Bronze,Retention Category
3081,69,Female,Hoodie,Clothing,42,Colorado,L,Yellow,Spring,4.1,False,Next Day Air,False,False,5,Cash,Bi-Weekly,14,26.071428571428573,1095.0,5,False,252,0,False,False,4.1,False,48.3,Silver,Entry-Point Category
3082,64,Female,Sneakers,Footwear,44,Vermont,L,Pink,Winter,4.9,False,Next Day Air,False,False,11,Credit Card,Weekly,7,52.142857142857146,2294.29,11,False,528,0,False,False,4.9,False,68.6,Gold,Entry-Point Category
3083,56,Female,T-shirt,Clothing,99,Utah,M,Maroon,Spring,4.0,False,Next Day Air,False,False,20,Bank Transfer,Annually,365,1.0,99.0,20,False,2079,0,False,True,4.0,False,31.9,Silver,Entry-Point Category
3084,22,Female,Pants,Clothing,20,Illinois,S,Purple,Summer,3.5,False,Store Pickup,False,False,28,PayPal,Quarterly,90,4.055555555555555,81.11,28,False,580,0,False,False,3.5,False,30.2,Silver,Entry-Point Category
3085,46,Female,Scarf,Accessories,37,Idaho,S,Indigo,Spring,3.2,False,Store Pickup,False,False,43,PayPal,Monthly,30,12.166666666666666,450.17,43,True,1628,0,False,False,3.2,False,54.7,Silver,Retention Category
3086,24,Female,Sweater,Clothing,50,Nevada,L,Gray,Winter,2.8,False,Store Pickup,False,False,10,Venmo,Every 3 Months,90,4.055555555555555,202.78,10,False,550,0,False,False,2.8,False,21.0,Bronze,Entry-Point Category
3087,47,Female,Handbag,Accessories,73,Utah,M,Lavender,Summer,3.5,False,Next Day Air,False,False,26,Venmo,Every 3 Months,90,4.055555555555555,296.06,26,False,1971,0,False,True,3.5,False,40.7,Silver,Retention Category
3088,62,Female,Shirt,Clothing,84,North Carolina,M,Charcoal,Spring,3.1,False,Free Shipping,False,False,29,Bank Transfer,Monthly,30,12.166666666666666,1022.0,29,False,2520,0,False,True,3.1,False,53.4,Silver,Entry-Point Category
3089,34,Female,Dress,Clothing,64,Arkansas,M,Teal,Spring,3.3,False,Store Pickup,False,False,35,Bank Transfer,Quarterly,90,4.055555555555555,259.56,35,False,2304,0,False,True,3.3,False,42.7,Silver,Entry-Point Category
3090,50,Female,Sandals,Footwear,21,North Carolina,L,Blue,Fall,4.6,False,Free Shipping,False,False,23,Cash,Bi-Weekly,14,26.071428571428573,547.5,23,False,504,0,False,False,4.6,False,55.0,Gold,Entry-Point Category
3091,29,Female,Shirt,Clothing,36,Texas,M,Peach,Summer,4.9,False,Store Pickup,False,False,15,Bank Transfer,Quarterly,90,4.055555555555555,146.0,15,False,576,0,False,False,4.9,False,38.5,Silver,Entry-Point Category
3092,68,Female,Dress,Clothing,81,Nevada,L,Orange,Winter,3.4,False,2-Day Shipping,False,False,46,Credit Card,Annually,365,1.0,81.0,46,True,3807,0,False,True,3.4,False,39.8,Silver,Entry-Point Category
3093,52,Female,Sunglasses,Accessories,54,Utah,L,Silver,Fall,3.5,False,Next Day Air,False,False,14,Bank Transfer,Bi-Weekly,14,26.071428571428573,1407.86,14,False,810,0,False,False,3.5,False,51.8,Silver,Retention Category
3094,29,Female,Socks,Clothing,63,Pennsylvania,L,Red,Summer,4.8,False,Store Pickup,False,False,17,Cash,Every 3 Months,90,4.055555555555555,255.5,17,False,1134,0,False,True,4.8,False,43.5,Silver,Entry-Point Category
3095,22,Female,Sandals,Footwear,59,Georgia,M,Gray,Summer,2.7,False,Store Pickup,False,False,9,Cash,Weekly,7,52.142857142857146,3076.43,9,False,590,0,False,False,2.7,False,53.4,Silver,Entry-Point Category
3096,62,Female,Hat,Accessories,53,Minnesota,S,Beige,Fall,3.4,False,Standard,False,False,13,Venmo,Fortnightly,14,26.071428571428573,1381.79,13,False,742,0,False,False,3.4,False,50.1,Silver,Retention Category
3097,69,Female,Shirt,Clothing,63,Kansas,L,White,Winter,3.5,False,Next Day Air,False,False,20,Bank Transfer,Monthly,30,12.166666666666666,766.5,20,False,1323,0,False,True,3.5,False,47.6,Silver,Entry-Point Category
3098,48,Female,Shoes,Footwear,33,Delaware,M,Silver,Fall,3.7,False,Free Shipping,False,False,39,Bank Transfer,Quarterly,90,4.055555555555555,133.83,39,True,1320,0,False,False,3.7,False,42.6,Silver,Entry-Point Category
3099,66,Female,Pants,Clothing,64,New Mexico,L,Cyan,Summer,3.3,False,Next Day Air,False,False,50,Bank Transfer,Quarterly,90,4.055555555555555,259.56,50,True,3264,0,False,True,3.3,False,51.5,Silver,Entry-Point Category
3100,42,Female,Shirt,Clothing,98,Michigan,S,Maroon,Fall,2.9,False,Free Shipping,False,False,21,Bank Transfer,Bi-Weekly,14,26.071428571428573,2555.0,21,False,2156,0,False,True,2.9,False,60.8,Gold,Entry-Point Category
3101,50,Female,Hat,Accessories,85,Vermont,L,Purple,Winter,3.9,False,Express,False,False,3,Bank Transfer,Weekly,7,52.142857142857146,4432.14,3,False,340,0,False,True,3.9,False,61.5,Gold,Retention Category
3102,32,Female,Jewelry,Accessories,82,Idaho,S,Brown,Summer,2.7,False,Express,False,False,9,PayPal,Fortnightly,14,26.071428571428573,2137.86,9,False,820,0,False,True,2.7,False,48.4,Silver,Retention Category
3103,51,Female,Jacket,Outerwear,85,South Dakota,M,Green,Summer,4.3,False,Standard,False,False,29,Cash,Bi-Weekly,14,26.071428571428573,2216.07,29,False,2550,0,False,True,4.3,False,74.1,Gold,Entry-Point Category
3104,27,Female,Shirt,Clothing,37,Illinois,S,Peach,Winter,3.0,False,2-Day Shipping,False,False,42,Bank Transfer,Weekly,7,52.142857142857146,1929.29,42,True,1591,0,False,False,3.0,False,69.0,Gold,Entry-Point Category
3105,43,Female,Pants,Clothing,56,Georgia,S,Turquoise,Summer,5.0,False,2-Day Shipping,False,False,41,Debit Card,Fortnightly,14,26.071428571428573,1460.0,41,True,2352,0,False,False,5.0,False,80.3,Platinum,Entry-Point Category
3106,48,Female,Skirt,Clothing,33,Oregon,M,Olive,Fall,2.7,False,Express,False,False,17,Debit Card,Monthly,30,12.166666666666666,401.5,17,False,594,0,False,False,2.7,False,34.4,Silver,Entry-Point Category
3107,62,Female,Sandals,Footwear,57,Alabama,M,Yellow,Winter,4.7,False,Next Day Air,False,False,20,PayPal,Annually,365,1.0,57.0,20,False,1197,0,False,False,4.7,False,32.8,Silver,Entry-Point Category
3108,65,Female,Blouse,Clothing,31,Hawaii,L,Gray,Winter,4.6,False,Standard,False,False,18,Credit Card,Bi-Weekly,14,26.071428571428573,808.21,18,False,589,0,False,False,4.6,False,55.8,Gold,Entry-Point Category
3109,50,Female,Socks,Clothing,69,Oregon,M,Purple,Fall,3.2,False,2-Day Shipping,False,False,7,PayPal,Monthly,30,12.166666666666666,839.5,7,False,552,0,False,True,3.2,False,38.7,Silver,Entry-Point Category
3110,60,Female,Jacket,Outerwear,92,Illinois,M,Gray,Winter,4.3,False,Free Shipping,False,False,47,Bank Transfer,Fortnightly,14,26.071428571428573,2398.57,47,True,4416,0,False,True,4.3,False,86.6,Platinum,Entry-Point Category
3111,19,Female,Handbag,Accessories,46,Texas,L,Lavender,Fall,4.6,False,Next Day Air,False,False,2,Bank Transfer,Bi-Weekly,14,26.071428571428573,1199.29,2,False,138,0,False,False,4.6,False,51.7,Silver,Retention Category
3112,21,Female,Belt,Accessories,81,Kansas,XL,Indigo,Spring,4.9,False,Free Shipping,False,False,25,Debit Card,Quarterly,90,4.055555555555555,328.5,25,False,2106,0,False,True,4.9,False,53.1,Silver,Retention Category
3113,19,Female,Blouse,Clothing,97,Texas,S,Green,Fall,3.8,False,Express,False,False,26,Venmo,Annually,365,1.0,97.0,26,False,2619,0,False,True,3.8,False,33.5,Silver,Entry-Point Category
3114,46,Female,Shirt,Clothing,93,Nebraska,L,Green,Summer,2.6,False,Express,False,False,2,Debit Card,Weekly,7,52.142857142857146,4849.29,2,False,279,0,False,True,2.6,False,51.1,Silver,Entry-Point Category
3115,21,Female,Handbag,Accessories,56,Arkansas,M,Olive,Spring,4.7,False,Store Pickup,False,False,45,Venmo,Bi-Weekly,14,26.071428571428573,1460.0,45,True,2576,0,False,False,4.7,False,80.4,Platinum,Retention Category
3116,26,Female,Scarf,Accessories,53,South Dakota,M,Charcoal,Fall,4.1,False,Free Shipping,False,False,9,Bank Transfer,Bi-Weekly,14,26.071428571428573,1381.79,9,False,530,0,False,False,4.1,False,53.6,Silver,Retention Category
3117,50,Female,Coat,Outerwear,66,Montana,L,Gray,Spring,3.7,False,Store Pickup,False,False,1,Venmo,Weekly,7,52.142857142857146,3441.43,1,False,132,0,False,True,3.7,False,57.1,Gold,Entry-Point Category
3118,43,Female,Hoodie,Clothing,50,Florida,M,Olive,Fall,3.0,False,Free Shipping,False,False,4,PayPal,Bi-Weekly,14,26.071428571428573,1303.57,4,False,250,0,False,False,3.0,False,40.9,Silver,Entry-Point Category
3119,61,Female,Shorts,Clothing,97,Virginia,L,Blue,Summer,4.7,False,Standard,False,False,31,Debit Card,Quarterly,90,4.055555555555555,393.39,31,False,3104,0,False,True,4.7,False,58.6,Gold,Entry-Point Category
3120,63,Female,Sandals,Footwear,79,Louisiana,XL,Silver,Winter,4.7,False,2-Day Shipping,False,False,21,Credit Card,Every 3 Months,90,4.055555555555555,320.39,21,False,1738,0,False,True,4.7,False,48.8,Silver,Entry-Point Category
3121,46,Female,Shirt,Clothing,76,Louisiana,M,Magenta,Fall,4.0,False,Store Pickup,False,False,32,Debit Card,Fortnightly,14,26.071428571428573,1981.43,32,False,2508,0,False,True,4.0,False,71.7,Gold,Entry-Point Category
3122,63,Female,Hoodie,Clothing,38,Louisiana,L,Black,Fall,2.6,False,Standard,False,False,16,Venmo,Weekly,7,52.142857142857146,1981.43,16,False,646,0,False,False,2.6,False,50.5,Silver,Entry-Point Category
3123,23,Female,Socks,Clothing,45,Georgia,M,Pink,Fall,3.0,False,Express,False,False,34,Credit Card,Fortnightly,14,26.071428571428573,1173.21,34,False,1575,0,False,False,3.0,False,57.9,Gold,Entry-Point Category
3124,57,Female,Handbag,Accessories,77,Iowa,XL,Red,Fall,3.3,False,Next Day Air,False,False,40,Venmo,Bi-Weekly,14,26.071428571428573,2007.5,40,True,3157,0,False,True,3.3,False,70.8,Gold,Retention Category
3125,57,Female,Jewelry,Accessories,51,California,M,Peach,Summer,3.4,False,Standard,False,False,4,Cash,Every 3 Months,90,4.055555555555555,206.83,4,False,255,0,False,False,3.4,False,22.4,Bronze,Retention Category
3126,33,Female,Coat,Outerwear,26,Oregon,L,Lavender,Spring,4.0,False,Standard,False,False,3,Cash,Quarterly,90,4.055555555555555,105.44,3,False,104,0,False,False,4.0,False,22.3,Bronze,Entry-Point Category
3127,57,Female,Sunglasses,Accessories,76,Maine,L,Lavender,Winter,2.6,False,Store Pickup,False,False,28,Bank Transfer,Bi-Weekly,14,26.071428571428573,1981.43,28,False,2204,0,False,True,2.6,False,57.8,Gold,Retention Category
3128,55,Female,Gloves,Accessories,94,Louisiana,M,Beige,Winter,3.4,False,Free Shipping,False,False,43,Credit Card,Every 3 Months,90,4.055555555555555,381.22,43,True,4136,0,False,True,3.4,False,54.4,Silver,Retention Category
3129,65,Female,Jacket,Outerwear,32,Arkansas,S,Indigo,Fall,4.4,False,Standard,False,False,20,Cash,Annually,365,1.0,32.0,20,False,672,0,False,False,4.4,False,28.2,Bronze,Entry-Point Category
3130,60,Female,Sandals,Footwear,20,Maryland,S,Cyan,Summer,4.7,False,Express,False,False,40,Venmo,Every 3 Months,90,4.055555555555555,81.11,40,True,820,0,False,False,4.7,False,47.1,Silver,Entry-Point Category
3131,52,Female,Pants,Clothing,20,Vermont,M,Yellow,Summer,4.5,False,Store Pickup,False,False,34,Venmo,Every 3 Months,90,4.055555555555555,81.11,34,False,700,0,False,False,4.5,False,42.1,Silver,Entry-Point Category
3132,34,Female,Jacket,Outerwear,59,North Dakota,M,Peach,Fall,2.9,False,Store Pickup,False,False,11,Bank Transfer,Every 3 Months,90,4.055555555555555,239.28,11,False,708,0,False,False,2.9,False,23.8,Bronze,Entry-Point Category
3133,33,Female,Sweater,Clothing,97,Michigan,M,Yellow,Summer,4.2,False,Express,False,False,26,Cash,Quarterly,90,4.055555555555555,393.39,26,False,2619,0,False,True,4.2,False,51.6,Silver,Entry-Point Category
3134,58,Female,T-shirt,Clothing,68,Arkansas,M,Orange,Spring,4.1,False,Next Day Air,False,False,29,Cash,Bi-Weekly,14,26.071428571428573,1772.86,29,False,2040,0,False,True,4.1,False,68.9,Gold,Entry-Point Category
3135,35,Female,Boots,Footwear,66,Kentucky,L,Gray,Spring,4.4,False,Store Pickup,False,False,47,Bank Transfer,Weekly,7,52.142857142857146,3441.43,47,True,3168,0,False,True,4.4,False,90.5,Platinum,Entry-Point Category
3136,68,Female,Shoes,Footwear,85,Indiana,L,Yellow,Spring,4.7,False,Free Shipping,False,False,48,Venmo,Fortnightly,14,26.071428571428573,2216.07,48,True,4165,0,False,True,4.7,False,88.7,Platinum,Entry-Point Category
3137,58,Female,Skirt,Clothing,32,Minnesota,M,Gray,Fall,3.1,False,Next Day Air,False,False,29,Cash,Bi-Weekly,14,26.071428571428573,834.29,29,False,960,0,False,False,3.1,False,50.8,Silver,Entry-Point Category
3138,34,Female,Coat,Outerwear,44,Louisiana,M,Turquoise,Spring,2.7,False,2-Day Shipping,False,False,14,Bank Transfer,Monthly,30,12.166666666666666,535.33,14,False,660,0,False,False,2.7,False,34.1,Silver,Entry-Point Category
3139,47,Female,Blouse,Clothing,95,Kentucky,L,Gray,Fall,4.6,False,Next Day Air,False,False,40,Cash,Every 3 Months,90,4.055555555555555,385.28,40,True,3895,0,False,True,4.6,False,62.6,Gold,Entry-Point Category
3140,35,Female,Sunglasses,Accessories,85,Georgia,M,Olive,Winter,4.4,False,Next Day Air,False,False,4,Venmo,Weekly,7,52.142857142857146,4432.14,4,False,425,0,False,True,4.4,False,66.3,Gold,Retention Category
3141,34,Female,Gloves,Accessories,44,Alaska,XL,Peach,Summer,4.6,False,Free Shipping,False,False,37,Bank Transfer,Weekly,7,52.142857142857146,2294.29,37,False,1672,0,False,False,4.6,False,81.9,Platinum,Retention Category
3142,36,Female,Sunglasses,Accessories,30,Mississippi,S,Peach,Winter,4.9,False,Express,False,False,47,Credit Card,Bi-Weekly,14,26.071428571428573,782.14,47,True,1440,0,False,False,4.9,False,75.3,Gold,Retention Category
3143,23,Female,Sneakers,Footwear,21,Kansas,L,Magenta,Winter,4.0,False,2-Day Shipping,False,False,1,Venmo,Quarterly,90,4.055555555555555,85.17,1,False,42,0,False,False,4.0,False,18.5,Bronze,Entry-Point Category
3144,68,Female,Hoodie,Clothing,22,Arizona,M,Purple,Summer,2.9,False,Store Pickup,False,False,26,Cash,Quarterly,90,4.055555555555555,89.22,26,False,594,0,False,False,2.9,False,25.1,Bronze,Entry-Point Category
3145,23,Female,Boots,Footwear,70,Maine,L,Beige,Spring,2.6,False,Free Shipping,False,False,12,Debit Card,Quarterly,90,4.055555555555555,283.89,12,False,910,0,False,True,2.6,False,24.3,Bronze,Entry-Point Category
3146,57,Female,Handbag,Accessories,29,Texas,XL,Purple,Spring,4.6,False,Standard,False,False,16,PayPal,Fortnightly,14,26.071428571428573,756.07,16,False,493,0,False,False,4.6,False,54.0,Silver,Retention Category
3147,21,Female,Shirt,Clothing,83,Virginia,S,Yellow,Winter,4.9,False,Free Shipping,False,False,19,PayPal,Annually,365,1.0,83.0,19,False,1660,0,False,True,4.9,False,36.1,Silver,Entry-Point Category
3148,45,Female,Sweater,Clothing,99,North Dakota,M,Pink,Winter,4.3,False,Express,False,False,21,Credit Card,Weekly,7,52.142857142857146,5162.14,21,False,2178,0,False,True,4.3,False,76.8,Gold,Entry-Point Category
3149,37,Female,Shorts,Clothing,35,West Virginia,L,Purple,Fall,4.3,False,Free Shipping,False,False,15,Venmo,Weekly,7,52.142857142857146,1825.0,15,False,560,0,False,False,4.3,False,62.7,Gold,Entry-Point Category
3150,18,Female,Belt,Accessories,40,North Carolina,M,Lavender,Winter,4.6,False,Free Shipping,False,False,9,Venmo,Annually,365,1.0,40.0,9,False,400,0,False,False,4.6,False,24.1,Bronze,Retention Category
3151,55,Female,Blouse,Clothing,25,Georgia,M,Peach,Spring,2.6,False,Express,False,False,7,Bank Transfer,Bi-Weekly,14,26.071428571428573,651.79,7,False,200,0,False,False,2.6,False,31.3,Silver,Entry-Point Category
3152,52,Female,T-shirt,Clothing,64,New Mexico,L,Orange,Fall,3.1,False,2-Day Shipping,False,False,47,Bank Transfer,Quarterly,90,4.055555555555555,259.56,47,True,3072,0,False,True,3.1,False,48.2,Silver,Entry-Point Category
3153,49,Female,Belt,Accessories,90,North Carolina,M,Red,Fall,3.1,False,Store Pickup,False,False,17,PayPal,Monthly,30,12.166666666666666,1095.0,17,False,1620,0,False,True,3.1,False,47.0,Silver,Retention Category
3154,56,Female,Socks,Clothing,88,Alabama,L,Red,Fall,3.1,False,Next Day Air,False,False,46,Venmo,Fortnightly,14,26.071428571428573,2294.29,46,True,4136,0,False,True,3.1,False,75.0,Gold,Entry-Point Category
3155,27,Female,Belt,Accessories,55,Connecticut,M,Gold,Winter,4.4,False,Standard,False,False,32,Cash,Quarterly,90,4.055555555555555,223.06,32,False,1815,0,False,False,4.4,False,48.1,Silver,Retention Category
3156,22,Female,Handbag,Accessories,90,Montana,M,Brown,Fall,4.3,False,Free Shipping,False,False,34,Cash,Annually,365,1.0,90.0,34,False,3150,0,False,True,4.3,False,41.7,Silver,Retention Category
3157,18,Female,Shirt,Clothing,50,Montana,M,Black,Winter,3.1,False,2-Day Shipping,False,False,18,Cash,Monthly,30,12.166666666666666,608.33,18,False,950,0,False,False,3.1,False,40.7,Silver,Entry-Point Category
3158,21,Female,Belt,Accessories,34,Maine,L,Red,Fall,3.1,False,Store Pickup,False,False,5,Debit Card,Fortnightly,14,26.071428571428573,886.43,5,False,204,0,False,False,3.1,False,37.1,Silver,Retention Category
3159,30,Female,Jewelry,Accessories,77,Mississippi,M,Gray,Winter,4.9,False,2-Day Shipping,False,False,44,Credit Card,Monthly,30,12.166666666666666,936.83,44,True,3465,0,False,True,4.9,False,75.4,Gold,Retention Category
3160,62,Female,Hat,Accessories,89,Louisiana,L,Pink,Winter,2.9,False,Store Pickup,False,False,4,Bank Transfer,Quarterly,90,4.055555555555555,360.94,4,False,445,0,False,True,2.9,False,25.9,Bronze,Retention Category
3161,28,Female,Backpack,Accessories,87,Nebraska,XL,Turquoise,Fall,3.8,False,Next Day Air,False,False,37,Cash,Fortnightly,14,26.071428571428573,2268.21,37,False,3306,0,False,True,3.8,False,75.1,Gold,Retention Category
3162,66,Female,Dress,Clothing,77,Massachusetts,S,Charcoal,Winter,4.2,False,2-Day Shipping,False,False,43,Cash,Monthly,30,12.166666666666666,936.83,43,True,3388,0,False,True,4.2,False,69.4,Gold,Entry-Point Category
3163,66,Female,Shoes,Footwear,85,Wisconsin,L,Blue,Winter,3.9,False,Standard,False,False,28,Bank Transfer,Quarterly,90,4.055555555555555,344.72,28,False,2465,0,False,True,3.9,False,47.7,Silver,Entry-Point Category
3164,49,Female,Pants,Clothing,66,Nebraska,XL,Turquoise,Summer,2.8,False,Express,False,False,36,Cash,Monthly,30,12.166666666666666,803.0,36,False,2442,0,False,True,2.8,False,52.1,Silver,Entry-Point Category
3165,40,Female,Dress,Clothing,32,Arizona,L,Silver,Winter,2.6,False,Standard,False,False,16,Credit Card,Annually,365,1.0,32.0,16,False,544,0,False,False,2.6,False,11.2,Bronze,Entry-Point Category
3166,49,Female,Jacket,Outerwear,92,Hawaii,M,Lavender,Spring,3.0,False,Store Pickup,False,False,38,Bank Transfer,Every 3 Months,90,4.055555555555555,373.11,38,True,3588,0,False,True,3.0,False,47.8,Silver,Entry-Point Category
3167,19,Female,Shirt,Clothing,80,Georgia,M,Gold,Winter,2.7,False,Next Day Air,False,False,37,Bank Transfer,Fortnightly,14,26.071428571428573,2085.71,37,False,3040,0,False,True,2.7,False,64.8,Gold,Entry-Point Category
3168,24,Female,Dress,Clothing,78,Oregon,M,Blue,Fall,2.8,False,2-Day Shipping,False,False,9,Cash,Bi-Weekly,14,26.071428571428573,2033.57,9,False,780,0,False,True,2.8,False,48.3,Silver,Entry-Point Category
3169,31,Female,Jeans,Clothing,24,Montana,M,Orange,Spring,2.9,False,2-Day Shipping,False,False,14,PayPal,Fortnightly,14,26.071428571428573,625.71,14,False,360,0,False,False,2.9,False,37.1,Silver,Entry-Point Category
3170,35,Female,T-shirt,Clothing,59,Georgia,M,White,Fall,3.8,False,Free Shipping,False,False,3,Venmo,Weekly,7,52.142857142857146,3076.43,3,False,236,0,False,False,3.8,False,58.5,Gold,Entry-Point Category
3171,65,Female,Sunglasses,Accessories,41,Rhode Island,XL,Charcoal,Spring,4.4,False,Express,False,False,10,Credit Card,Fortnightly,14,26.071428571428573,1068.93,10,False,451,0,False,False,4.4,False,53.1,Silver,Retention Category
3172,68,Female,Jewelry,Accessories,26,Tennessee,M,Maroon,Spring,3.1,False,Express,False,False,26,Bank Transfer,Bi-Weekly,14,26.071428571428573,677.86,26,False,702,0,False,False,3.1,False,46.8,Silver,Retention Category
3173,57,Female,Socks,Clothing,52,Missouri,M,Olive,Fall,3.7,False,Standard,False,False,30,Debit Card,Bi-Weekly,14,26.071428571428573,1355.71,30,False,1612,0,False,False,3.7,False,62.5,Gold,Entry-Point Category
3174,69,Female,Skirt,Clothing,46,Washington,L,Teal,Summer,4.9,False,Next Day Air,False,False,32,PayPal,Fortnightly,14,26.071428571428573,1199.29,32,False,1518,0,False,False,4.9,False,72.3,Gold,Entry-Point Category
3175,45,Female,Pants,Clothing,52,Oklahoma,L,Orange,Winter,3.8,False,Store Pickup,False,False,35,PayPal,Monthly,30,12.166666666666666,632.67,35,False,1872,0,False,False,3.8,False,57.3,Gold,Entry-Point Category
3176,35,Female,Socks,Clothing,42,Connecticut,M,Maroon,Fall,3.4,False,Store Pickup,False,False,26,Debit Card,Every 3 Months,90,4.055555555555555,170.33,26,False,1134,0,False,False,3.4,False,34.3,Silver,Entry-Point Category
3177,36,Female,Sandals,Footwear,37,Arkansas,XL,Turquoise,Spring,4.6,False,2-Day Shipping,False,False,39,Credit Card,Monthly,30,12.166666666666666,450.17,39,True,1480,0,False,False,4.6,False,63.7,Gold,Entry-Point Category
3178,55,Female,Belt,Accessories,52,Missouri,L,Beige,Fall,3.2,False,Standard,False,False,31,Credit Card,Monthly,30,12.166666666666666,632.67,31,False,1664,0,False,False,3.2,False,50.0,Silver,Retention Category
3179,66,Female,Sandals,Footwear,34,Washington,L,Beige,Spring,2.7,False,Free Shipping,False,False,28,Credit Card,Annually,365,1.0,34.0,28,False,986,0,False,False,2.7,False,19.5,Bronze,Entry-Point Category
3180,57,Female,Shorts,Clothing,88,Idaho,M,Olive,Spring,4.3,False,Free Shipping,False,False,12,Debit Card,Bi-Weekly,14,26.071428571428573,2294.29,12,False,1144,0,False,True,4.3,False,64.5,Gold,Entry-Point Category
3181,18,Female,Handbag,Accessories,88,Montana,L,Turquoise,Fall,3.8,False,Standard,False,False,46,PayPal,Weekly,7,52.142857142857146,4588.57,46,True,4136,0,False,True,3.8,False,86.6,Platinum,Retention Category
3182,31,Female,Jacket,Outerwear,51,Montana,M,Charcoal,Summer,4.4,False,Free Shipping,False,False,27,PayPal,Every 3 Months,90,4.055555555555555,206.83,27,False,1428,0,False,False,4.4,False,44.4,Silver,Entry-Point Category
3183,50,Female,Sunglasses,Accessories,97,Georgia,L,Green,Fall,3.6,False,Free Shipping,False,False,4,Credit Card,Annually,365,1.0,97.0,4,False,485,0,False,True,3.6,False,18.8,Bronze,Retention Category
3184,50,Female,Sneakers,Footwear,56,Mississippi,M,Green,Winter,3.5,False,Standard,False,False,14,Cash,Every 3 Months,90,4.055555555555555,227.11,14,False,840,0,False,False,3.5,False,29.9,Bronze,Entry-Point Category
3185,61,Female,Sweater,Clothing,53,Hawaii,L,Green,Spring,4.2,False,2-Day Shipping,False,False,30,Venmo,Quarterly,90,4.055555555555555,214.94,30,False,1643,0,False,False,4.2,False,44.9,Silver,Entry-Point Category
3186,52,Female,Skirt,Clothing,71,Ohio,L,Gold,Fall,4.7,False,Express,False,False,6,PayPal,Annually,365,1.0,71.0,6,False,497,0,False,True,4.7,False,26.0,Bronze,Entry-Point Category
3187,38,Female,Jewelry,Accessories,93,Virginia,S,Cyan,Winter,4.8,False,Store Pickup,False,False,43,Venmo,Annually,365,1.0,93.0,43,True,4092,0,False,True,4.8,False,51.0,Silver,Retention Category
3188,67,Female,Blouse,Clothing,72,Texas,L,Indigo,Winter,3.2,False,Free Shipping,False,False,28,Debit Card,Weekly,7,52.142857142857146,3754.29,28,False,2088,0,False,True,3.2,False,69.8,Gold,Entry-Point Category
3189,42,Female,Blouse,Clothing,59,Vermont,M,Lavender,Winter,3.5,False,Standard,False,False,39,Bank Transfer,Monthly,30,12.166666666666666,717.83,39,True,2360,0,False,False,3.5,False,58.3,Gold,Entry-Point Category
3190,25,Female,Boots,Footwear,87,Kansas,M,Beige,Summer,4.2,False,Store Pickup,False,False,30,PayPal,Bi-Weekly,14,26.071428571428573,2268.21,30,False,2697,0,False,True,4.2,False,74.3,Gold,Entry-Point Category
3191,41,Female,Jeans,Clothing,78,California,S,Purple,Fall,3.4,False,Free Shipping,False,False,5,Credit Card,Fortnightly,14,26.071428571428573,2033.57,5,False,468,0,False,True,3.4,False,50.9,Silver,Entry-Point Category
3192,62,Female,Hoodie,Clothing,68,Mississippi,XL,Maroon,Winter,4.7,False,Store Pickup,False,False,42,Credit Card,Every 3 Months,90,4.055555555555555,275.78,42,True,2924,0,False,True,4.7,False,58.9,Gold,Entry-Point Category
3193,19,Female,Sweater,Clothing,76,Iowa,S,Maroon,Fall,3.0,False,Free Shipping,False,False,20,Cash,Fortnightly,14,26.071428571428573,1981.43,20,False,1596,0,False,True,3.0,False,56.0,Gold,Entry-Point Category
3194,63,Female,Gloves,Accessories,99,Virginia,L,Teal,Winter,4.0,False,Express,False,False,35,Credit Card,Fortnightly,14,26.071428571428573,2581.07,35,False,3564,0,False,True,4.0,False,78.7,Gold,Retention Category
3195,43,Female,Sneakers,Footwear,52,Maryland,L,Gold,Summer,4.6,False,Standard,False,False,10,Credit Card,Bi-Weekly,14,26.071428571428573,1355.71,10,False,572,0,False,False,4.6,False,57.9,Gold,Entry-Point Category
3196,68,Female,Sunglasses,Accessories,58,Missouri,S,Red,Spring,4.9,False,Next Day Air,False,False,36,Credit Card,Quarterly,90,4.055555555555555,235.22,36,False,2146,0,False,False,4.9,False,54.9,Silver,Retention Category
3197,24,Female,Belt,Accessories,59,Wisconsin,L,Maroon,Winter,2.8,False,Express,False,False,21,Debit Card,Fortnightly,14,26.071428571428573,1538.21,21,False,1298,0,False,False,2.8,False,51.4,Silver,Retention Category
3198,27,Female,Sweater,Clothing,71,Maine,M,Teal,Spring,3.2,False,Free Shipping,False,False,29,Credit Card,Every 3 Months,90,4.055555555555555,287.94,29,False,2130,0,False,True,3.2,False,39.5,Silver,Entry-Point Category
3199,61,Female,Gloves,Accessories,94,Pennsylvania,L,Peach,Winter,2.8,False,Free Shipping,False,False,39,Debit Card,Weekly,7,52.142857142857146,4901.43,39,True,3760,0,False,True,2.8,False,75.0,Gold,Retention Category
3200,59,Female,Handbag,Accessories,40,Maine,XL,Pink,Winter,4.2,False,Express,False,False,16,PayPal,Monthly,30,12.166666666666666,486.67,16,False,680,0,False,False,4.2,False,46.9,Silver,Retention Category
3201,67,Female,Socks,Clothing,24,Missouri,L,Black,Spring,4.8,False,Free Shipping,False,False,32,Credit Card,Monthly,30,12.166666666666666,292.0,32,False,792,0,False,False,4.8,False,54.6,Silver,Entry-Point Category
3202,46,Female,Pants,Clothing,38,Vermont,S,Indigo,Fall,2.8,False,2-Day Shipping,False,False,34,Cash,Monthly,30,12.166666666666666,462.33,34,False,1330,0,False,False,2.8,False,46.4,Silver,Entry-Point Category
3203,65,Female,Scarf,Accessories,37,Wisconsin,L,Green,Fall,4.5,False,Standard,False,False,38,Venmo,Annually,365,1.0,37.0,38,True,1443,0,False,False,4.5,False,40.3,Silver,Retention Category
3204,63,Female,Coat,Outerwear,29,New Jersey,L,Teal,Spring,4.1,False,Express,False,False,14,Venmo,Annually,365,1.0,29.0,14,False,435,0,False,False,4.1,False,21.9,Bronze,Entry-Point Category
3205,57,Female,Jacket,Outerwear,92,New Mexico,XL,Lavender,Fall,4.3,False,Free Shipping,False,False,23,Debit Card,Bi-Weekly,14,26.071428571428573,2398.57,23,False,2208,0,False,True,4.3,False,72.2,Gold,Entry-Point Category
3206,40,Female,Hoodie,Clothing,24,Colorado,XL,Magenta,Fall,4.4,False,2-Day Shipping,False,False,50,Bank Transfer,Every 3 Months,90,4.055555555555555,97.33,50,True,1224,0,False,False,4.4,False,53.0,Silver,Entry-Point Category
3207,36,Female,Boots,Footwear,52,California,M,Brown,Winter,3.0,False,Free Shipping,False,False,49,PayPal,Monthly,30,12.166666666666666,632.67,49,True,2600,0,False,False,3.0,False,59.1,Gold,Entry-Point Category
3208,67,Female,Socks,Clothing,29,Arizona,XL,Beige,Summer,2.7,False,Next Day Air,False,False,14,PayPal,Annually,365,1.0,29.0,14,False,435,0,False,False,2.7,False,10.5,Bronze,Entry-Point Category
3209,61,Female,Jewelry,Accessories,30,Indiana,L,Indigo,Winter,3.3,False,2-Day Shipping,False,False,42,PayPal,Weekly,7,52.142857142857146,1564.29,42,True,1290,0,False,False,3.3,False,68.2,Gold,Retention Category
3210,64,Female,Shoes,Footwear,31,Arkansas,L,Peach,Fall,4.3,False,Standard,False,False,39,Debit Card,Annually,365,1.0,31.0,39,True,1240,0,False,False,4.3,False,38.8,Silver,Entry-Point Category
3211,30,Female,Socks,Clothing,67,Nevada,M,Magenta,Summer,2.9,False,Express,False,False,43,Venmo,Bi-Weekly,14,26.071428571428573,1746.79,43,True,2948,0,False,True,2.9,False,67.1,Gold,Entry-Point Category
3212,53,Female,Pants,Clothing,65,Rhode Island,L,Turquoise,Winter,4.9,False,Standard,False,False,12,Cash,Monthly,30,12.166666666666666,790.83,12,False,845,0,False,True,4.9,False,54.5,Silver,Entry-Point Category
3213,27,Female,Sneakers,Footwear,22,Wyoming,M,Indigo,Winter,3.6,False,2-Day Shipping,False,False,21,Debit Card,Weekly,7,52.142857142857146,1147.14,21,False,484,0,False,False,3.6,False,54.3,Silver,Entry-Point Category
3214,27,Female,Sunglasses,Accessories,56,Texas,M,Brown,Winter,3.3,False,Standard,False,False,33,Credit Card,Monthly,30,12.166666666666666,681.33,33,False,1904,0,False,False,3.3,False,52.9,Silver,Retention Category
3215,53,Female,Skirt,Clothing,78,Washington,M,Yellow,Spring,3.1,False,Free Shipping,False,False,6,Debit Card,Annually,365,1.0,78.0,6,False,546,0,False,True,3.1,False,13.5,Bronze,Entry-Point Category
3216,34,Female,Coat,Outerwear,90,Rhode Island,M,Magenta,Summer,2.7,False,Free Shipping,False,False,10,PayPal,Every 3 Months,90,4.055555555555555,365.0,10,False,990,0,False,True,2.7,False,28.1,Bronze,Entry-Point Category
3217,39,Female,Hoodie,Clothing,85,Illinois,S,Olive,Winter,3.4,False,Next Day Air,False,False,18,Cash,Weekly,7,52.142857142857146,4432.14,18,False,1615,0,False,True,3.4,False,66.3,Gold,Entry-Point Category
3218,44,Female,Sunglasses,Accessories,58,Oregon,M,Silver,Fall,3.4,False,Express,False,False,46,Venmo,Weekly,7,52.142857142857146,3024.29,46,True,2726,0,False,False,3.4,False,81.0,Platinum,Retention Category
3219,37,Female,Skirt,Clothing,34,Florida,M,Teal,Fall,3.9,False,Express,False,False,49,PayPal,Monthly,30,12.166666666666666,413.67,49,True,1700,0,False,False,3.9,False,63.7,Gold,Entry-Point Category
3220,57,Female,Coat,Outerwear,40,Kansas,L,White,Summer,3.5,False,2-Day Shipping,False,False,39,Credit Card,Weekly,7,52.142857142857146,2085.71,39,True,1600,0,False,False,3.5,False,72.4,Gold,Entry-Point Category
3221,38,Female,Handbag,Accessories,29,North Dakota,M,Blue,Fall,4.1,False,Free Shipping,False,False,16,Cash,Monthly,30,12.166666666666666,352.83,16,False,493,0,False,False,4.1,False,42.5,Silver,Retention Category
3222,21,Female,T-shirt,Clothing,76,New Hampshire,M,Yellow,Winter,3.2,False,Standard,False,False,28,Cash,Annually,365,1.0,76.0,28,False,2204,0,False,True,3.2,False,27.2,Bronze,Entry-Point Category
3223,45,Female,Sunglasses,Accessories,84,Texas,S,Maroon,Fall,4.6,False,Store Pickup,False,False,22,PayPal,Quarterly,90,4.055555555555555,340.67,22,False,1932,0,False,True,4.6,False,49.6,Silver,Retention Category
3224,68,Female,Shirt,Clothing,65,Montana,S,Gray,Spring,3.9,False,Standard,False,False,36,Venmo,Bi-Weekly,14,26.071428571428573,1694.64,36,False,2405,0,False,True,3.9,False,70.6,Gold,Entry-Point Category
3225,37,Female,Hoodie,Clothing,80,Delaware,L,Indigo,Winter,2.7,False,Free Shipping,False,False,18,PayPal,Monthly,30,12.166666666666666,973.33,18,False,1520,0,False,True,2.7,False,42.9,Silver,Entry-Point Category
3226,53,Female,Blouse,Clothing,98,New Hampshire,M,Pink,Fall,3.0,False,Store Pickup,False,False,31,Credit Card,Weekly,7,52.142857142857146,5110.0,31,False,3136,0,False,True,3.0,False,72.2,Gold,Entry-Point Category
3227,57,Female,Sneakers,Footwear,71,Minnesota,XL,Beige,Spring,3.3,False,Next Day Air,False,False,38,Bank Transfer,Fortnightly,14,26.071428571428573,1851.07,38,True,2769,0,False,True,3.3,False,68.4,Gold,Entry-Point Category
3228,28,Female,Scarf,Accessories,69,Alaska,XL,White,Fall,2.7,False,Free Shipping,False,False,42,Debit Card,Quarterly,90,4.055555555555555,279.83,42,True,2967,0,False,True,2.7,False,42.9,Silver,Retention Category
3229,37,Female,Jewelry,Accessories,95,Connecticut,M,Yellow,Spring,4.6,False,2-Day Shipping,False,False,27,PayPal,Annually,365,1.0,95.0,27,False,2660,0,False,True,4.6,False,40.4,Silver,Retention Category
3230,54,Female,Pants,Clothing,67,Connecticut,M,Teal,Fall,2.7,False,Express,False,False,24,Cash,Monthly,30,12.166666666666666,815.17,24,False,1675,0,False,True,2.7,False,44.3,Silver,Entry-Point Category
3231,49,Female,Sneakers,Footwear,49,Kansas,M,Olive,Summer,2.5,False,Next Day Air,False,False,38,Debit Card,Annually,365,1.0,49.0,38,True,1911,0,False,False,2.5,True,25.5,Bronze,Entry-Point Category
3232,62,Female,Shoes,Footwear,97,Nevada,M,Maroon,Winter,4.4,False,Free Shipping,False,False,9,Credit Card,Annually,365,1.0,97.0,9,False,970,0,False,True,4.4,False,28.3,Bronze,Entry-Point Category
3233,45,Female,T-shirt,Clothing,34,Massachusetts,M,White,Spring,4.0,False,Next Day Air,False,False,19,Bank Transfer,Monthly,30,12.166666666666666,413.67,19,False,680,0,False,False,4.0,False,46.5,Silver,Entry-Point Category
3234,45,Female,Belt,Accessories,74,Indiana,M,Lavender,Fall,3.8,False,Express,False,False,11,Debit Card,Bi-Weekly,14,26.071428571428573,1929.29,11,False,888,0,False,True,3.8,False,56.8,Gold,Retention Category
3235,49,Female,Jewelry,Accessories,96,Washington,M,Black,Winter,2.5,False,2-Day Shipping,False,False,16,Debit Card,Quarterly,90,4.055555555555555,389.33,16,False,1632,0,False,True,2.5,True,31.7,Silver,Retention Category
3236,27,Female,Belt,Accessories,68,Kansas,M,Green,Summer,4.0,False,Free Shipping,False,False,18,Venmo,Monthly,30,12.166666666666666,827.33,18,False,1292,0,False,True,4.0,False,51.2,Silver,Retention Category
3237,63,Female,Belt,Accessories,84,South Carolina,L,Olive,Fall,4.1,False,Next Day Air,False,False,8,Cash,Monthly,30,12.166666666666666,1022.0,8,False,756,0,False,True,4.1,False,49.1,Silver,Retention Category
3238,61,Female,T-shirt,Clothing,57,Vermont,M,Gray,Summer,2.8,False,Express,False,False,4,Cash,Weekly,7,52.142857142857146,2972.14,4,False,285,0,False,False,2.8,False,51.0,Silver,Entry-Point Category
3239,25,Female,Sneakers,Footwear,84,Wyoming,XL,Teal,Fall,3.4,False,2-Day Shipping,False,False,37,Cash,Quarterly,90,4.055555555555555,340.67,37,False,3192,0,False,True,3.4,False,48.9,Silver,Entry-Point Category
3240,33,Female,Sunglasses,Accessories,32,Colorado,M,Charcoal,Fall,2.7,False,2-Day Shipping,False,False,30,Cash,Monthly,30,12.166666666666666,389.33,30,False,992,0,False,False,2.7,False,41.5,Silver,Retention Category
3241,56,Female,Sandals,Footwear,37,West Virginia,M,Violet,Fall,3.8,False,2-Day Shipping,False,False,37,Bank Transfer,Monthly,30,12.166666666666666,450.17,37,False,1406,0,False,False,3.8,False,56.0,Gold,Entry-Point Category
3242,50,Female,Handbag,Accessories,58,Connecticut,M,Lavender,Summer,4.4,False,Store Pickup,False,False,30,PayPal,Quarterly,90,4.055555555555555,235.22,30,False,1798,0,False,False,4.4,False,47.3,Silver,Retention Category
3243,45,Female,Socks,Clothing,74,Oregon,S,Beige,Fall,2.8,False,Express,False,False,17,Venmo,Weekly,7,52.142857142857146,3858.57,17,False,1332,0,False,True,2.8,False,60.0,Gold,Entry-Point Category
3244,45,Female,Hoodie,Clothing,99,Idaho,L,Black,Summer,5.0,False,Store Pickup,False,False,11,Bank Transfer,Every 3 Months,90,4.055555555555555,401.5,11,False,1188,0,False,True,5.0,False,49.1,Silver,Entry-Point Category
3245,65,Female,Sweater,Clothing,81,Arkansas,M,Black,Fall,4.7,False,Express,False,False,42,Credit Card,Annually,365,1.0,81.0,42,True,3483,0,False,True,4.7,False,48.1,Silver,Entry-Point Category
3246,63,Female,Pants,Clothing,76,Kansas,M,Purple,Fall,3.2,False,Next Day Air,False,False,20,Cash,Weekly,7,52.142857142857146,3962.86,20,False,1596,0,False,True,3.2,False,65.2,Gold,Entry-Point Category
3247,70,Female,Sneakers,Footwear,98,Michigan,M,Magenta,Summer,2.9,False,Store Pickup,False,False,37,Cash,Monthly,30,12.166666666666666,1192.33,37,False,3724,0,False,True,2.9,False,58.9,Gold,Entry-Point Category
3248,53,Female,Gloves,Accessories,91,Arkansas,M,Teal,Summer,3.7,False,Express,False,False,12,PayPal,Fortnightly,14,26.071428571428573,2372.5,12,False,1183,0,False,True,3.7,False,60.3,Gold,Retention Category
3249,22,Female,T-shirt,Clothing,79,Pennsylvania,S,Teal,Summer,4.2,False,Free Shipping,False,False,41,Bank Transfer,Quarterly,90,4.055555555555555,320.39,41,True,3318,0,False,True,4.2,False,56.8,Gold,Entry-Point Category
3250,26,Female,Backpack,Accessories,83,Virginia,M,Pink,Summer,3.4,False,Express,False,False,32,Credit Card,Quarterly,90,4.055555555555555,336.61,32,False,2739,0,False,True,3.4,False,45.7,Silver,Retention Category
3251,23,Female,Coat,Outerwear,90,Minnesota,M,Teal,Spring,2.9,False,2-Day Shipping,False,False,15,Venmo,Weekly,7,52.142857142857146,4692.86,15,False,1440,0,False,True,2.9,False,61.0,Gold,Entry-Point Category
3252,25,Female,Coat,Outerwear,20,Nevada,M,Gold,Winter,3.7,False,Standard,False,False,39,Venmo,Quarterly,90,4.055555555555555,81.11,39,True,800,0,False,False,3.7,False,38.2,Silver,Entry-Point Category
3253,69,Female,Sandals,Footwear,21,Montana,L,Brown,Spring,2.7,False,Store Pickup,False,False,48,Credit Card,Fortnightly,14,26.071428571428573,547.5,48,True,1029,0,False,False,2.7,False,54.8,Silver,Entry-Point Category
3254,36,Female,Backpack,Accessories,60,Nebraska,M,Brown,Fall,3.2,False,2-Day Shipping,False,False,8,Venmo,Fortnightly,14,26.071428571428573,1564.29,8,False,540,0,False,True,3.2,False,47.1,Silver,Retention Category
3255,21,Female,Sweater,Clothing,31,Indiana,S,Magenta,Winter,4.9,False,Store Pickup,False,False,11,Bank Transfer,Every 3 Months,90,4.055555555555555,125.72,11,False,372,0,False,False,4.9,False,35.1,Silver,Entry-Point Category
3256,57,Female,Shorts,Clothing,40,New Jersey,M,Black,Fall,2.8,False,Next Day Air,False,False,36,Bank Transfer,Monthly,30,12.166666666666666,486.67,36,False,1480,0,False,False,2.8,False,47.6,Silver,Entry-Point Category
3257,60,Female,Sunglasses,Accessories,26,Wisconsin,L,Teal,Winter,4.7,False,Free Shipping,False,False,50,Venmo,Every 3 Months,90,4.055555555555555,105.44,50,True,1326,0,False,False,4.7,False,56.1,Gold,Retention Category
3258,44,Female,Shirt,Clothing,98,Minnesota,M,Brown,Fall,3.3,False,Express,False,False,39,Venmo,Every 3 Months,90,4.055555555555555,397.44,39,True,3920,0,False,True,3.3,False,52.1,Silver,Entry-Point Category
3259,31,Female,Shoes,Footwear,51,New Jersey,M,Magenta,Spring,4.3,False,Express,False,False,11,Credit Card,Bi-Weekly,14,26.071428571428573,1329.64,11,False,612,0,False,False,4.3,False,55.9,Gold,Entry-Point Category
3260,57,Female,Hat,Accessories,95,Oklahoma,XL,Indigo,Fall,3.7,False,2-Day Shipping,False,False,5,Debit Card,Every 3 Months,90,4.055555555555555,385.28,5,False,570,0,False,True,3.7,False,34.3,Silver,Retention Category
3261,39,Female,Scarf,Accessories,36,Wisconsin,M,Violet,Summer,4.5,False,2-Day Shipping,False,False,7,Credit Card,Annually,365,1.0,36.0,7,False,288,0,False,False,4.5,False,21.8,Bronze,Retention Category
3262,48,Female,Belt,Accessories,52,Rhode Island,L,Cyan,Winter,3.4,False,Store Pickup,False,False,50,Debit Card,Weekly,7,52.142857142857146,2711.43,50,True,2652,0,False,False,3.4,False,82.9,Platinum,Retention Category
3263,42,Female,T-shirt,Clothing,35,Indiana,M,Violet,Spring,2.7,False,Standard,False,False,21,Cash,Every 3 Months,90,4.055555555555555,141.94,21,False,770,0,False,False,2.7,False,24.2,Bronze,Entry-Point Category
3264,56,Female,Shorts,Clothing,68,Vermont,S,Black,Fall,4.4,False,Express,False,False,31,Debit Card,Fortnightly,14,26.071428571428573,1772.86,31,False,2176,0,False,True,4.4,False,72.6,Gold,Entry-Point Category
3265,28,Female,Pants,Clothing,50,Maine,S,Charcoal,Winter,4.0,False,Express,False,False,39,Cash,Bi-Weekly,14,26.071428571428573,1303.57,39,True,2000,0,False,False,4.0,False,70.0,Gold,Entry-Point Category
3266,40,Female,Sunglasses,Accessories,100,Alabama,M,White,Winter,3.2,False,Express,False,False,28,Credit Card,Fortnightly,14,26.071428571428573,2607.14,28,False,2900,0,False,True,3.2,False,68.0,Gold,Retention Category
3267,49,Female,Coat,Outerwear,74,Alabama,S,Gray,Winter,4.2,False,Next Day Air,False,False,33,Bank Transfer,Weekly,7,52.142857142857146,3858.57,33,False,2516,0,False,True,4.2,False,81.4,Platinum,Entry-Point Category
3268,37,Female,Hoodie,Clothing,45,Idaho,L,Pink,Winter,3.0,False,Store Pickup,False,False,42,Credit Card,Quarterly,90,4.055555555555555,182.5,42,True,1935,0,False,False,3.0,False,41.1,Silver,Entry-Point Category
3269,22,Female,Dress,Clothing,97,Arkansas,M,Cyan,Fall,2.8,False,Free Shipping,False,False,5,Bank Transfer,Every 3 Months,90,4.055555555555555,393.39,5,False,582,0,False,True,2.8,False,27.6,Bronze,Entry-Point Category
3270,27,Female,Blouse,Clothing,60,Ohio,M,Blue,Winter,4.9,False,Express,False,False,25,Cash,Monthly,30,12.166666666666666,730.0,25,False,1560,0,False,True,4.9,False,61.4,Gold,Entry-Point Category
3271,59,Female,Socks,Clothing,25,Illinois,M,Indigo,Winter,4.7,False,Express,False,False,48,PayPal,Annually,365,1.0,25.0,48,True,1225,0,False,False,4.7,False,46.8,Silver,Entry-Point Category
3272,35,Female,Socks,Clothing,55,Nevada,XL,Magenta,Spring,4.4,False,Standard,False,False,30,Credit Card,Weekly,7,52.142857142857146,2867.86,30,False,1705,0,False,False,4.4,False,79.4,Gold,Entry-Point Category
3273,58,Female,Shoes,Footwear,99,Texas,M,Lavender,Winter,3.1,False,Next Day Air,False,False,34,PayPal,Quarterly,90,4.055555555555555,401.5,34,False,3465,0,False,True,3.1,False,48.1,Silver,Entry-Point Category
3274,58,Female,Belt,Accessories,45,Nevada,S,Orange,Summer,2.6,False,Free Shipping,False,False,34,PayPal,Every 3 Months,90,4.055555555555555,182.5,34,False,1575,0,False,False,2.6,False,33.4,Silver,Retention Category
3275,46,Female,Sweater,Clothing,20,Oklahoma,M,Cyan,Spring,3.9,False,Store Pickup,False,False,14,Cash,Fortnightly,14,26.071428571428573,521.43,14,False,300,0,False,False,3.9,False,43.5,Silver,Entry-Point Category
3276,43,Female,Pants,Clothing,88,Alabama,XL,Green,Summer,2.6,False,2-Day Shipping,False,False,2,Debit Card,Weekly,7,52.142857142857146,4588.57,2,False,264,0,False,True,2.6,False,50.6,Silver,Entry-Point Category
3277,39,Female,Scarf,Accessories,99,South Dakota,M,White,Summer,4.0,False,Store Pickup,False,False,41,PayPal,Every 3 Months,90,4.055555555555555,401.5,41,True,4158,0,False,True,4.0,False,59.4,Gold,Retention Category
3278,59,Female,Skirt,Clothing,86,Texas,M,Blue,Spring,4.9,False,Store Pickup,False,False,3,Credit Card,Monthly,30,12.166666666666666,1046.33,3,False,344,0,False,True,4.9,False,52.6,Silver,Entry-Point Category
3279,59,Female,Dress,Clothing,70,Montana,M,Black,Summer,3.3,False,2-Day Shipping,False,False,18,Bank Transfer,Weekly,7,52.142857142857146,3650.0,18,False,1330,0,False,True,3.3,False,64.2,Gold,Entry-Point Category
3280,59,Female,Hat,Accessories,50,Wyoming,S,Red,Fall,3.0,False,Express,False,False,1,Debit Card,Fortnightly,14,26.071428571428573,1303.57,1,False,100,0,False,False,3.0,False,39.0,Silver,Retention Category
3281,45,Female,Handbag,Accessories,57,New York,L,Red,Winter,2.7,False,Next Day Air,False,False,5,PayPal,Monthly,30,12.166666666666666,693.5,5,False,342,0,False,False,2.7,False,31.4,Silver,Retention Category
3282,27,Female,Pants,Clothing,69,Oregon,L,Gold,Winter,3.1,False,Free Shipping,False,False,41,Bank Transfer,Annually,365,1.0,69.0,41,True,2898,0,False,True,3.1,False,33.6,Silver,Entry-Point Category
3283,24,Female,T-shirt,Clothing,94,California,M,Red,Fall,4.8,False,Next Day Air,False,False,5,Credit Card,Monthly,30,12.166666666666666,1143.67,5,False,564,0,False,True,4.8,False,54.3,Silver,Entry-Point Category
3284,47,Female,Jacket,Outerwear,24,North Carolina,L,Purple,Spring,2.9,False,Express,False,False,10,Debit Card,Every 3 Months,90,4.055555555555555,97.33,10,False,264,0,False,False,2.9,False,16.7,Bronze,Entry-Point Category
3285,70,Female,Scarf,Accessories,79,Kentucky,L,White,Spring,4.5,False,2-Day Shipping,False,False,20,Venmo,Annually,365,1.0,79.0,20,False,1659,0,False,True,4.5,False,33.1,Silver,Retention Category
3286,58,Female,Hat,Accessories,31,Hawaii,XL,Magenta,Fall,4.6,False,Free Shipping,False,False,11,Cash,Weekly,7,52.142857142857146,1616.43,11,False,372,0,False,False,4.6,False,60.5,Gold,Retention Category
3287,45,Female,Jacket,Outerwear,67,Illinois,L,Pink,Winter,5.0,False,Express,False,False,4,Venmo,Fortnightly,14,26.071428571428573,1746.79,4,False,335,0,False,True,5.0,False,60.5,Gold,Entry-Point Category
3288,24,Female,Skirt,Clothing,63,West Virginia,L,Black,Spring,4.3,False,2-Day Shipping,False,False,38,Credit Card,Weekly,7,52.142857142857146,3285.0,38,True,2457,0,False,True,4.3,False,84.2,Platinum,Entry-Point Category
3289,67,Female,Handbag,Accessories,61,South Carolina,XL,White,Spring,4.9,False,Next Day Air,False,False,19,Credit Card,Bi-Weekly,14,26.071428571428573,1590.36,19,False,1220,0,False,True,4.9,False,67.4,Gold,Retention Category
3290,31,Female,Backpack,Accessories,50,Montana,M,Maroon,Summer,4.0,False,2-Day Shipping,False,False,16,Venmo,Every 3 Months,90,4.055555555555555,202.78,16,False,850,0,False,False,4.0,False,34.4,Silver,Retention Category
3291,52,Female,Coat,Outerwear,82,North Dakota,L,Black,Spring,3.1,False,Free Shipping,False,False,2,PayPal,Monthly,30,12.166666666666666,997.67,2,False,246,0,False,True,3.1,False,36.8,Silver,Entry-Point Category
3292,29,Female,Belt,Accessories,51,New Mexico,L,Olive,Fall,2.6,False,2-Day Shipping,False,False,11,Cash,Monthly,30,12.166666666666666,620.5,11,False,612,0,False,False,2.6,False,32.8,Silver,Retention Category
3293,62,Female,Handbag,Accessories,23,Missouri,L,Gray,Spring,4.9,False,Standard,False,False,18,Bank Transfer,Fortnightly,14,26.071428571428573,599.64,18,False,437,0,False,False,4.9,False,55.1,Gold,Retention Category
3294,19,Female,Coat,Outerwear,91,West Virginia,M,Gold,Spring,3.5,False,2-Day Shipping,False,False,47,Credit Card,Fortnightly,14,26.071428571428573,2372.5,47,True,4368,0,False,True,3.5,False,79.8,Gold,Entry-Point Category
3295,62,Female,Sweater,Clothing,60,South Carolina,S,Magenta,Spring,4.5,False,Store Pickup,False,False,15,Bank Transfer,Bi-Weekly,14,26.071428571428573,1564.29,15,False,960,0,False,True,4.5,False,61.8,Gold,Entry-Point Category
3296,70,Female,Blouse,Clothing,34,West Virginia,S,Lavender,Summer,2.8,False,Next Day Air,False,False,15,Cash,Weekly,7,52.142857142857146,1772.86,15,False,544,0,False,False,2.8,False,49.9,Silver,Entry-Point Category
3297,20,Female,Blouse,Clothing,23,Alaska,M,Green,Spring,4.2,False,Next Day Air,False,False,47,Venmo,Quarterly,90,4.055555555555555,93.28,47,True,1104,0,False,False,4.2,False,48.8,Silver,Entry-Point Category
3298,67,Female,Belt,Accessories,82,West Virginia,M,Violet,Fall,4.1,False,Free Shipping,False,False,47,PayPal,Monthly,30,12.166666666666666,997.67,47,True,3936,0,False,True,4.1,False,72.0,Gold,Retention Category
3299,65,Female,Jacket,Outerwear,73,New Mexico,M,Brown,Fall,3.5,False,Express,False,False,6,Bank Transfer,Every 3 Months,90,4.055555555555555,296.06,6,False,511,0,False,True,3.5,False,28.9,Bronze,Entry-Point Category
3300,45,Female,Shorts,Clothing,32,South Dakota,L,Teal,Spring,4.0,False,2-Day Shipping,False,False,18,Venmo,Monthly,30,12.166666666666666,389.33,18,False,608,0,False,False,4.0,False,44.7,Silver,Entry-Point Category
3301,26,Female,Hat,Accessories,80,Oklahoma,M,Charcoal,Spring,4.0,False,Express,False,False,40,Bank Transfer,Bi-Weekly,14,26.071428571428573,2085.71,40,True,3280,0,False,True,4.0,False,77.1,Gold,Retention Category
3302,36,Female,Pants,Clothing,58,Oklahoma,XL,Charcoal,Summer,2.5,False,Free Shipping,False,False,31,Credit Card,Fortnightly,14,26.071428571428573,1512.14,31,False,1856,0,False,False,2.5,True,55.2,Gold,Entry-Point Category
3303,36,Female,Blouse,Clothing,82,Alabama,XL,Beige,Winter,4.2,False,Standard,False,False,31,Venmo,Bi-Weekly,14,26.071428571428573,2137.86,31,False,2624,0,False,True,4.2,False,73.9,Gold,Entry-Point Category
3304,20,Female,Belt,Accessories,60,Mississippi,S,Turquoise,Summer,3.4,False,Next Day Air,False,False,4,Credit Card,Fortnightly,14,26.071428571428573,1564.29,4,False,300,0,False,True,3.4,False,46.3,Silver,Retention Category
3305,30,Female,Handbag,Accessories,79,Mississippi,XL,Orange,Fall,4.8,False,Next Day Air,False,False,36,Bank Transfer,Every 3 Months,90,4.055555555555555,320.39,36,False,2923,0,False,True,4.8,False,58.6,Gold,Retention Category
3306,34,Female,Hoodie,Clothing,41,Nebraska,L,Cyan,Summer,4.9,False,Standard,False,False,31,PayPal,Bi-Weekly,14,26.071428571428573,1068.93,31,False,1312,0,False,False,4.9,False,69.7,Gold,Entry-Point Category
3307,63,Female,Jacket,Outerwear,39,Colorado,L,Orange,Summer,3.6,False,Store Pickup,False,False,6,Venmo,Fortnightly,14,26.071428571428573,1016.79,6,False,273,0,False,False,3.6,False,43.7,Silver,Entry-Point Category
3308,18,Female,Scarf,Accessories,36,Pennsylvania,S,Green,Winter,4.0,False,Store Pickup,False,False,1,Cash,Monthly,30,12.166666666666666,438.0,1,False,72,0,False,False,4.0,False,35.9,Silver,Retention Category
3309,55,Female,Jeans,Clothing,70,Utah,M,Pink,Fall,2.6,False,Express,False,False,29,Cash,Monthly,30,12.166666666666666,851.67,29,False,2100,0,False,True,2.6,False,47.0,Silver,Entry-Point Category
3310,48,Female,Handbag,Accessories,47,Massachusetts,M,Blue,Summer,3.1,False,Store Pickup,False,False,19,PayPal,Monthly,30,12.166666666666666,571.83,19,False,940,0,False,False,3.1,False,40.7,Silver,Retention Category
3311,45,Female,Jacket,Outerwear,27,Iowa,M,Pink,Winter,3.6,False,Free Shipping,False,False,12,PayPal,Fortnightly,14,26.071428571428573,703.93,12,False,351,0,False,False,3.6,False,42.7,Silver,Entry-Point Category
3312,29,Female,Hat,Accessories,52,Florida,L,Blue,Summer,4.0,False,Express,False,False,18,Bank Transfer,Annually,365,1.0,52.0,18,False,988,0,False,False,4.0,False,25.6,Bronze,Retention Category
3313,55,Female,Sneakers,Footwear,75,Louisiana,L,Black,Summer,3.9,False,Next Day Air,False,False,45,Cash,Quarterly,90,4.055555555555555,304.17,45,True,3450,0,False,True,3.9,False,55.6,Gold,Entry-Point Category
3314,55,Female,Hat,Accessories,30,Kansas,XL,Black,Fall,3.9,False,Express,False,False,45,Credit Card,Monthly,30,12.166666666666666,365.0,45,True,1380,0,False,False,3.9,False,58.7,Gold,Retention Category
3315,55,Female,Socks,Clothing,94,Kansas,M,Violet,Spring,3.3,False,Standard,False,False,8,Credit Card,Quarterly,90,4.055555555555555,381.22,8,False,846,0,False,True,3.3,False,32.7,Silver,Entry-Point Category
3316,48,Female,Scarf,Accessories,68,Kentucky,S,Gold,Summer,2.9,False,Standard,False,False,4,PayPal,Every 3 Months,90,4.055555555555555,275.78,4,False,340,0,False,True,2.9,False,21.6,Bronze,Retention Category
3317,42,Female,Socks,Clothing,45,New Mexico,M,Olive,Summer,3.1,False,Free Shipping,False,False,5,Debit Card,Fortnightly,14,26.071428571428573,1173.21,5,False,270,0,False,False,3.1,False,41.2,Silver,Entry-Point Category
3318,21,Female,Hat,Accessories,67,North Carolina,XL,Pink,Summer,4.7,False,Standard,False,False,30,Cash,Quarterly,90,4.055555555555555,271.72,30,False,2077,0,False,True,4.7,False,51.5,Silver,Retention Category
3319,45,Female,Jacket,Outerwear,46,North Dakota,M,Olive,Summer,3.9,False,Free Shipping,False,False,15,PayPal,Monthly,30,12.166666666666666,559.67,15,False,736,0,False,False,3.9,False,44.8,Silver,Entry-Point Category
3320,23,Female,Shorts,Clothing,31,North Dakota,M,Indigo,Summer,4.3,False,Next Day Air,False,False,17,Credit Card,Every 3 Months,90,4.055555555555555,125.72,17,False,558,0,False,False,4.3,False,33.9,Silver,Entry-Point Category
3321,66,Female,Blouse,Clothing,44,Illinois,XL,Silver,Fall,4.2,False,2-Day Shipping,False,False,45,Cash,Every 3 Months,90,4.055555555555555,178.44,45,True,2024,0,False,False,4.2,False,52.5,Silver,Entry-Point Category
3322,32,Female,Coat,Outerwear,100,Maine,S,Charcoal,Winter,4.3,False,Next Day Air,False,False,3,Venmo,Annually,365,1.0,100.0,3,False,400,0,False,True,4.3,False,24.3,Bronze,Entry-Point Category
3323,52,Female,Sweater,Clothing,92,Indiana,XL,Orange,Winter,4.6,False,Next Day Air,False,False,43,PayPal,Weekly,7,52.142857142857146,4797.14,43,True,4048,0,False,True,4.6,False,91.8,Platinum,Entry-Point Category
3324,54,Female,Handbag,Accessories,78,North Dakota,M,Yellow,Winter,3.8,False,Free Shipping,False,False,4,Credit Card,Monthly,30,12.166666666666666,949.0,4,False,390,0,False,True,3.8,False,43.0,Silver,Retention Category
3325,37,Female,T-shirt,Clothing,32,Missouri,S,Red,Fall,3.3,False,Standard,False,False,41,Venmo,Weekly,7,52.142857142857146,1668.57,41,True,1344,0,False,False,3.3,False,68.4,Gold,Entry-Point Category
3326,29,Female,Sandals,Footwear,97,Alaska,M,Maroon,Fall,3.7,False,2-Day Shipping,False,False,16,Venmo,Monthly,30,12.166666666666666,1180.17,16,False,1649,0,False,True,3.7,False,52.6,Silver,Entry-Point Category
3327,47,Female,Gloves,Accessories,95,North Dakota,M,Magenta,Summer,4.3,False,Standard,False,False,10,Debit Card,Annually,365,1.0,95.0,10,False,1045,0,False,True,4.3,False,27.8,Bronze,Retention Category
3328,47,Female,Shorts,Clothing,64,Connecticut,M,Black,Spring,4.1,False,Express,False,False,2,Debit Card,Quarterly,90,4.055555555555555,259.56,2,False,192,0,False,True,4.1,False,29.4,Bronze,Entry-Point Category
3329,42,Female,Sandals,Footwear,35,Wisconsin,M,Violet,Spring,3.2,False,Free Shipping,False,False,11,Cash,Bi-Weekly,14,26.071428571428573,912.5,11,False,420,0,False,False,3.2,False,41.7,Silver,Entry-Point Category
3330,34,Female,Backpack,Accessories,54,New Jersey,M,Gray,Winter,3.8,False,Express,False,False,1,Debit Card,Bi-Weekly,14,26.071428571428573,1407.86,1,False,108,0,False,False,3.8,False,46.4,Silver,Retention Category
3331,38,Female,Sneakers,Footwear,96,Missouri,M,Black,Spring,3.2,False,2-Day Shipping,False,False,41,Bank Transfer,Quarterly,90,4.055555555555555,389.33,41,True,4032,0,False,True,3.2,False,52.1,Silver,Entry-Point Category
3332,55,Female,Sunglasses,Accessories,58,California,M,Pink,Summer,3.5,False,Free Shipping,False,False,39,PayPal,Quarterly,90,4.055555555555555,235.22,39,True,2320,0,False,False,3.5,False,45.3,Silver,Retention Category
3333,27,Female,T-shirt,Clothing,23,Washington,M,Silver,Summer,3.1,False,2-Day Shipping,False,False,1,PayPal,Bi-Weekly,14,26.071428571428573,599.64,1,False,46,0,False,False,3.1,False,30.4,Silver,Entry-Point Category
3334,55,Female,Jeans,Clothing,35,Minnesota,M,Violet,Spring,4.2,False,Express,False,False,3,PayPal,Monthly,30,12.166666666666666,425.83,3,False,140,0,False,False,4.2,False,38.7,Silver,Entry-Point Category
3335,66,Female,Shirt,Clothing,23,California,M,Beige,Summer,3.4,False,Free Shipping,False,False,21,Credit Card,Annually,365,1.0,23.0,21,False,506,0,False,False,3.4,False,19.8,Bronze,Entry-Point Category
3336,44,Female,Hat,Accessories,94,Texas,XL,Cyan,Winter,3.5,False,Express,False,False,48,Bank Transfer,Quarterly,90,4.055555555555555,381.22,48,True,4606,0,False,True,3.5,False,58.3,Gold,Retention Category
3337,39,Female,Blouse,Clothing,45,Montana,M,Brown,Fall,4.0,False,Free Shipping,False,False,24,Debit Card,Annually,365,1.0,45.0,24,False,1125,0,False,False,4.0,False,28.6,Bronze,Entry-Point Category
3338,23,Female,Jacket,Outerwear,23,Arizona,L,Blue,Winter,4.4,False,2-Day Shipping,False,False,45,Bank Transfer,Bi-Weekly,14,26.071428571428573,599.64,45,True,1058,0,False,False,4.4,False,67.4,Gold,Entry-Point Category
3339,29,Female,Skirt,Clothing,94,Minnesota,L,White,Winter,2.9,False,2-Day Shipping,False,False,46,Credit Card,Monthly,30,12.166666666666666,1143.67,46,True,4418,0,False,True,2.9,False,63.3,Gold,Entry-Point Category
3340,20,Female,Gloves,Accessories,99,Nebraska,M,Cyan,Fall,3.6,False,Store Pickup,False,False,35,Cash,Fortnightly,14,26.071428571428573,2581.07,35,False,3564,0,False,True,3.6,False,75.3,Gold,Retention Category
3341,42,Female,T-shirt,Clothing,36,Virginia,XL,Maroon,Fall,4.4,False,Free Shipping,False,False,47,Credit Card,Fortnightly,14,26.071428571428573,938.57,47,True,1728,0,False,False,4.4,False,73.5,Gold,Entry-Point Category
3342,55,Female,Jacket,Outerwear,50,Connecticut,XL,Olive,Summer,4.5,False,Standard,False,False,35,Credit Card,Monthly,30,12.166666666666666,608.33,35,False,1800,0,False,False,4.5,False,62.6,Gold,Entry-Point Category
3343,66,Female,Jacket,Outerwear,81,New Jersey,M,Violet,Spring,3.8,False,Free Shipping,False,False,45,Credit Card,Weekly,7,52.142857142857146,4223.57,45,True,3726,0,False,True,3.8,False,85.4,Platinum,Entry-Point Category
3344,24,Female,Shorts,Clothing,31,Kentucky,XL,Green,Winter,3.6,False,2-Day Shipping,False,False,6,Cash,Bi-Weekly,14,26.071428571428573,808.21,6,False,217,0,False,False,3.6,False,40.8,Silver,Entry-Point Category
3345,62,Female,Hat,Accessories,48,Washington,XL,Magenta,Fall,4.3,False,Free Shipping,False,False,20,Cash,Annually,365,1.0,48.0,20,False,1008,0,False,False,4.3,False,28.9,Bronze,Retention Category
3346,28,Female,Handbag,Accessories,91,Florida,M,Turquoise,Summer,4.0,False,2-Day Shipping,False,False,3,Venmo,Bi-Weekly,14,26.071428571428573,2372.5,3,False,364,0,False,True,4.0,False,57.5,Gold,Retention Category
3347,30,Female,Jeans,Clothing,99,Oklahoma,M,Black,Summer,3.4,False,Express,False,False,30,Venmo,Quarterly,90,4.055555555555555,401.5,30,False,3069,0,False,True,3.4,False,47.8,Silver,Entry-Point Category
3348,22,Female,Shoes,Footwear,70,Iowa,XL,Cyan,Summer,4.4,False,Standard,False,False,28,PayPal,Bi-Weekly,14,26.071428571428573,1825.0,28,False,2030,0,False,True,4.4,False,71.3,Gold,Entry-Point Category
3349,28,Female,T-shirt,Clothing,74,New Hampshire,L,Gray,Winter,2.8,False,Standard,False,False,15,Cash,Every 3 Months,90,4.055555555555555,300.11,15,False,1184,0,False,True,2.8,False,28.6,Bronze,Entry-Point Category
3350,35,Female,Jewelry,Accessories,79,Georgia,M,Red,Fall,2.8,False,Store Pickup,False,False,29,PayPal,Quarterly,90,4.055555555555555,320.39,29,False,2370,0,False,True,2.8,False,38.2,Silver,Retention Category
3351,45,Female,Handbag,Accessories,33,Mississippi,S,Olive,Fall,4.9,False,2-Day Shipping,False,False,15,Cash,Bi-Weekly,14,26.071428571428573,860.36,15,False,528,0,False,False,4.9,False,57.2,Gold,Retention Category
3352,43,Female,Shirt,Clothing,49,New Hampshire,L,Cyan,Spring,4.2,False,2-Day Shipping,False,False,18,Bank Transfer,Fortnightly,14,26.071428571428573,1277.5,18,False,931,0,False,False,4.2,False,58.8,Gold,Entry-Point Category
3353,55,Female,Belt,Accessories,96,Washington,M,Teal,Summer,2.9,False,Next Day Air,False,False,7,Bank Transfer,Bi-Weekly,14,26.071428571428573,2502.86,7,False,768,0,False,True,2.9,False,52.2,Silver,Retention Category
3354,31,Female,Dress,Clothing,66,Ohio,L,Teal,Fall,4.6,False,Free Shipping,False,False,19,Credit Card,Every 3 Months,90,4.055555555555555,267.67,19,False,1320,0,False,True,4.6,False,43.8,Silver,Entry-Point Category
3355,42,Female,Skirt,Clothing,45,Maryland,M,Orange,Fall,2.8,False,Next Day Air,False,False,15,PayPal,Weekly,7,52.142857142857146,2346.43,15,False,720,0,False,False,2.8,False,54.6,Silver,Entry-Point Category
3356,40,Female,Blouse,Clothing,28,Delaware,M,Peach,Spring,2.6,False,Store Pickup,False,False,3,Bank Transfer,Bi-Weekly,14,26.071428571428573,730.0,3,False,112,0,False,False,2.6,False,29.6,Bronze,Entry-Point Category
3357,39,Female,Jeans,Clothing,48,Tennessee,M,Silver,Summer,3.5,False,Store Pickup,False,False,13,PayPal,Bi-Weekly,14,26.071428571428573,1251.43,13,False,672,0,False,False,3.5,False,49.9,Silver,Entry-Point Category
3358,41,Female,Hoodie,Clothing,67,Arkansas,M,Pink,Winter,3.5,False,Free Shipping,False,False,37,Credit Card,Monthly,30,12.166666666666666,815.17,37,False,2546,0,False,True,3.5,False,58.6,Gold,Entry-Point Category
3359,56,Female,T-shirt,Clothing,59,Tennessee,M,Magenta,Fall,3.4,False,2-Day Shipping,False,False,26,Cash,Annually,365,1.0,59.0,26,False,1593,0,False,False,3.4,False,26.2,Bronze,Entry-Point Category
3360,43,Female,Sunglasses,Accessories,74,New Hampshire,L,Red,Fall,3.9,False,Next Day Air,False,False,29,Debit Card,Monthly,30,12.166666666666666,900.33,29,False,2220,0,False,True,3.9,False,58.1,Gold,Retention Category
3361,22,Female,Jacket,Outerwear,81,Minnesota,M,Maroon,Spring,3.3,False,2-Day Shipping,False,False,47,Cash,Every 3 Months,90,4.055555555555555,328.5,47,True,3888,0,False,True,3.3,False,53.2,Silver,Entry-Point Category
3362,47,Female,Shoes,Footwear,26,Florida,M,Silver,Spring,4.1,False,Free Shipping,False,False,47,Credit Card,Bi-Weekly,14,26.071428571428573,677.86,47,True,1248,0,False,False,4.1,False,67.5,Gold,Entry-Point Category
3363,50,Female,Handbag,Accessories,61,Tennessee,M,Gray,Summer,3.0,False,Next Day Air,False,False,48,Venmo,Fortnightly,14,26.071428571428573,1590.36,48,True,2989,0,False,True,3.0,False,69.6,Gold,Retention Category
3364,58,Female,Sweater,Clothing,23,California,M,Turquoise,Winter,3.0,False,Next Day Air,False,False,46,Bank Transfer,Bi-Weekly,14,26.071428571428573,599.64,46,True,1081,0,False,False,3.0,False,56.6,Gold,Entry-Point Category
3365,50,Female,Scarf,Accessories,33,Oregon,M,Peach,Fall,3.2,False,Standard,False,False,7,Credit Card,Monthly,30,12.166666666666666,401.5,7,False,264,0,False,False,3.2,False,32.6,Silver,Retention Category
3366,43,Female,Skirt,Clothing,58,Tennessee,L,Teal,Fall,3.9,False,Express,False,False,45,Credit Card,Every 3 Months,90,4.055555555555555,235.22,45,True,2668,0,False,False,3.9,False,52.0,Silver,Entry-Point Category
3367,38,Female,Gloves,Accessories,65,North Carolina,M,Red,Spring,3.6,False,2-Day Shipping,False,False,47,Debit Card,Quarterly,90,4.055555555555555,263.61,47,True,3120,0,False,True,3.6,False,52.4,Silver,Retention Category
3368,44,Female,T-shirt,Clothing,48,Tennessee,M,Blue,Summer,3.1,False,Store Pickup,False,False,6,Venmo,Fortnightly,14,26.071428571428573,1251.43,6,False,336,0,False,False,3.1,False,42.7,Silver,Entry-Point Category
3369,30,Female,Sandals,Footwear,25,Nebraska,M,Blue,Spring,4.8,False,Express,False,False,29,Bank Transfer,Every 3 Months,90,4.055555555555555,101.39,29,False,750,0,False,False,4.8,False,44.0,Silver,Entry-Point Category
3370,47,Female,Sweater,Clothing,51,Maine,M,Indigo,Winter,3.8,False,2-Day Shipping,False,False,42,Cash,Monthly,30,12.166666666666666,620.5,42,True,2193,0,False,False,3.8,False,61.0,Gold,Entry-Point Category
3371,30,Female,Belt,Accessories,31,Illinois,M,Charcoal,Summer,2.8,False,Store Pickup,False,False,46,Cash,Fortnightly,14,26.071428571428573,808.21,46,True,1457,0,False,False,2.8,False,58.0,Gold,Retention Category
3372,49,Female,Hoodie,Clothing,99,Colorado,S,Turquoise,Winter,4.0,False,Next Day Air,False,False,28,PayPal,Annually,365,1.0,99.0,28,False,2871,0,False,True,4.0,False,36.9,Silver,Entry-Point Category
3373,56,Female,Socks,Clothing,25,Pennsylvania,M,Maroon,Winter,4.6,False,Free Shipping,False,False,14,Credit Card,Every 3 Months,90,4.055555555555555,101.39,14,False,375,0,False,False,4.6,False,33.5,Silver,Entry-Point Category
3374,70,Female,Sandals,Footwear,52,Minnesota,M,Purple,Spring,3.5,False,Store Pickup,False,False,12,Debit Card,Every 3 Months,90,4.055555555555555,210.89,12,False,676,0,False,False,3.5,False,28.1,Bronze,Entry-Point Category
3375,22,Female,Blouse,Clothing,47,Nevada,S,Lavender,Spring,3.7,False,2-Day Shipping,False,False,41,Debit Card,Annually,365,1.0,47.0,41,True,1974,0,False,False,3.7,False,36.4,Silver,Entry-Point Category
3376,51,Female,Boots,Footwear,98,Connecticut,XL,Yellow,Fall,4.9,False,Express,False,False,8,Credit Card,Annually,365,1.0,98.0,8,False,882,0,False,True,4.9,False,32.0,Silver,Entry-Point Category
3377,22,Female,Hat,Accessories,46,Ohio,M,Green,Winter,4.1,False,Store Pickup,False,False,24,Cash,Quarterly,90,4.055555555555555,186.56,24,False,1150,0,False,False,4.1,False,39.5,Silver,Retention Category
3378,37,Female,Shirt,Clothing,32,Kentucky,M,Yellow,Winter,4.6,False,Next Day Air,False,False,18,PayPal,Fortnightly,14,26.071428571428573,834.29,18,False,608,0,False,False,4.6,False,56.2,Gold,Entry-Point Category
3379,49,Female,Shorts,Clothing,75,Minnesota,L,Gold,Fall,4.5,False,Next Day Air,False,False,6,Cash,Quarterly,90,4.055555555555555,304.17,6,False,525,0,False,True,4.5,False,37.4,Silver,Entry-Point Category
3380,61,Female,Handbag,Accessories,51,Tennessee,L,Turquoise,Summer,5.0,False,Store Pickup,False,False,40,Cash,Weekly,7,52.142857142857146,2659.29,40,True,2091,0,False,False,5.0,False,89.6,Platinum,Retention Category
3381,41,Female,Dress,Clothing,52,North Dakota,L,Blue,Summer,3.8,False,Standard,False,False,6,PayPal,Every 3 Months,90,4.055555555555555,210.89,6,False,364,0,False,False,3.8,False,27.1,Bronze,Entry-Point Category
3382,57,Female,Hat,Accessories,66,Minnesota,L,Turquoise,Winter,4.7,False,Standard,False,False,27,Credit Card,Quarterly,90,4.055555555555555,267.67,27,False,1848,0,False,True,4.7,False,49.6,Silver,Retention Category
3383,34,Female,Sweater,Clothing,35,Nebraska,M,Maroon,Spring,2.8,False,Express,False,False,2,Bank Transfer,Weekly,7,52.142857142857146,1825.0,2,False,105,0,False,False,2.8,False,42.5,Silver,Entry-Point Category
3384,27,Female,Coat,Outerwear,43,Delaware,M,Pink,Fall,2.6,False,Next Day Air,False,False,39,Venmo,Bi-Weekly,14,26.071428571428573,1121.07,39,True,1720,0,False,False,2.6,False,56.7,Gold,Entry-Point Category
3385,39,Female,Hoodie,Clothing,24,Minnesota,L,Maroon,Summer,3.8,False,Free Shipping,False,False,9,Venmo,Quarterly,90,4.055555555555555,97.33,9,False,240,0,False,False,3.8,False,23.5,Bronze,Entry-Point Category
3386,62,Female,Jewelry,Accessories,83,Rhode Island,M,Olive,Winter,2.8,False,Standard,False,False,16,Credit Card,Every 3 Months,90,4.055555555555555,336.61,16,False,1411,0,False,True,2.8,False,31.1,Silver,Retention Category
3387,34,Female,T-shirt,Clothing,62,Michigan,M,Lavender,Fall,2.6,False,2-Day Shipping,False,False,36,Cash,Quarterly,90,4.055555555555555,251.44,36,False,2294,0,False,True,2.6,False,37.1,Silver,Entry-Point Category
3388,53,Female,Pants,Clothing,78,New Jersey,S,Pink,Spring,3.4,False,2-Day Shipping,False,False,2,Credit Card,Bi-Weekly,14,26.071428571428573,2033.57,2,False,234,0,False,True,3.4,False,48.9,Silver,Entry-Point Category
3389,35,Female,Sweater,Clothing,61,South Dakota,M,Cyan,Spring,4.5,False,Store Pickup,False,False,21,Credit Card,Weekly,7,52.142857142857146,3180.71,21,False,1342,0,False,True,4.5,False,75.3,Gold,Entry-Point Category
3390,38,Female,Pants,Clothing,57,North Carolina,L,Maroon,Fall,3.8,False,Free Shipping,False,False,39,Venmo,Annually,365,1.0,57.0,39,True,2280,0,False,False,3.8,False,37.0,Silver,Entry-Point Category
3391,32,Female,Socks,Clothing,70,Oregon,S,Red,Summer,3.0,False,Next Day Air,False,False,38,PayPal,Annually,365,1.0,70.0,38,True,2730,0,False,True,3.0,False,31.1,Silver,Entry-Point Category
3392,47,Female,Hoodie,Clothing,57,Montana,M,Silver,Fall,3.7,False,2-Day Shipping,False,False,6,Debit Card,Every 3 Months,90,4.055555555555555,231.17,6,False,399,0,False,False,3.7,False,27.1,Bronze,Entry-Point Category
3393,53,Female,Scarf,Accessories,74,New Jersey,XL,Blue,Winter,4.4,False,Free Shipping,False,False,6,Venmo,Bi-Weekly,14,26.071428571428573,1929.29,6,False,518,0,False,True,4.4,False,59.0,Gold,Retention Category
3394,60,Female,Dress,Clothing,90,Arizona,M,Gold,Fall,3.1,False,Next Day Air,False,False,50,Debit Card,Monthly,30,12.166666666666666,1095.0,50,True,4590,0,False,True,3.1,False,66.8,Gold,Entry-Point Category
3395,31,Female,Sandals,Footwear,98,Vermont,S,Yellow,Spring,4.2,False,Store Pickup,False,False,9,PayPal,Annually,365,1.0,98.0,9,False,980,0,False,True,4.2,False,27.0,Bronze,Entry-Point Category
3396,44,Female,Dress,Clothing,43,Colorado,M,Silver,Winter,3.1,False,Free Shipping,False,False,15,Debit Card,Every 3 Months,90,4.055555555555555,174.39,15,False,688,0,False,False,3.1,False,25.5,Bronze,Entry-Point Category
3397,29,Female,Pants,Clothing,37,Tennessee,XL,Black,Winter,5.0,False,Next Day Air,False,False,5,PayPal,Quarterly,90,4.055555555555555,150.06,5,False,222,0,False,False,5.0,False,33.5,Silver,Entry-Point Category
3398,19,Female,Blouse,Clothing,38,New Jersey,L,Yellow,Summer,2.7,False,Standard,False,False,13,Bank Transfer,Bi-Weekly,14,26.071428571428573,990.71,13,False,532,0,False,False,2.7,False,40.2,Silver,Entry-Point Category
3399,54,Female,Jeans,Clothing,60,Montana,L,Pink,Winter,3.8,False,Standard,False,False,44,Cash,Fortnightly,14,26.071428571428573,1564.29,44,True,2700,0,False,True,3.8,False,73.3,Gold,Entry-Point Category
3400,40,Female,Pants,Clothing,55,Montana,XL,Yellow,Winter,3.3,False,Standard,False,False,36,Debit Card,Annually,365,1.0,55.0,36,False,2035,0,False,False,3.3,False,31.0,Silver,Entry-Point Category
3401,39,Female,Sunglasses,Accessories,51,Nevada,M,Lavender,Fall,4.8,False,Free Shipping,False,False,18,Venmo,Fortnightly,14,26.071428571428573,1329.64,18,False,969,0,False,False,4.8,False,63.9,Gold,Retention Category
3402,44,Female,Backpack,Accessories,71,Nevada,L,Peach,Winter,3.4,False,Standard,False,False,39,Credit Card,Weekly,7,52.142857142857146,3702.14,39,True,2840,0,False,True,3.4,False,77.9,Gold,Retention Category
3403,22,Female,Hoodie,Clothing,61,Louisiana,M,Black,Spring,4.4,False,2-Day Shipping,False,False,11,PayPal,Every 3 Months,90,4.055555555555555,247.39,11,False,732,0,False,True,4.4,False,36.5,Silver,Entry-Point Category
3404,30,Female,Boots,Footwear,65,Illinois,M,Olive,Summer,3.9,False,Standard,False,False,1,Cash,Bi-Weekly,14,26.071428571428573,1694.64,1,False,130,0,False,True,3.9,False,49.5,Silver,Entry-Point Category
3405,69,Female,Gloves,Accessories,34,South Carolina,L,Olive,Fall,3.9,False,2-Day Shipping,False,False,34,Credit Card,Annually,365,1.0,34.0,34,False,1190,0,False,False,3.9,False,32.9,Silver,Retention Category
3406,28,Female,Blouse,Clothing,87,Washington,M,White,Summer,4.2,False,Store Pickup,False,False,47,Bank Transfer,Bi-Weekly,14,26.071428571428573,2268.21,47,True,4176,0,False,True,4.2,False,84.4,Platinum,Entry-Point Category
3407,57,Female,Sweater,Clothing,79,Nebraska,M,Red,Spring,4.0,False,Store Pickup,False,False,24,Venmo,Quarterly,90,4.055555555555555,320.39,24,False,1975,0,False,True,4.0,False,44.9,Silver,Entry-Point Category
3408,46,Female,Dress,Clothing,46,Alabama,S,Purple,Spring,2.6,False,Store Pickup,False,False,20,Cash,Quarterly,90,4.055555555555555,186.56,20,False,966,0,False,False,2.6,False,24.8,Bronze,Entry-Point Category
3409,48,Female,Socks,Clothing,72,Montana,L,Purple,Summer,4.4,False,Standard,False,False,11,Bank Transfer,Annually,365,1.0,72.0,11,False,864,0,False,True,4.4,False,26.5,Bronze,Entry-Point Category
3410,24,Female,Shirt,Clothing,93,Minnesota,M,Teal,Summer,3.2,False,Next Day Air,False,False,3,Credit Card,Every 3 Months,90,4.055555555555555,377.17,3,False,372,0,False,True,3.2,False,28.5,Bronze,Entry-Point Category
3411,50,Female,Sandals,Footwear,76,Ohio,L,Teal,Summer,4.3,False,Free Shipping,False,False,38,Bank Transfer,Bi-Weekly,14,26.071428571428573,1981.43,38,True,2964,0,False,True,4.3,False,77.6,Gold,Entry-Point Category
3412,29,Female,Shoes,Footwear,56,New York,L,Gray,Winter,4.9,False,2-Day Shipping,False,False,45,Cash,Weekly,7,52.142857142857146,2920.0,45,True,2576,0,False,False,4.9,False,92.3,Platinum,Entry-Point Category
3413,61,Female,Sandals,Footwear,83,Indiana,M,Magenta,Fall,3.8,False,Store Pickup,False,False,31,Venmo,Quarterly,90,4.055555555555555,336.61,31,False,2656,0,False,True,3.8,False,48.3,Silver,Entry-Point Category
3414,34,Female,Gloves,Accessories,90,Delaware,XL,Black,Winter,2.5,False,Express,False,False,16,PayPal,Bi-Weekly,14,26.071428571428573,2346.43,16,False,1530,0,False,True,2.5,True,53.1,Silver,Retention Category
3415,27,Female,Boots,Footwear,94,Connecticut,M,Maroon,Spring,4.9,False,Next Day Air,False,False,3,Bank Transfer,Quarterly,90,4.055555555555555,381.22,3,False,376,0,False,True,4.9,False,42.5,Silver,Entry-Point Category
3416,38,Female,Blouse,Clothing,68,New York,M,Gold,Fall,3.0,False,2-Day Shipping,False,False,15,Bank Transfer,Annually,365,1.0,68.0,15,False,1088,0,False,True,3.0,False,17.1,Bronze,Entry-Point Category
3417,25,Female,Sandals,Footwear,53,Alabama,M,Purple,Spring,3.2,False,Store Pickup,False,False,11,Bank Transfer,Every 3 Months,90,4.055555555555555,214.94,11,False,636,0,False,False,3.2,False,25.2,Bronze,Entry-Point Category
3418,54,Female,Coat,Outerwear,35,Massachusetts,M,Blue,Summer,2.9,False,2-Day Shipping,False,False,22,Debit Card,Fortnightly,14,26.071428571428573,912.5,22,False,805,0,False,False,2.9,False,45.9,Silver,Entry-Point Category
3419,53,Female,Jacket,Outerwear,30,South Carolina,M,Beige,Summer,2.8,False,Free Shipping,False,False,35,Debit Card,Annually,365,1.0,30.0,35,False,1080,0,False,False,2.8,False,24.2,Bronze,Entry-Point Category
3420,23,Female,Jewelry,Accessories,26,West Virginia,L,Indigo,Winter,3.1,False,Store Pickup,False,False,5,Venmo,Bi-Weekly,14,26.071428571428573,677.86,5,False,156,0,False,False,3.1,False,34.3,Silver,Retention Category
3421,19,Female,Hat,Accessories,60,Kentucky,M,Purple,Winter,3.4,False,Express,False,False,35,PayPal,Bi-Weekly,14,26.071428571428573,1564.29,35,False,2160,0,False,True,3.4,False,65.0,Gold,Retention Category
3422,57,Female,Shoes,Footwear,30,New Jersey,M,Maroon,Summer,2.9,False,Free Shipping,False,False,27,PayPal,Weekly,7,52.142857142857146,1564.29,27,False,840,0,False,False,2.9,False,56.0,Gold,Entry-Point Category
3423,19,Female,Coat,Outerwear,91,New York,L,Beige,Winter,3.2,False,Next Day Air,False,False,9,Venmo,Monthly,30,12.166666666666666,1107.17,9,False,910,0,False,True,3.2,False,43.3,Silver,Entry-Point Category
3424,33,Female,Boots,Footwear,71,Massachusetts,M,Brown,Spring,3.8,False,Next Day Air,False,False,21,PayPal,Bi-Weekly,14,26.071428571428573,1851.07,21,False,1562,0,False,True,3.8,False,62.3,Gold,Entry-Point Category
3425,33,Female,Scarf,Accessories,64,Florida,L,Green,Summer,3.6,False,2-Day Shipping,False,False,23,Credit Card,Monthly,30,12.166666666666666,778.67,23,False,1536,0,False,True,3.6,False,50.3,Silver,Retention Category
3426,38,Female,Hat,Accessories,54,Michigan,M,Blue,Summer,4.3,False,Next Day Air,False,False,3,Debit Card,Bi-Weekly,14,26.071428571428573,1407.86,3,False,216,0,False,False,4.3,False,51.8,Silver,Retention Category
3427,47,Female,Socks,Clothing,35,Oregon,XL,Magenta,Fall,4.8,False,2-Day Shipping,False,False,31,Credit Card,Annually,365,1.0,35.0,31,False,1120,0,False,False,4.8,False,38.3,Silver,Entry-Point Category
3428,39,Female,T-shirt,Clothing,38,Michigan,XL,Turquoise,Winter,2.5,False,Store Pickup,False,False,44,Cash,Annually,365,1.0,38.0,44,True,1710,0,False,False,2.5,True,28.0,Bronze,Entry-Point Category
3429,32,Female,Jewelry,Accessories,69,Washington,M,Gray,Fall,2.5,False,Next Day Air,False,False,20,Venmo,Monthly,30,12.166666666666666,839.5,20,False,1449,0,False,True,2.5,True,40.9,Silver,Retention Category
3430,27,Female,Skirt,Clothing,96,Alaska,S,Purple,Winter,4.6,False,Express,False,False,34,Debit Card,Weekly,7,52.142857142857146,5005.71,34,False,3360,0,False,True,4.6,False,86.9,Platinum,Entry-Point Category
3431,67,Female,Socks,Clothing,73,Montana,M,Lavender,Winter,4.2,False,Next Day Air,False,False,17,Bank Transfer,Every 3 Months,90,4.055555555555555,296.06,17,False,1314,0,False,True,4.2,False,40.9,Silver,Entry-Point Category
3432,46,Female,Belt,Accessories,49,New Mexico,S,Green,Summer,4.2,False,Express,False,False,20,Venmo,Annually,365,1.0,49.0,20,False,1029,0,False,False,4.2,False,28.2,Bronze,Retention Category
3433,36,Female,Boots,Footwear,44,Connecticut,M,Gray,Summer,4.8,False,2-Day Shipping,False,False,46,PayPal,Every 3 Months,90,4.055555555555555,178.44,46,True,2068,0,False,False,4.8,False,57.8,Gold,Entry-Point Category
3434,62,Female,Socks,Clothing,93,Alaska,M,Yellow,Spring,4.5,False,Free Shipping,False,False,28,PayPal,Annually,365,1.0,93.0,28,False,2697,0,False,True,4.5,False,39.7,Silver,Entry-Point Category
3435,31,Female,Pants,Clothing,72,Ohio,S,Orange,Summer,3.3,False,2-Day Shipping,False,False,6,Venmo,Fortnightly,14,26.071428571428573,1877.14,6,False,504,0,False,True,3.3,False,49.6,Silver,Entry-Point Category
3436,68,Female,Socks,Clothing,91,Montana,M,Beige,Summer,2.7,False,2-Day Shipping,False,False,50,Debit Card,Bi-Weekly,14,26.071428571428573,2372.5,50,True,4641,0,False,True,2.7,False,75.1,Gold,Entry-Point Category
3437,57,Female,Belt,Accessories,83,Nebraska,L,Peach,Winter,2.8,False,2-Day Shipping,False,False,41,Bank Transfer,Monthly,30,12.166666666666666,1009.83,41,True,3486,0,False,True,2.8,False,57.9,Gold,Retention Category
3438,22,Female,Jacket,Outerwear,62,Oklahoma,S,Green,Winter,3.5,False,2-Day Shipping,False,False,50,PayPal,Annually,365,1.0,62.0,50,True,3162,0,False,True,3.5,False,41.6,Silver,Entry-Point Category
3439,26,Female,Shirt,Clothing,71,Kentucky,M,Violet,Fall,3.0,False,Store Pickup,False,False,33,Credit Card,Monthly,30,12.166666666666666,863.83,33,False,2414,0,False,True,3.0,False,53.0,Silver,Entry-Point Category
3440,43,Female,Gloves,Accessories,93,Idaho,M,Gray,Summer,4.5,False,Express,False,False,25,Venmo,Quarterly,90,4.055555555555555,377.17,25,False,2418,0,False,True,4.5,False,52.4,Silver,Retention Category
3441,45,Female,Handbag,Accessories,63,Maryland,L,Magenta,Fall,4.3,False,2-Day Shipping,False,False,2,PayPal,Weekly,7,52.142857142857146,3285.0,2,False,189,0,False,True,4.3,False,62.5,Gold,Retention Category
3442,64,Female,Sweater,Clothing,96,Tennessee,XL,Charcoal,Fall,4.1,False,Standard,False,False,15,Credit Card,Annually,365,1.0,96.0,15,False,1536,0,False,True,4.1,False,29.3,Bronze,Entry-Point Category
3443,28,Female,Skirt,Clothing,78,Michigan,M,Violet,Spring,4.3,False,Next Day Air,False,False,12,PayPal,Weekly,7,52.142857142857146,4067.14,12,False,1014,0,False,True,4.3,False,69.6,Gold,Entry-Point Category
3444,47,Female,Dress,Clothing,24,Tennessee,L,Silver,Summer,5.0,False,Free Shipping,False,False,28,Cash,Bi-Weekly,14,26.071428571428573,625.71,28,False,696,0,False,False,5.0,False,62.3,Gold,Entry-Point Category
3445,53,Female,Pants,Clothing,63,Rhode Island,S,Green,Summer,3.8,False,2-Day Shipping,False,False,12,Bank Transfer,Bi-Weekly,14,26.071428571428573,1642.5,12,False,819,0,False,True,3.8,False,54.8,Silver,Entry-Point Category
3446,42,Female,Hat,Accessories,58,Florida,M,Magenta,Fall,4.9,False,Standard,False,False,3,Debit Card,Annually,365,1.0,58.0,3,False,232,0,False,False,4.9,False,24.3,Bronze,Retention Category
3447,51,Female,Boots,Footwear,55,Louisiana,S,Purple,Spring,5.0,False,2-Day Shipping,False,False,20,Cash,Weekly,7,52.142857142857146,2867.86,20,False,1155,0,False,False,5.0,False,77.8,Gold,Entry-Point Category
3448,62,Female,Sandals,Footwear,58,Arkansas,M,Blue,Fall,4.3,False,Express,False,False,3,Bank Transfer,Bi-Weekly,14,26.071428571428573,1512.14,3,False,232,0,False,False,4.3,False,52.6,Silver,Entry-Point Category
3449,18,Female,Coat,Outerwear,28,Kentucky,S,Yellow,Winter,4.1,False,Express,False,False,32,Bank Transfer,Fortnightly,14,26.071428571428573,730.0,32,False,924,0,False,False,4.1,False,59.4,Gold,Entry-Point Category
3450,48,Female,Blouse,Clothing,37,Kansas,M,Brown,Spring,4.5,False,Standard,False,False,35,Cash,Monthly,30,12.166666666666666,450.17,35,False,1332,0,False,False,4.5,False,60.6,Gold,Entry-Point Category
3451,20,Female,Shorts,Clothing,78,Vermont,M,Pink,Spring,3.6,False,Store Pickup,False,False,31,PayPal,Monthly,30,12.166666666666666,949.0,31,False,2496,0,False,True,3.6,False,57.7,Gold,Entry-Point Category
3452,32,Female,Blouse,Clothing,73,Nevada,XL,Silver,Fall,3.0,False,Free Shipping,False,False,13,Credit Card,Annually,365,1.0,73.0,13,False,1022,0,False,True,3.0,False,16.3,Bronze,Entry-Point Category
3453,26,Female,Jacket,Outerwear,20,Oklahoma,M,Indigo,Spring,3.7,False,Next Day Air,False,False,3,Venmo,Fortnightly,14,26.071428571428573,521.43,3,False,80,0,False,False,3.7,False,35.2,Silver,Entry-Point Category
3454,31,Female,Shirt,Clothing,60,Alabama,L,Pink,Winter,4.3,False,Standard,False,False,48,Venmo,Bi-Weekly,14,26.071428571428573,1564.29,48,True,2940,0,False,True,4.3,False,80.1,Platinum,Entry-Point Category
3455,55,Female,Handbag,Accessories,71,Louisiana,S,Lavender,Fall,4.6,False,Store Pickup,False,False,15,PayPal,Bi-Weekly,14,26.071428571428573,1851.07,15,False,1136,0,False,True,4.6,False,65.2,Gold,Retention Category
3456,49,Female,T-shirt,Clothing,89,Ohio,M,Orange,Fall,4.7,False,Standard,False,False,13,Venmo,Annually,365,1.0,89.0,13,False,1246,0,False,True,4.7,False,31.7,Silver,Entry-Point Category
3457,42,Female,Hoodie,Clothing,53,Texas,M,Red,Fall,4.6,False,Express,False,False,21,Venmo,Monthly,30,12.166666666666666,644.83,21,False,1166,0,False,False,4.6,False,55.4,Gold,Entry-Point Category
3458,64,Female,Jewelry,Accessories,87,Maryland,M,Gray,Summer,3.0,False,Express,False,False,29,Cash,Fortnightly,14,26.071428571428573,2268.21,29,False,2610,0,False,True,3.0,False,63.8,Gold,Retention Category
3459,68,Female,Jewelry,Accessories,37,West Virginia,L,Violet,Spring,3.4,False,Standard,False,False,24,Venmo,Quarterly,90,4.055555555555555,150.06,24,False,925,0,False,False,3.4,False,32.0,Silver,Retention Category
3460,68,Female,Hoodie,Clothing,37,Ohio,L,Green,Fall,3.8,False,Express,False,False,21,PayPal,Annually,365,1.0,37.0,21,False,814,0,False,False,3.8,False,24.4,Bronze,Entry-Point Category
3461,41,Female,Scarf,Accessories,78,Indiana,M,Gold,Spring,3.1,False,Express,False,False,5,Bank Transfer,Bi-Weekly,14,26.071428571428573,2033.57,5,False,468,0,False,True,3.1,False,48.5,Silver,Retention Category
3462,51,Female,Shoes,Footwear,23,Wyoming,S,Maroon,Spring,4.4,False,Standard,False,False,47,Cash,Quarterly,90,4.055555555555555,93.28,47,True,1104,0,False,False,4.4,False,50.4,Silver,Entry-Point Category
3463,44,Female,Jeans,Clothing,73,Michigan,L,Olive,Spring,4.5,False,Standard,False,False,34,Credit Card,Every 3 Months,90,4.055555555555555,296.06,34,False,2555,0,False,True,4.5,False,53.8,Silver,Entry-Point Category
3464,27,Female,Jewelry,Accessories,27,Maine,M,Yellow,Fall,2.8,False,2-Day Shipping,False,False,45,PayPal,Fortnightly,14,26.071428571428573,703.93,45,True,1242,0,False,False,2.8,False,56.0,Gold,Retention Category
3465,36,Female,Coat,Outerwear,59,Utah,S,Peach,Winter,2.7,False,Next Day Air,False,False,12,PayPal,Annually,365,1.0,59.0,12,False,767,0,False,False,2.7,False,12.2,Bronze,Entry-Point Category
3466,19,Female,Backpack,Accessories,53,Iowa,M,Gold,Spring,3.4,False,Standard,False,False,31,Debit Card,Weekly,7,52.142857142857146,2763.57,31,False,1696,0,False,False,3.4,False,71.7,Gold,Retention Category
3467,49,Female,Socks,Clothing,42,Maryland,S,Purple,Summer,4.6,False,Standard,False,False,43,Bank Transfer,Annually,365,1.0,42.0,43,True,1848,0,False,False,4.6,False,44.6,Silver,Entry-Point Category
3468,18,Female,Scarf,Accessories,45,Texas,M,Charcoal,Fall,5.0,False,Next Day Air,False,False,5,Credit Card,Annually,365,1.0,45.0,5,False,270,0,False,False,5.0,False,25.2,Bronze,Retention Category
3469,36,Female,Sunglasses,Accessories,89,Ohio,S,Indigo,Winter,3.5,False,Standard,False,False,36,Debit Card,Quarterly,90,4.055555555555555,360.94,36,False,3293,0,False,True,3.5,False,50.0,Silver,Retention Category
3470,36,Female,Socks,Clothing,85,North Dakota,L,Magenta,Fall,3.3,False,Store Pickup,False,False,12,Cash,Annually,365,1.0,85.0,12,False,1105,0,False,True,3.3,False,19.2,Bronze,Entry-Point Category
3471,19,Female,Coat,Outerwear,69,West Virginia,S,Olive,Summer,4.5,False,Free Shipping,False,False,31,Cash,Bi-Weekly,14,26.071428571428573,1798.93,31,False,2208,0,False,True,4.5,False,73.6,Gold,Entry-Point Category
3472,43,Female,Sandals,Footwear,66,North Carolina,S,Blue,Spring,3.1,False,Store Pickup,False,False,31,Cash,Bi-Weekly,14,26.071428571428573,1720.71,31,False,2112,0,False,True,3.1,False,61.4,Gold,Entry-Point Category
3473,31,Female,Blouse,Clothing,42,Georgia,S,White,Summer,4.0,False,Free Shipping,False,False,15,Debit Card,Weekly,7,52.142857142857146,2190.0,15,False,672,0,False,False,4.0,False,63.0,Gold,Entry-Point Category
3474,63,Female,Dress,Clothing,40,Kansas,M,Cyan,Spring,2.5,False,Express,False,False,11,Cash,Weekly,7,52.142857142857146,2085.71,11,False,480,0,False,False,2.5,True,47.8,Silver,Entry-Point Category
3475,41,Female,Pants,Clothing,82,Maine,M,Cyan,Winter,4.4,False,Store Pickup,False,False,18,Venmo,Monthly,30,12.166666666666666,997.67,18,False,1558,0,False,True,4.4,False,57.0,Gold,Entry-Point Category
3476,48,Female,Sneakers,Footwear,88,South Carolina,M,Orange,Spring,4.4,False,Express,False,False,9,Cash,Quarterly,90,4.055555555555555,356.89,9,False,880,0,False,True,4.4,False,40.9,Silver,Entry-Point Category
3477,68,Female,Boots,Footwear,99,South Carolina,XL,Orange,Summer,3.2,False,Free Shipping,False,False,11,Cash,Weekly,7,52.142857142857146,5162.14,11,False,1188,0,False,True,3.2,False,61.8,Gold,Entry-Point Category
3478,53,Female,Handbag,Accessories,85,Kentucky,S,Teal,Spring,3.8,False,Store Pickup,False,False,38,Debit Card,Bi-Weekly,14,26.071428571428573,2216.07,38,True,3315,0,False,True,3.8,False,75.3,Gold,Retention Category
3479,36,Female,Handbag,Accessories,57,Arizona,M,Magenta,Fall,4.6,False,Store Pickup,False,False,42,PayPal,Quarterly,90,4.055555555555555,231.17,42,True,2451,0,False,False,4.6,False,55.8,Gold,Retention Category
3480,46,Female,Sweater,Clothing,56,New York,S,Orange,Summer,4.9,False,Standard,False,False,41,Cash,Monthly,30,12.166666666666666,681.33,41,True,2352,0,False,False,4.9,False,70.5,Gold,Entry-Point Category
3481,21,Female,Sandals,Footwear,79,New Hampshire,L,Peach,Winter,3.5,False,Free Shipping,False,False,45,PayPal,Monthly,30,12.166666666666666,961.17,45,True,3634,0,False,True,3.5,False,65.2,Gold,Entry-Point Category
3482,52,Female,Socks,Clothing,67,Ohio,S,Maroon,Summer,3.4,False,Store Pickup,False,False,41,Debit Card,Bi-Weekly,14,26.071428571428573,1746.79,41,True,2814,0,False,True,3.4,False,70.0,Gold,Entry-Point Category
3483,66,Female,Gloves,Accessories,61,Hawaii,M,Gold,Winter,3.9,False,Next Day Air,False,False,35,Debit Card,Weekly,7,52.142857142857146,3180.71,35,False,2196,0,False,True,3.9,False,79.0,Gold,Retention Category
3484,19,Female,Hoodie,Clothing,37,Texas,L,White,Winter,3.9,False,Express,False,False,21,Credit Card,Every 3 Months,90,4.055555555555555,150.06,21,False,814,0,False,False,3.9,False,34.3,Silver,Entry-Point Category
3485,44,Female,Dress,Clothing,75,Illinois,L,Gray,Fall,4.2,False,Free Shipping,False,False,13,Credit Card,Bi-Weekly,14,26.071428571428573,1955.36,13,False,1050,0,False,True,4.2,False,61.5,Gold,Entry-Point Category
3486,50,Female,Shirt,Clothing,21,Massachusetts,XL,Brown,Winter,3.4,False,Standard,False,False,23,Debit Card,Fortnightly,14,26.071428571428573,547.5,23,False,504,0,False,False,3.4,False,45.2,Silver,Entry-Point Category
3487,51,Female,Shorts,Clothing,89,North Carolina,L,Charcoal,Winter,4.9,False,Standard,False,False,6,PayPal,Weekly,7,52.142857142857146,4640.71,6,False,623,0,False,True,4.9,False,71.9,Gold,Entry-Point Category
3488,25,Female,Sandals,Footwear,24,West Virginia,L,Beige,Fall,2.9,False,Store Pickup,False,False,39,Bank Transfer,Annually,365,1.0,24.0,39,True,960,0,False,False,2.9,False,26.6,Bronze,Entry-Point Category
3489,62,Female,Sweater,Clothing,27,Delaware,XL,Teal,Spring,4.9,False,Store Pickup,False,False,7,Cash,Quarterly,90,4.055555555555555,109.5,7,False,216,0,False,False,4.9,False,32.3,Silver,Entry-Point Category
3490,48,Female,Dress,Clothing,26,Idaho,L,Black,Summer,4.6,False,2-Day Shipping,False,False,32,PayPal,Every 3 Months,90,4.055555555555555,105.44,32,False,858,0,False,False,4.6,False,44.7,Silver,Entry-Point Category
3491,62,Female,Boots,Footwear,82,Oregon,M,Violet,Spring,3.6,False,Store Pickup,False,False,43,Credit Card,Quarterly,90,4.055555555555555,332.56,43,True,3608,0,False,True,3.6,False,53.5,Silver,Entry-Point Category
3492,22,Female,Pants,Clothing,28,Maine,M,Orange,Winter,4.3,False,Express,False,False,15,Cash,Monthly,30,12.166666666666666,340.67,15,False,448,0,False,False,4.3,False,43.1,Silver,Entry-Point Category
3493,48,Female,Gloves,Accessories,65,South Dakota,M,Turquoise,Fall,4.6,False,Standard,False,False,48,Bank Transfer,Annually,365,1.0,65.0,48,True,3185,0,False,True,4.6,False,49.6,Silver,Retention Category
3494,48,Female,Pants,Clothing,82,New Mexico,XL,Black,Winter,4.7,False,Store Pickup,False,False,35,Credit Card,Weekly,7,52.142857142857146,4275.71,35,False,2952,0,False,True,4.7,False,87.1,Platinum,Entry-Point Category
3495,62,Female,Scarf,Accessories,38,Washington,M,Silver,Winter,3.5,False,Free Shipping,False,False,41,PayPal,Quarterly,90,4.055555555555555,154.11,41,True,1596,0,False,False,3.5,False,43.3,Silver,Retention Category
3496,24,Female,Shorts,Clothing,33,Georgia,XL,Gray,Spring,2.8,False,Free Shipping,False,False,14,Cash,Weekly,7,52.142857142857146,1720.71,14,False,495,0,False,False,2.8,False,48.7,Silver,Entry-Point Category
3497,39,Female,Shoes,Footwear,38,Idaho,M,Pink,Summer,4.0,False,Free Shipping,False,False,22,PayPal,Monthly,30,12.166666666666666,462.33,22,False,874,0,False,False,4.0,False,48.8,Silver,Entry-Point Category
3498,35,Female,Handbag,Accessories,48,Colorado,M,Red,Spring,4.3,False,Store Pickup,False,False,16,Venmo,Every 3 Months,90,4.055555555555555,194.67,16,False,816,0,False,False,4.3,False,36.6,Silver,Retention Category
3499,47,Female,Sandals,Footwear,35,Kentucky,M,Lavender,Summer,3.8,False,Standard,False,False,2,Bank Transfer,Bi-Weekly,14,26.071428571428573,912.5,2,False,105,0,False,False,3.8,False,41.1,Silver,Entry-Point Category
3500,22,Female,Socks,Clothing,29,New Jersey,L,Indigo,Fall,3.0,False,Next Day Air,False,False,13,PayPal,Every 3 Months,90,4.055555555555555,117.61,13,False,406,0,False,False,3.0,False,20.6,Bronze,Entry-Point Category
3501,38,Female,Shirt,Clothing,48,Oregon,S,Silver,Fall,4.6,False,Next Day Air,False,False,38,Debit Card,Fortnightly,14,26.071428571428573,1251.43,38,True,1872,0,False,False,4.6,False,73.9,Gold,Entry-Point Category
3502,53,Female,Shoes,Footwear,87,Nebraska,M,Silver,Fall,4.8,False,Standard,False,False,43,Bank Transfer,Weekly,7,52.142857142857146,4536.43,43,True,3828,0,False,True,4.8,False,92.9,Platinum,Entry-Point Category
3503,31,Female,Backpack,Accessories,62,Massachusetts,M,Green,Fall,4.7,False,Next Day Air,False,False,26,Bank Transfer,Quarterly,90,4.055555555555555,251.44,26,False,1674,0,False,True,4.7,False,48.1,Silver,Retention Category
3504,31,Female,Shirt,Clothing,96,Nebraska,M,Pink,Spring,3.9,False,Free Shipping,False,False,39,Cash,Weekly,7,52.142857142857146,5005.71,39,True,3840,0,False,True,3.9,False,84.1,Platinum,Entry-Point Category
3505,65,Female,Handbag,Accessories,41,Hawaii,S,Violet,Fall,4.0,False,Next Day Air,False,False,50,Venmo,Monthly,30,12.166666666666666,498.83,50,True,2091,0,False,False,4.0,False,65.8,Gold,Retention Category
3506,48,Female,Jewelry,Accessories,42,Indiana,L,Red,Winter,3.7,False,2-Day Shipping,False,False,40,Bank Transfer,Every 3 Months,90,4.055555555555555,170.33,40,True,1722,0,False,False,3.7,False,45.1,Silver,Retention Category
3507,18,Female,Shirt,Clothing,57,Illinois,L,Olive,Winter,3.7,False,2-Day Shipping,False,False,12,Cash,Fortnightly,14,26.071428571428573,1486.07,12,False,741,0,False,False,3.7,False,52.8,Silver,Entry-Point Category
3508,46,Female,Handbag,Accessories,65,Colorado,S,Purple,Spring,4.2,False,Store Pickup,False,False,33,Credit Card,Every 3 Months,90,4.055555555555555,263.61,33,False,2210,0,False,True,4.2,False,49.2,Silver,Retention Category
3509,52,Female,Pants,Clothing,54,Pennsylvania,M,Gray,Fall,4.7,False,Standard,False,False,49,Bank Transfer,Weekly,7,52.142857142857146,2815.71,49,True,2700,0,False,False,4.7,False,93.1,Platinum,Entry-Point Category
3510,50,Female,T-shirt,Clothing,22,Ohio,L,Brown,Winter,4.3,False,Next Day Air,False,False,43,Venmo,Bi-Weekly,14,26.071428571428573,573.57,43,True,968,0,False,False,4.3,False,65.1,Gold,Entry-Point Category
3511,49,Female,Sneakers,Footwear,96,Pennsylvania,S,Orange,Fall,4.9,False,2-Day Shipping,False,False,14,Venmo,Monthly,30,12.166666666666666,1168.0,14,False,1440,0,False,True,4.9,False,60.8,Gold,Entry-Point Category
3512,69,Female,Jewelry,Accessories,81,Mississippi,M,Blue,Summer,3.9,False,2-Day Shipping,False,False,21,Credit Card,Every 3 Months,90,4.055555555555555,328.5,21,False,1782,0,False,True,3.9,False,42.6,Silver,Retention Category
3513,36,Female,Shirt,Clothing,46,Kentucky,M,White,Fall,3.4,False,Free Shipping,False,False,31,Debit Card,Quarterly,90,4.055555555555555,186.56,31,False,1472,0,False,False,3.4,False,38.0,Silver,Entry-Point Category
3514,30,Female,Blouse,Clothing,74,Alaska,XL,Charcoal,Spring,4.2,False,Store Pickup,False,False,29,Credit Card,Fortnightly,14,26.071428571428573,1929.29,29,False,2220,0,False,True,4.2,False,71.0,Gold,Entry-Point Category
3515,25,Female,Sneakers,Footwear,50,Georgia,XL,Gray,Winter,4.7,False,Express,False,False,32,Cash,Monthly,30,12.166666666666666,608.33,32,False,1650,0,False,False,4.7,False,62.4,Gold,Entry-Point Category
3516,19,Female,Dress,Clothing,80,South Dakota,XL,Charcoal,Winter,4.0,False,Next Day Air,False,False,16,Debit Card,Bi-Weekly,14,26.071428571428573,2085.71,16,False,1360,0,False,True,4.0,False,62.7,Gold,Entry-Point Category
3517,34,Female,Boots,Footwear,56,South Carolina,S,White,Summer,4.0,False,Free Shipping,False,False,38,PayPal,Bi-Weekly,14,26.071428571428573,1460.0,38,True,2184,0,False,False,4.0,False,70.8,Gold,Entry-Point Category
3518,29,Female,Skirt,Clothing,69,Tennessee,M,Orange,Winter,3.1,False,Next Day Air,False,False,34,Debit Card,Every 3 Months,90,4.055555555555555,279.83,34,False,2415,0,False,True,3.1,False,41.5,Silver,Entry-Point Category
3519,50,Female,Shirt,Clothing,97,Colorado,M,Black,Spring,4.2,False,Standard,False,False,30,PayPal,Quarterly,90,4.055555555555555,393.39,30,False,3007,0,False,True,4.2,False,53.9,Silver,Entry-Point Category
3520,31,Female,Shorts,Clothing,66,Wisconsin,M,White,Winter,3.7,False,Next Day Air,False,False,14,Bank Transfer,Fortnightly,14,26.071428571428573,1720.71,14,False,990,0,False,True,3.7,False,55.9,Gold,Entry-Point Category
3521,41,Female,Hat,Accessories,70,Georgia,S,Brown,Spring,3.1,False,Express,False,False,33,Bank Transfer,Monthly,30,12.166666666666666,851.67,33,False,2380,0,False,True,3.1,False,53.6,Silver,Retention Category
3522,52,Female,Shoes,Footwear,50,Maryland,M,Pink,Winter,3.7,False,Store Pickup,False,False,35,Venmo,Weekly,7,52.142857142857146,2607.14,35,False,1800,0,False,False,3.7,False,76.3,Gold,Entry-Point Category
3523,27,Female,Pants,Clothing,85,New Jersey,M,Yellow,Spring,3.2,False,Store Pickup,False,False,13,Cash,Quarterly,90,4.055555555555555,344.72,13,False,1190,0,False,True,3.2,False,33.0,Silver,Entry-Point Category
3524,49,Female,Backpack,Accessories,59,Nevada,M,Cyan,Summer,2.8,False,Standard,False,False,30,Cash,Fortnightly,14,26.071428571428573,1538.21,30,False,1829,0,False,False,2.8,False,56.8,Gold,Retention Category
3525,69,Female,Pants,Clothing,74,Michigan,L,Silver,Summer,2.9,False,Free Shipping,False,False,30,Credit Card,Monthly,30,12.166666666666666,900.33,30,False,2294,0,False,True,2.9,False,50.5,Silver,Entry-Point Category
3526,45,Female,Sunglasses,Accessories,38,Wyoming,L,Olive,Winter,3.5,False,Standard,False,False,47,Bank Transfer,Annually,365,1.0,38.0,47,True,1824,0,False,False,3.5,False,37.7,Silver,Retention Category
3527,20,Female,Sweater,Clothing,99,Massachusetts,M,Olive,Spring,3.8,False,Express,False,False,1,PayPal,Every 3 Months,90,4.055555555555555,401.5,1,False,198,0,False,True,3.8,False,33.6,Silver,Entry-Point Category
3528,25,Female,Blouse,Clothing,97,Washington,S,Charcoal,Spring,4.7,False,Free Shipping,False,False,1,Cash,Weekly,7,52.142857142857146,5057.86,1,False,194,0,False,True,4.7,False,67.8,Gold,Entry-Point Category
3529,38,Female,Scarf,Accessories,67,Maine,L,Gray,Summer,4.5,False,Free Shipping,False,False,33,PayPal,Annually,365,1.0,67.0,33,False,2278,0,False,True,4.5,False,40.2,Silver,Retention Category
3530,55,Female,T-shirt,Clothing,20,Montana,S,Maroon,Winter,3.9,False,Next Day Air,False,False,43,Bank Transfer,Weekly,7,52.142857142857146,1042.86,43,True,880,0,False,False,3.9,False,68.4,Gold,Entry-Point Category
3531,62,Female,Sunglasses,Accessories,45,Oklahoma,L,Black,Spring,3.4,False,Express,False,False,37,PayPal,Weekly,7,52.142857142857146,2346.43,37,False,1710,0,False,False,3.4,False,72.7,Gold,Retention Category
3532,54,Female,Shoes,Footwear,52,North Dakota,XL,Violet,Winter,4.6,False,2-Day Shipping,False,False,23,Cash,Quarterly,90,4.055555555555555,210.89,23,False,1248,0,False,False,4.6,False,43.6,Silver,Entry-Point Category
3533,61,Female,Pants,Clothing,68,Connecticut,L,Indigo,Fall,4.6,False,Standard,False,False,12,Credit Card,Annually,365,1.0,68.0,12,False,884,0,False,True,4.6,False,28.3,Bronze,Entry-Point Category
3534,50,Female,Sneakers,Footwear,98,Texas,L,Yellow,Fall,4.7,False,Standard,False,False,30,Venmo,Fortnightly,14,26.071428571428573,2555.0,30,False,3038,0,False,True,4.7,False,80.8,Platinum,Entry-Point Category
3535,65,Female,Shoes,Footwear,83,Delaware,M,Gray,Fall,3.2,False,Express,False,False,7,Cash,Weekly,7,52.142857142857146,4327.86,7,False,664,0,False,True,3.2,False,58.3,Gold,Entry-Point Category
3536,68,Female,Shorts,Clothing,51,Mississippi,M,Red,Summer,5.0,False,Express,False,False,20,Debit Card,Monthly,30,12.166666666666666,620.5,20,False,1071,0,False,False,5.0,False,57.2,Gold,Entry-Point Category
3537,55,Female,Handbag,Accessories,21,Minnesota,L,Peach,Spring,4.5,False,Express,False,False,10,Venmo,Monthly,30,12.166666666666666,255.5,10,False,231,0,False,False,4.5,False,37.0,Silver,Retention Category
3538,57,Female,Handbag,Accessories,92,Georgia,M,Gray,Spring,3.5,False,Standard,False,False,40,Credit Card,Every 3 Months,90,4.055555555555555,373.11,40,True,3772,0,False,True,3.5,False,53.0,Silver,Retention Category
3539,56,Female,Shoes,Footwear,63,Iowa,S,White,Spring,4.5,False,Store Pickup,False,False,21,Venmo,Monthly,30,12.166666666666666,766.5,21,False,1386,0,False,True,4.5,False,56.4,Gold,Entry-Point Category
3540,29,Female,Jewelry,Accessories,56,New York,S,Green,Spring,3.2,False,Express,False,False,17,Credit Card,Bi-Weekly,14,26.071428571428573,1460.0,17,False,1008,0,False,False,3.2,False,51.5,Silver,Retention Category
3541,24,Female,Shorts,Clothing,95,Nevada,M,Magenta,Spring,4.6,False,Free Shipping,False,False,5,Bank Transfer,Weekly,7,52.142857142857146,4953.57,5,False,570,0,False,True,4.6,False,69.4,Gold,Entry-Point Category
3542,59,Female,Blouse,Clothing,66,Virginia,M,Olive,Winter,4.0,False,Next Day Air,False,False,22,PayPal,Annually,365,1.0,66.0,22,False,1518,0,False,True,4.0,False,29.3,Bronze,Entry-Point Category
3543,62,Female,Coat,Outerwear,28,Idaho,S,Olive,Spring,4.2,False,Express,False,False,5,Venmo,Weekly,7,52.142857142857146,1460.0,5,False,168,0,False,False,4.2,False,52.8,Silver,Entry-Point Category
3544,58,Female,Hat,Accessories,83,Colorado,M,Blue,Winter,4.1,False,Standard,False,False,18,PayPal,Every 3 Months,90,4.055555555555555,336.61,18,False,1577,0,False,True,4.1,False,42.8,Silver,Retention Category
3545,64,Female,Socks,Clothing,55,Wisconsin,XL,Charcoal,Fall,3.6,False,2-Day Shipping,False,False,42,Cash,Every 3 Months,90,4.055555555555555,223.06,42,True,2365,0,False,False,3.6,False,47.3,Silver,Entry-Point Category
3546,48,Female,Sandals,Footwear,28,Connecticut,M,Yellow,Spring,3.7,False,2-Day Shipping,False,False,22,Debit Card,Annually,365,1.0,28.0,22,False,644,0,False,False,3.7,False,23.2,Bronze,Entry-Point Category
3547,60,Female,Scarf,Accessories,79,Kansas,M,Violet,Summer,3.6,False,Free Shipping,False,False,37,Bank Transfer,Bi-Weekly,14,26.071428571428573,2059.64,37,False,3002,0,False,True,3.6,False,71.8,Gold,Retention Category
3548,52,Female,Scarf,Accessories,31,Pennsylvania,L,Magenta,Summer,3.8,False,Standard,False,False,23,Credit Card,Annually,365,1.0,31.0,23,False,744,0,False,False,3.8,False,24.9,Bronze,Retention Category
3549,63,Female,Blouse,Clothing,37,Utah,M,Red,Fall,3.0,False,Standard,False,False,47,Debit Card,Fortnightly,14,26.071428571428573,964.64,47,True,1776,0,False,False,3.0,False,62.5,Gold,Entry-Point Category
3550,44,Female,T-shirt,Clothing,34,Oregon,M,Cyan,Summer,3.4,False,2-Day Shipping,False,False,11,Bank Transfer,Fortnightly,14,26.071428571428573,886.43,11,False,408,0,False,False,3.4,False,43.0,Silver,Entry-Point Category
3551,63,Female,Shoes,Footwear,74,West Virginia,S,Orange,Winter,4.8,False,Standard,False,False,32,Cash,Weekly,7,52.142857142857146,3858.57,32,False,2442,0,False,True,4.8,False,85.5,Platinum,Entry-Point Category
3552,66,Female,Gloves,Accessories,31,Montana,L,Black,Spring,2.6,False,Store Pickup,False,False,20,Venmo,Weekly,7,52.142857142857146,1616.43,20,False,651,0,False,False,2.6,False,49.7,Silver,Retention Category
3553,22,Female,Sunglasses,Accessories,66,Kentucky,M,Blue,Winter,2.9,False,Next Day Air,False,False,3,PayPal,Quarterly,90,4.055555555555555,267.67,3,False,264,0,False,True,2.9,False,20.5,Bronze,Retention Category
3554,62,Female,Shoes,Footwear,99,Minnesota,M,Charcoal,Spring,4.9,False,Free Shipping,False,False,32,Bank Transfer,Weekly,7,52.142857142857146,5162.14,32,False,3267,0,False,True,4.9,False,88.3,Platinum,Entry-Point Category
3555,39,Female,Dress,Clothing,55,Louisiana,M,Indigo,Spring,5.0,False,Free Shipping,False,False,5,Credit Card,Fortnightly,14,26.071428571428573,1433.93,5,False,330,0,False,False,5.0,False,58.6,Gold,Entry-Point Category
3556,25,Female,Blouse,Clothing,23,Delaware,L,Silver,Spring,4.6,False,Next Day Air,False,False,45,Cash,Quarterly,90,4.055555555555555,93.28,45,True,1058,0,False,False,4.6,False,50.7,Silver,Entry-Point Category
3557,70,Female,Sweater,Clothing,88,Arizona,M,Brown,Fall,4.2,False,Express,False,False,43,Cash,Bi-Weekly,14,26.071428571428573,2294.29,43,True,3872,0,False,True,4.2,False,82.3,Platinum,Entry-Point Category
3558,52,Female,Jacket,Outerwear,26,Nevada,M,Peach,Summer,4.9,False,Next Day Air,False,False,1,PayPal,Every 3 Months,90,4.055555555555555,105.44,1,False,52,0,False,False,4.9,False,28.2,Bronze,Entry-Point Category
3559,68,Female,Backpack,Accessories,94,Alaska,L,Magenta,Summer,4.8,False,Standard,False,False,9,Venmo,Quarterly,90,4.055555555555555,381.22,9,False,940,0,False,True,4.8,False,45.3,Silver,Retention Category
3560,18,Female,Shorts,Clothing,25,Utah,M,Beige,Fall,3.0,False,Next Day Air,False,False,13,Venmo,Every 3 Months,90,4.055555555555555,101.39,13,False,350,0,False,False,3.0,False,19.8,Bronze,Entry-Point Category
3561,18,Female,Socks,Clothing,96,Kansas,XL,Violet,Fall,3.5,False,Express,False,False,5,Credit Card,Annually,365,1.0,96.0,5,False,576,0,False,True,3.5,False,18.5,Bronze,Entry-Point Category
3562,63,Female,Sneakers,Footwear,29,North Carolina,L,Black,Spring,3.4,False,Standard,False,False,39,Credit Card,Fortnightly,14,26.071428571428573,756.07,39,True,1160,0,False,False,3.4,False,58.0,Gold,Entry-Point Category
3563,47,Female,Sneakers,Footwear,36,Maryland,M,Cyan,Winter,3.4,False,Free Shipping,False,False,7,Bank Transfer,Weekly,7,52.142857142857146,1877.14,7,False,288,0,False,False,3.4,False,51.0,Silver,Entry-Point Category
3564,43,Female,Blouse,Clothing,90,Maine,M,Green,Summer,4.9,False,Standard,False,False,8,Credit Card,Every 3 Months,90,4.055555555555555,365.0,8,False,810,0,False,True,4.9,False,44.8,Silver,Entry-Point Category
3565,60,Female,Gloves,Accessories,38,Illinois,S,Brown,Summer,4.4,False,Free Shipping,False,False,40,Venmo,Annually,365,1.0,38.0,40,True,1558,0,False,False,4.4,False,40.9,Silver,Retention Category
3566,49,Female,Handbag,Accessories,52,Pennsylvania,S,Gray,Spring,4.2,False,Store Pickup,False,False,35,PayPal,Monthly,30,12.166666666666666,632.67,35,False,1872,0,False,False,4.2,False,60.7,Gold,Retention Category
3567,28,Female,Jeans,Clothing,88,Alaska,S,Orange,Spring,3.1,False,Next Day Air,False,False,14,Venmo,Monthly,30,12.166666666666666,1070.67,14,False,1320,0,False,True,3.1,False,45.1,Silver,Entry-Point Category
3568,32,Female,Scarf,Accessories,56,New Mexico,S,Silver,Summer,4.0,False,Next Day Air,False,False,26,Credit Card,Monthly,30,12.166666666666666,681.33,26,False,1512,0,False,False,4.0,False,54.3,Silver,Retention Category
3569,29,Female,Sandals,Footwear,71,Arkansas,M,Purple,Spring,4.8,False,Next Day Air,False,False,14,PayPal,Quarterly,90,4.055555555555555,287.94,14,False,1065,0,False,True,4.8,False,43.4,Silver,Entry-Point Category
3570,35,Female,Sandals,Footwear,94,Alaska,M,Olive,Fall,3.3,False,Express,False,False,9,Bank Transfer,Fortnightly,14,26.071428571428573,2450.71,9,False,940,0,False,True,3.3,False,56.0,Gold,Entry-Point Category
3571,23,Female,Dress,Clothing,97,Louisiana,XL,Teal,Winter,4.7,False,Standard,False,False,32,Debit Card,Annually,365,1.0,97.0,32,False,3201,0,False,True,4.7,False,44.6,Silver,Entry-Point Category
3572,70,Female,Skirt,Clothing,27,North Dakota,M,White,Summer,3.2,False,Standard,False,False,15,Bank Transfer,Every 3 Months,90,4.055555555555555,109.5,15,False,432,0,False,False,3.2,False,23.1,Bronze,Entry-Point Category
3573,23,Female,Shorts,Clothing,28,Rhode Island,M,Black,Spring,5.0,False,Standard,False,False,25,Credit Card,Monthly,30,12.166666666666666,340.67,25,False,728,0,False,False,5.0,False,54.4,Silver,Entry-Point Category
3574,43,Female,Jeans,Clothing,67,Connecticut,L,Maroon,Fall,4.9,False,Free Shipping,False,False,27,PayPal,Monthly,30,12.166666666666666,815.17,27,False,1876,0,False,True,4.9,False,63.8,Gold,Entry-Point Category
3575,29,Female,Socks,Clothing,70,New York,M,Cyan,Fall,4.9,False,Express,False,False,39,Bank Transfer,Quarterly,90,4.055555555555555,283.89,39,True,2800,0,False,True,4.9,False,59.0,Gold,Entry-Point Category
3576,61,Female,Coat,Outerwear,95,Kentucky,M,Violet,Fall,3.7,False,Express,False,False,49,Venmo,Bi-Weekly,14,26.071428571428573,2476.79,49,True,4750,0,False,True,3.7,False,83.4,Platinum,Entry-Point Category
3577,29,Female,Boots,Footwear,24,Maine,L,Yellow,Spring,3.0,False,Express,False,False,12,Venmo,Bi-Weekly,14,26.071428571428573,625.71,12,False,312,0,False,False,3.0,False,36.7,Silver,Entry-Point Category
3578,66,Female,Belt,Accessories,35,Missouri,S,Yellow,Winter,2.6,False,Standard,False,False,13,Bank Transfer,Weekly,7,52.142857142857146,1825.0,13,False,490,0,False,False,2.6,False,47.6,Silver,Retention Category
3579,46,Female,Shoes,Footwear,22,Georgia,L,Olive,Winter,2.6,False,Standard,False,False,22,Bank Transfer,Quarterly,90,4.055555555555555,89.22,22,False,506,0,False,False,2.6,False,20.3,Bronze,Entry-Point Category
3580,34,Female,Scarf,Accessories,66,Arizona,L,Olive,Fall,4.8,False,Standard,False,False,19,Credit Card,Every 3 Months,90,4.055555555555555,267.67,19,False,1320,0,False,True,4.8,False,45.4,Silver,Retention Category
3581,51,Female,Blouse,Clothing,83,New Hampshire,M,Magenta,Summer,3.2,False,2-Day Shipping,False,False,3,Cash,Bi-Weekly,14,26.071428571428573,2163.93,3,False,332,0,False,True,3.2,False,48.9,Silver,Entry-Point Category
3582,26,Female,Dress,Clothing,95,Georgia,M,Orange,Fall,4.9,False,Next Day Air,False,False,50,Credit Card,Weekly,7,52.142857142857146,4953.57,50,True,4845,0,False,True,4.9,False,98.5,Platinum,Entry-Point Category
3583,23,Female,Shorts,Clothing,41,California,S,Beige,Summer,3.4,False,2-Day Shipping,False,False,15,PayPal,Annually,365,1.0,41.0,15,False,656,0,False,False,3.4,False,18.0,Bronze,Entry-Point Category
3584,52,Female,Blouse,Clothing,77,Arizona,L,Brown,Summer,2.7,False,Store Pickup,False,False,44,Credit Card,Every 3 Months,90,4.055555555555555,312.28,44,True,3465,0,False,True,2.7,False,45.8,Silver,Entry-Point Category
3585,39,Female,Sneakers,Footwear,52,Florida,L,Indigo,Fall,4.8,False,Express,False,False,48,Debit Card,Monthly,30,12.166666666666666,632.67,48,True,2548,0,False,False,4.8,False,73.1,Gold,Entry-Point Category
3586,39,Female,Gloves,Accessories,41,New York,XL,Gray,Winter,4.1,False,Standard,False,False,4,Venmo,Bi-Weekly,14,26.071428571428573,1068.93,4,False,205,0,False,False,4.1,False,47.2,Silver,Retention Category
3587,33,Female,Hoodie,Clothing,28,Idaho,M,Yellow,Winter,4.6,False,Store Pickup,False,False,12,PayPal,Bi-Weekly,14,26.071428571428573,730.0,12,False,364,0,False,False,4.6,False,51.2,Silver,Entry-Point Category
3588,33,Female,Sweater,Clothing,90,Virginia,S,Violet,Summer,4.4,False,Standard,False,False,33,Debit Card,Annually,365,1.0,90.0,33,False,3060,0,False,True,4.4,False,41.8,Silver,Entry-Point Category
3589,23,Female,Sunglasses,Accessories,55,Michigan,M,Magenta,Spring,3.5,False,2-Day Shipping,False,False,40,Cash,Annually,365,1.0,55.0,40,True,2255,0,False,False,3.5,False,35.1,Silver,Retention Category
3590,31,Female,Belt,Accessories,73,New Hampshire,M,Blue,Spring,4.8,False,Next Day Air,False,False,38,Cash,Every 3 Months,90,4.055555555555555,296.06,38,True,2847,0,False,True,4.8,False,58.4,Gold,Retention Category
3591,27,Female,Dress,Clothing,87,South Dakota,M,Gray,Fall,2.9,False,2-Day Shipping,False,False,19,Venmo,Every 3 Months,90,4.055555555555555,352.83,19,False,1740,0,False,True,2.9,False,34.3,Silver,Entry-Point Category
3592,48,Female,Jacket,Outerwear,89,South Dakota,M,Gold,Winter,3.2,False,2-Day Shipping,False,False,38,Bank Transfer,Quarterly,90,4.055555555555555,360.94,38,True,3471,0,False,True,3.2,False,48.7,Silver,Entry-Point Category
3593,61,Female,Boots,Footwear,82,New Jersey,L,Lavender,Spring,4.4,False,2-Day Shipping,False,False,18,Venmo,Fortnightly,14,26.071428571428573,2137.86,18,False,1558,0,False,True,4.4,False,67.4,Gold,Entry-Point Category
3594,63,Female,Sandals,Footwear,80,Wyoming,M,Black,Spring,4.6,False,Next Day Air,False,False,24,PayPal,Monthly,30,12.166666666666666,973.33,24,False,2000,0,False,True,4.6,False,61.9,Gold,Entry-Point Category
3595,19,Female,Scarf,Accessories,87,Alabama,L,Charcoal,Summer,2.6,False,2-Day Shipping,False,False,29,Venmo,Quarterly,90,4.055555555555555,352.83,29,False,2610,0,False,True,2.6,False,38.1,Silver,Retention Category
3596,21,Female,Blouse,Clothing,41,South Dakota,M,Violet,Spring,3.1,False,Store Pickup,False,False,14,PayPal,Annually,365,1.0,41.0,14,False,615,0,False,False,3.1,False,15.0,Bronze,Entry-Point Category
3597,28,Female,Hoodie,Clothing,83,South Carolina,M,Charcoal,Spring,4.3,False,Standard,False,False,44,Cash,Fortnightly,14,26.071428571428573,2163.93,44,True,3735,0,False,True,4.3,False,82.5,Platinum,Entry-Point Category
3598,29,Female,Sunglasses,Accessories,71,New Mexico,M,Maroon,Summer,3.1,False,Standard,False,False,18,Bank Transfer,Quarterly,90,4.055555555555555,287.94,18,False,1349,0,False,True,3.1,False,32.0,Silver,Retention Category
3599,23,Female,Hoodie,Clothing,76,Connecticut,XL,Purple,Spring,4.6,False,Store Pickup,False,False,19,Bank Transfer,Bi-Weekly,14,26.071428571428573,1981.43,19,False,1520,0,False,True,4.6,False,68.4,Gold,Entry-Point Category
3600,37,Female,Scarf,Accessories,34,Kansas,S,Peach,Spring,4.6,False,Express,False,False,4,Cash,Weekly,7,52.142857142857146,1772.86,4,False,170,0,False,False,4.6,False,57.9,Gold,Retention Category
3601,67,Female,Dress,Clothing,81,South Carolina,XL,Olive,Spring,2.7,False,Free Shipping,False,False,25,Cash,Bi-Weekly,14,26.071428571428573,2111.79,25,False,2106,0,False,True,2.7,False,57.8,Gold,Entry-Point Category
3602,34,Female,T-shirt,Clothing,47,North Carolina,M,Indigo,Summer,3.0,False,Next Day Air,False,False,3,PayPal,Monthly,30,12.166666666666666,571.83,3,False,188,0,False,False,3.0,False,30.4,Silver,Entry-Point Category
3603,58,Female,Skirt,Clothing,36,Wyoming,S,Magenta,Summer,3.3,False,Store Pickup,False,False,40,Debit Card,Quarterly,90,4.055555555555555,146.0,40,True,1476,0,False,False,3.3,False,40.6,Silver,Entry-Point Category
3604,45,Female,Jeans,Clothing,51,Louisiana,M,Gold,Spring,2.7,False,Free Shipping,False,False,5,Cash,Weekly,7,52.142857142857146,2659.29,5,False,306,0,False,False,2.7,False,50.5,Silver,Entry-Point Category
3605,63,Female,Hoodie,Clothing,86,Louisiana,M,Orange,Fall,3.3,False,Standard,False,False,17,Debit Card,Annually,365,1.0,86.0,17,False,1548,0,False,True,3.3,False,22.4,Bronze,Entry-Point Category
3606,68,Female,Jeans,Clothing,41,Alabama,M,Gold,Fall,4.3,False,Store Pickup,False,False,36,Bank Transfer,Every 3 Months,90,4.055555555555555,166.28,36,False,1517,0,False,False,4.3,False,47.6,Silver,Entry-Point Category
3607,41,Female,Sandals,Footwear,90,Minnesota,XL,Purple,Fall,4.8,False,Express,False,False,41,Venmo,Annually,365,1.0,90.0,41,True,3780,0,False,True,4.8,False,49.6,Silver,Entry-Point Category
3608,50,Female,Hat,Accessories,93,New Mexico,L,Charcoal,Fall,3.3,False,Standard,False,False,20,Venmo,Bi-Weekly,14,26.071428571428573,2424.64,20,False,1953,0,False,True,3.3,False,62.3,Gold,Retention Category
3609,24,Female,Gloves,Accessories,56,Tennessee,M,Cyan,Fall,4.3,False,Next Day Air,False,False,2,Cash,Every 3 Months,90,4.055555555555555,227.11,2,False,168,0,False,False,4.3,False,29.2,Bronze,Retention Category
3610,21,Female,Socks,Clothing,39,New Mexico,M,Cyan,Summer,3.0,False,2-Day Shipping,False,False,31,Debit Card,Monthly,30,12.166666666666666,474.5,31,False,1248,0,False,False,3.0,False,46.1,Silver,Entry-Point Category
3611,18,Female,Jacket,Outerwear,86,Texas,XL,Green,Fall,4.8,False,2-Day Shipping,False,False,23,Bank Transfer,Fortnightly,14,26.071428571428573,2242.14,23,False,2064,0,False,True,4.8,False,74.6,Gold,Entry-Point Category
3612,63,Female,T-shirt,Clothing,82,Washington,M,Silver,Spring,2.9,False,Standard,False,False,30,Credit Card,Annually,365,1.0,82.0,30,False,2542,0,False,True,2.9,False,26.6,Bronze,Entry-Point Category
3613,47,Female,Sandals,Footwear,29,Michigan,M,Teal,Summer,3.6,False,Standard,False,False,26,Cash,Every 3 Months,90,4.055555555555555,117.61,26,False,783,0,False,False,3.6,False,33.3,Silver,Entry-Point Category
3614,58,Female,Hat,Accessories,27,Minnesota,M,Magenta,Fall,3.5,False,Store Pickup,False,False,40,Venmo,Annually,365,1.0,27.0,40,True,1107,0,False,False,3.5,False,32.4,Silver,Retention Category
3615,46,Female,Gloves,Accessories,25,Delaware,L,Maroon,Spring,4.7,False,2-Day Shipping,False,False,19,Bank Transfer,Annually,365,1.0,25.0,19,False,500,0,False,False,4.7,False,29.3,Bronze,Retention Category
3616,35,Female,Dress,Clothing,31,California,M,Gold,Winter,4.4,False,Free Shipping,False,False,4,Credit Card,Monthly,30,12.166666666666666,377.17,4,False,155,0,False,False,4.4,False,39.0,Silver,Entry-Point Category
3617,42,Female,Hoodie,Clothing,23,Wisconsin,L,Purple,Winter,3.3,False,Store Pickup,False,False,33,Debit Card,Fortnightly,14,26.071428571428573,599.64,33,False,782,0,False,False,3.3,False,51.4,Silver,Entry-Point Category
3618,48,Female,Belt,Accessories,47,Kentucky,M,Lavender,Fall,4.3,False,Express,False,False,29,Debit Card,Monthly,30,12.166666666666666,571.83,29,False,1410,0,False,False,4.3,False,56.6,Gold,Retention Category
3619,28,Female,Gloves,Accessories,67,Nevada,M,Maroon,Fall,4.0,False,2-Day Shipping,False,False,47,PayPal,Bi-Weekly,14,26.071428571428573,1746.79,47,True,3216,0,False,True,4.0,False,78.5,Gold,Retention Category
3620,44,Female,Scarf,Accessories,75,North Carolina,S,Magenta,Winter,4.9,False,2-Day Shipping,False,False,50,Venmo,Weekly,7,52.142857142857146,3910.71,50,True,3825,0,False,True,4.9,False,96.9,Platinum,Retention Category
3621,60,Female,Sandals,Footwear,82,Louisiana,M,Turquoise,Summer,2.9,False,Express,False,False,28,Credit Card,Fortnightly,14,26.071428571428573,2137.86,28,False,2378,0,False,True,2.9,False,61.3,Gold,Entry-Point Category
3622,38,Female,Sneakers,Footwear,32,New Jersey,XL,Silver,Summer,4.0,False,2-Day Shipping,False,False,5,Cash,Fortnightly,14,26.071428571428573,834.29,5,False,192,0,False,False,4.0,False,43.9,Silver,Entry-Point Category
3623,46,Female,Dress,Clothing,41,Wisconsin,M,Purple,Fall,4.3,False,Store Pickup,False,False,12,Credit Card,Annually,365,1.0,41.0,12,False,533,0,False,False,4.3,False,23.6,Bronze,Entry-Point Category
3624,39,Female,Jewelry,Accessories,89,Arkansas,M,Violet,Winter,2.7,False,2-Day Shipping,False,False,4,PayPal,Weekly,7,52.142857142857146,4640.71,4,False,445,0,False,True,2.7,False,52.8,Silver,Retention Category
3625,22,Female,Hat,Accessories,82,Texas,XL,Peach,Fall,5.0,False,Store Pickup,False,False,22,Bank Transfer,Bi-Weekly,14,26.071428571428573,2137.86,22,False,1886,0,False,True,5.0,False,74.5,Gold,Retention Category
3626,44,Female,Scarf,Accessories,99,Illinois,L,Green,Winter,4.4,False,Express,False,False,32,PayPal,Weekly,7,52.142857142857146,5162.14,32,False,3267,0,False,True,4.4,False,84.4,Platinum,Retention Category
3627,69,Female,Blouse,Clothing,98,Mississippi,L,Teal,Fall,3.5,False,Express,False,False,32,Venmo,Quarterly,90,4.055555555555555,397.44,32,False,3234,0,False,True,3.5,False,49.8,Silver,Entry-Point Category
3628,39,Female,Belt,Accessories,54,Delaware,M,Silver,Winter,3.3,False,Next Day Air,False,False,48,Cash,Every 3 Months,90,4.055555555555555,219.0,48,True,2646,0,False,False,3.3,False,48.4,Silver,Retention Category
3629,53,Female,Blouse,Clothing,88,Georgia,L,Purple,Summer,3.8,False,Free Shipping,False,False,35,Credit Card,Monthly,30,12.166666666666666,1070.67,35,False,3168,0,False,True,3.8,False,63.5,Gold,Entry-Point Category
3630,52,Female,T-shirt,Clothing,43,Kansas,L,Lavender,Summer,4.5,False,Standard,False,False,44,Debit Card,Fortnightly,14,26.071428571428573,1121.07,44,True,1935,0,False,False,4.5,False,74.9,Gold,Entry-Point Category
3631,65,Female,Hat,Accessories,73,Oklahoma,M,Lavender,Winter,4.8,False,Store Pickup,False,False,29,Cash,Weekly,7,52.142857142857146,3806.43,29,False,2190,0,False,True,4.8,False,83.4,Platinum,Retention Category
3632,48,Female,Hat,Accessories,50,New Jersey,M,Peach,Fall,2.9,False,Store Pickup,False,False,26,Credit Card,Monthly,30,12.166666666666666,608.33,26,False,1350,0,False,False,2.9,False,44.0,Silver,Retention Category
3633,27,Female,Sneakers,Footwear,73,Utah,L,Green,Spring,3.2,False,Express,False,False,3,Debit Card,Quarterly,90,4.055555555555555,296.06,3,False,292,0,False,True,3.2,False,24.4,Bronze,Entry-Point Category
3634,39,Female,Gloves,Accessories,51,Montana,M,Orange,Spring,2.8,False,Free Shipping,False,False,1,Bank Transfer,Bi-Weekly,14,26.071428571428573,1329.64,1,False,102,0,False,False,2.8,False,37.7,Silver,Retention Category
3635,59,Female,Socks,Clothing,22,Ohio,M,Pink,Winter,3.3,False,Standard,False,False,17,PayPal,Annually,365,1.0,22.0,17,False,396,0,False,False,3.3,False,16.3,Bronze,Entry-Point Category
3636,52,Female,Sandals,Footwear,32,Colorado,L,Cyan,Fall,3.3,False,Free Shipping,False,False,17,Credit Card,Fortnightly,14,26.071428571428573,834.29,17,False,576,0,False,False,3.3,False,45.0,Silver,Entry-Point Category
3637,50,Female,Sandals,Footwear,38,California,L,Lavender,Summer,4.2,False,2-Day Shipping,False,False,36,Cash,Weekly,7,52.142857142857146,1981.43,36,False,1406,0,False,False,4.2,False,75.6,Gold,Entry-Point Category
3638,32,Female,Boots,Footwear,66,Utah,L,Yellow,Winter,3.6,False,Express,False,False,32,Credit Card,Fortnightly,14,26.071428571428573,1720.71,32,False,2178,0,False,True,3.6,False,66.1,Gold,Entry-Point Category
3639,40,Female,Backpack,Accessories,20,Kansas,M,Olive,Spring,4.6,False,Express,False,False,50,PayPal,Bi-Weekly,14,26.071428571428573,521.43,50,True,1020,0,False,False,4.6,False,70.8,Gold,Retention Category
3640,26,Female,Coat,Outerwear,44,Illinois,M,Brown,Summer,3.6,False,2-Day Shipping,False,False,39,Venmo,Annually,365,1.0,44.0,39,True,1760,0,False,False,3.6,False,34.2,Silver,Entry-Point Category
3641,47,Female,Sunglasses,Accessories,31,Minnesota,L,Pink,Spring,4.0,False,Next Day Air,False,False,17,PayPal,Monthly,30,12.166666666666666,377.17,17,False,558,0,False,False,4.0,False,43.4,Silver,Retention Category
3642,51,Female,Jacket,Outerwear,45,New York,M,Cyan,Fall,2.7,False,Free Shipping,False,False,39,Bank Transfer,Every 3 Months,90,4.055555555555555,182.5,39,True,1800,0,False,False,2.7,False,37.0,Silver,Entry-Point Category
3643,47,Female,Dress,Clothing,71,Arizona,L,Maroon,Summer,4.4,False,Store Pickup,False,False,5,PayPal,Annually,365,1.0,71.0,5,False,426,0,False,True,4.4,False,22.9,Bronze,Entry-Point Category
3644,53,Female,Scarf,Accessories,96,Tennessee,XL,Magenta,Fall,3.2,False,Standard,False,False,47,Debit Card,Annually,365,1.0,96.0,47,True,4608,0,False,True,3.2,False,41.0,Silver,Retention Category
3645,35,Female,Blouse,Clothing,32,Arkansas,M,Violet,Winter,2.6,False,Next Day Air,False,False,18,Venmo,Weekly,7,52.142857142857146,1668.57,18,False,608,0,False,False,2.6,False,48.9,Silver,Entry-Point Category
3646,38,Female,Backpack,Accessories,90,Colorado,L,Silver,Summer,3.4,False,Free Shipping,False,False,31,Credit Card,Every 3 Months,90,4.055555555555555,365.0,31,False,2880,0,False,True,3.4,False,46.4,Silver,Retention Category
3647,69,Female,Jewelry,Accessories,68,Nevada,M,Maroon,Spring,5.0,False,2-Day Shipping,False,False,39,Debit Card,Fortnightly,14,26.071428571428573,1772.86,39,True,2720,0,False,True,5.0,False,81.8,Platinum,Retention Category
3648,47,Female,Shorts,Clothing,45,Kansas,M,Gray,Winter,2.9,False,Store Pickup,False,False,12,Bank Transfer,Weekly,7,52.142857142857146,2346.43,12,False,585,0,False,False,2.9,False,53.6,Silver,Entry-Point Category
3649,31,Female,Skirt,Clothing,67,New York,M,White,Winter,5.0,False,Free Shipping,False,False,45,Cash,Bi-Weekly,14,26.071428571428573,1746.79,45,True,3082,0,False,True,5.0,False,85.0,Platinum,Entry-Point Category
3650,68,Female,Skirt,Clothing,57,Minnesota,M,Brown,Fall,4.4,False,Standard,False,False,33,Credit Card,Fortnightly,14,26.071428571428573,1486.07,33,False,1938,0,False,False,4.4,False,71.4,Gold,Entry-Point Category
3651,51,Female,Jeans,Clothing,60,Ohio,M,Silver,Summer,3.5,False,2-Day Shipping,False,False,3,PayPal,Annually,365,1.0,60.0,3,False,240,0,False,True,3.5,False,13.3,Bronze,Entry-Point Category
3652,20,Female,Handbag,Accessories,32,Arizona,M,Yellow,Spring,3.8,False,Express,False,False,5,Venmo,Every 3 Months,90,4.055555555555555,129.78,5,False,192,0,False,False,3.8,False,23.0,Bronze,Retention Category
3653,27,Female,Handbag,Accessories,29,Kentucky,S,Magenta,Fall,3.8,False,Store Pickup,False,False,23,Debit Card,Monthly,30,12.166666666666666,352.83,23,False,696,0,False,False,3.8,False,44.1,Silver,Retention Category
3654,67,Female,Coat,Outerwear,20,Minnesota,M,Blue,Spring,3.9,False,Next Day Air,False,False,39,Credit Card,Fortnightly,14,26.071428571428573,521.43,39,True,800,0,False,False,3.9,False,58.6,Gold,Entry-Point Category
3655,21,Female,Jewelry,Accessories,98,Arkansas,M,Green,Winter,3.3,False,Next Day Air,False,False,10,Credit Card,Annually,365,1.0,98.0,10,False,1078,0,False,True,3.3,False,20.1,Bronze,Retention Category
3656,20,Female,Sweater,Clothing,27,Wyoming,M,Yellow,Fall,2.9,False,Next Day Air,False,False,4,Credit Card,Bi-Weekly,14,26.071428571428573,703.93,4,False,135,0,False,False,2.9,False,32.3,Silver,Entry-Point Category
3657,35,Female,Jacket,Outerwear,67,North Dakota,XL,Cyan,Spring,3.7,False,2-Day Shipping,False,False,18,Credit Card,Monthly,30,12.166666666666666,815.17,18,False,1273,0,False,True,3.7,False,48.5,Silver,Entry-Point Category
3658,58,Female,Shoes,Footwear,82,Alabama,L,Gold,Winter,3.7,False,Express,False,False,1,Debit Card,Every 3 Months,90,4.055555555555555,332.56,1,False,164,0,False,True,3.7,False,29.1,Bronze,Entry-Point Category
3659,28,Female,T-shirt,Clothing,72,Mississippi,M,Magenta,Fall,4.6,False,Standard,False,False,18,PayPal,Fortnightly,14,26.071428571428573,1877.14,18,False,1368,0,False,True,4.6,False,67.1,Gold,Entry-Point Category
3660,27,Female,Sandals,Footwear,77,Illinois,S,Gray,Fall,4.9,False,Store Pickup,False,False,46,Bank Transfer,Annually,365,1.0,77.0,46,True,3619,0,False,True,4.9,False,51.6,Silver,Entry-Point Category
3661,19,Female,Shoes,Footwear,74,Arkansas,L,Indigo,Winter,3.1,False,2-Day Shipping,False,False,13,Bank Transfer,Fortnightly,14,26.071428571428573,1929.29,13,False,1036,0,False,True,3.1,False,52.3,Silver,Entry-Point Category
3662,63,Female,Sandals,Footwear,39,Kansas,S,White,Winter,3.5,False,Next Day Air,False,False,5,Credit Card,Fortnightly,14,26.071428571428573,1016.79,5,False,234,0,False,False,3.5,False,42.2,Silver,Entry-Point Category
3663,69,Female,Shorts,Clothing,80,Rhode Island,M,Indigo,Spring,4.9,False,Next Day Air,False,False,11,Debit Card,Weekly,7,52.142857142857146,4171.43,11,False,960,0,False,True,4.9,False,73.9,Gold,Entry-Point Category
3664,65,Female,Backpack,Accessories,59,Florida,M,Green,Summer,4.4,False,Express,False,False,49,Credit Card,Weekly,7,52.142857142857146,3076.43,49,True,2950,0,False,False,4.4,False,91.2,Platinum,Retention Category
3665,63,Female,Jacket,Outerwear,68,Missouri,M,Turquoise,Fall,4.4,False,Store Pickup,False,False,1,Debit Card,Fortnightly,14,26.071428571428573,1772.86,1,False,136,0,False,True,4.4,False,54.4,Silver,Entry-Point Category
3666,28,Female,Socks,Clothing,77,North Carolina,M,Peach,Fall,3.4,False,Next Day Air,False,False,11,Credit Card,Quarterly,90,4.055555555555555,312.28,11,False,924,0,False,True,3.4,False,31.7,Silver,Entry-Point Category
3667,67,Female,Jewelry,Accessories,50,Alabama,M,Olive,Winter,3.0,False,2-Day Shipping,False,False,47,Cash,Every 3 Months,90,4.055555555555555,202.78,47,True,2400,0,False,False,3.0,False,44.8,Silver,Retention Category
3668,51,Female,Pants,Clothing,45,Washington,L,Cyan,Fall,2.6,False,Next Day Air,False,False,20,Venmo,Monthly,30,12.166666666666666,547.5,20,False,945,0,False,False,2.6,False,37.0,Silver,Entry-Point Category
3669,59,Female,Blouse,Clothing,71,Michigan,XL,Magenta,Summer,3.2,False,Store Pickup,False,False,18,Venmo,Annually,365,1.0,71.0,18,False,1349,0,False,True,3.2,False,20.6,Bronze,Entry-Point Category
3670,25,Female,Socks,Clothing,52,Washington,S,Silver,Fall,4.6,False,Store Pickup,False,False,43,PayPal,Quarterly,90,4.055555555555555,210.89,43,True,2288,0,False,False,4.6,False,55.6,Gold,Entry-Point Category
3671,31,Female,Shoes,Footwear,50,Vermont,S,White,Winter,3.8,False,Free Shipping,False,False,4,PayPal,Every 3 Months,90,4.055555555555555,202.78,4,False,250,0,False,False,3.8,False,25.5,Bronze,Entry-Point Category
3672,62,Female,Handbag,Accessories,66,Illinois,L,Pink,Summer,4.8,False,2-Day Shipping,False,False,20,Venmo,Quarterly,90,4.055555555555555,267.67,20,False,1386,0,False,True,4.8,False,46.0,Silver,Retention Category
3673,51,Female,Sandals,Footwear,81,New York,S,Pink,Fall,4.5,False,Free Shipping,False,False,7,PayPal,Monthly,30,12.166666666666666,985.5,7,False,648,0,False,True,4.5,False,51.3,Silver,Entry-Point Category
3674,32,Female,Socks,Clothing,28,Rhode Island,M,Pink,Summer,4.2,False,2-Day Shipping,False,False,31,Bank Transfer,Fortnightly,14,26.071428571428573,730.0,31,False,896,0,False,False,4.2,False,59.6,Gold,Entry-Point Category
3675,35,Female,Handbag,Accessories,65,Washington,M,Blue,Winter,2.7,False,2-Day Shipping,False,False,41,Venmo,Fortnightly,14,26.071428571428573,1694.64,41,True,2730,0,False,True,2.7,False,63.9,Gold,Retention Category
3676,70,Female,Hat,Accessories,80,Virginia,M,White,Winter,4.5,False,Express,False,False,3,Bank Transfer,Monthly,30,12.166666666666666,973.33,3,False,320,0,False,True,4.5,False,48.5,Silver,Retention Category
3677,19,Female,Jewelry,Accessories,94,Wisconsin,S,Teal,Spring,4.9,False,Free Shipping,False,False,16,PayPal,Monthly,30,12.166666666666666,1143.67,16,False,1598,0,False,True,4.9,False,61.5,Gold,Retention Category
3678,32,Female,Backpack,Accessories,30,Michigan,M,Gray,Fall,2.8,False,Standard,False,False,43,Cash,Annually,365,1.0,30.0,43,True,1320,0,False,False,2.8,False,28.8,Bronze,Retention Category
3679,56,Female,Shirt,Clothing,45,Texas,S,Beige,Fall,3.5,False,Standard,False,False,29,Bank Transfer,Fortnightly,14,26.071428571428573,1173.21,29,False,1350,0,False,False,3.5,False,58.8,Gold,Entry-Point Category
3680,53,Female,Coat,Outerwear,91,Idaho,M,Violet,Summer,2.5,False,Store Pickup,False,False,5,Cash,Bi-Weekly,14,26.071428571428573,2372.5,5,False,546,0,False,True,2.5,True,47.0,Silver,Entry-Point Category
3681,22,Female,Sunglasses,Accessories,36,Iowa,S,Blue,Winter,2.9,False,Standard,False,False,30,Debit Card,Quarterly,90,4.055555555555555,146.0,30,False,1116,0,False,False,2.9,False,31.3,Silver,Retention Category
3682,26,Female,Gloves,Accessories,73,Connecticut,XL,Magenta,Fall,4.2,False,Next Day Air,False,False,33,Debit Card,Monthly,30,12.166666666666666,888.17,33,False,2482,0,False,True,4.2,False,63.1,Gold,Retention Category
3683,42,Female,Shirt,Clothing,60,Wyoming,M,Maroon,Fall,4.6,False,Store Pickup,False,False,46,Venmo,Bi-Weekly,14,26.071428571428573,1564.29,46,True,2820,0,False,True,4.6,False,81.1,Platinum,Entry-Point Category
3684,30,Female,Socks,Clothing,77,Mississippi,M,Purple,Winter,3.0,False,Free Shipping,False,False,17,Venmo,Fortnightly,14,26.071428571428573,2007.5,17,False,1386,0,False,True,3.0,False,54.4,Silver,Entry-Point Category
3685,29,Female,Skirt,Clothing,86,Pennsylvania,L,Charcoal,Spring,4.4,False,Free Shipping,False,False,47,Credit Card,Bi-Weekly,14,26.071428571428573,2242.14,47,True,4128,0,False,True,4.4,False,85.9,Platinum,Entry-Point Category
3686,47,Female,Shorts,Clothing,42,Tennessee,L,Red,Summer,2.6,False,Standard,False,False,17,Cash,Bi-Weekly,14,26.071428571428573,1095.0,17,False,756,0,False,False,2.6,False,43.0,Silver,Entry-Point Category
3687,59,Female,Sandals,Footwear,70,Louisiana,M,Charcoal,Spring,4.8,False,Free Shipping,False,False,17,Cash,Bi-Weekly,14,26.071428571428573,1825.0,17,False,1260,0,False,True,4.8,False,67.6,Gold,Entry-Point Category
3688,34,Female,Shirt,Clothing,44,Arkansas,L,Lavender,Summer,2.9,False,Next Day Air,False,False,28,Bank Transfer,Every 3 Months,90,4.055555555555555,178.44,28,False,1276,0,False,False,2.9,False,31.8,Silver,Entry-Point Category
3689,52,Female,Sunglasses,Accessories,91,West Virginia,L,White,Spring,3.0,False,Next Day Air,False,False,8,Cash,Monthly,30,12.166666666666666,1107.17,8,False,819,0,False,True,3.0,False,41.2,Silver,Retention Category
3690,47,Female,Jewelry,Accessories,30,South Carolina,L,Red,Fall,4.5,False,Standard,False,False,8,Bank Transfer,Quarterly,90,4.055555555555555,121.67,8,False,270,0,False,False,4.5,False,30.1,Silver,Retention Category
3691,24,Female,Blouse,Clothing,23,Kansas,S,Violet,Fall,3.7,False,Store Pickup,False,False,4,Bank Transfer,Bi-Weekly,14,26.071428571428573,599.64,4,False,115,0,False,False,3.7,False,37.1,Silver,Entry-Point Category
3692,63,Female,Sandals,Footwear,21,Michigan,XL,Orange,Summer,4.8,False,Next Day Air,False,False,24,PayPal,Weekly,7,52.142857142857146,1095.0,24,False,525,0,False,False,4.8,False,65.0,Gold,Entry-Point Category
3693,59,Female,Coat,Outerwear,34,Alabama,L,Turquoise,Spring,4.8,False,Free Shipping,False,False,29,Cash,Fortnightly,14,26.071428571428573,886.43,29,False,1020,0,False,False,4.8,False,65.1,Gold,Entry-Point Category
3694,66,Female,Blouse,Clothing,46,South Dakota,M,Violet,Summer,4.7,False,2-Day Shipping,False,False,10,Venmo,Weekly,7,52.142857142857146,2398.57,10,False,506,0,False,False,4.7,False,67.6,Gold,Entry-Point Category
3695,45,Female,Sweater,Clothing,41,Rhode Island,M,Blue,Winter,2.6,False,Express,False,False,11,PayPal,Bi-Weekly,14,26.071428571428573,1068.93,11,False,492,0,False,False,2.6,False,39.1,Silver,Entry-Point Category
3696,38,Female,Skirt,Clothing,33,Florida,M,White,Fall,4.6,False,Standard,False,False,18,Bank Transfer,Fortnightly,14,26.071428571428573,860.36,18,False,627,0,False,False,4.6,False,56.5,Gold,Entry-Point Category
3697,63,Female,Blouse,Clothing,48,Connecticut,L,Turquoise,Fall,3.4,False,Next Day Air,False,False,26,Bank Transfer,Annually,365,1.0,48.0,26,False,1296,0,False,False,3.4,False,25.2,Bronze,Entry-Point Category
3698,55,Female,Hoodie,Clothing,66,Pennsylvania,L,Pink,Winter,3.0,False,Standard,False,False,39,Cash,Weekly,7,52.142857142857146,3441.43,39,True,2640,0,False,True,3.0,False,74.4,Gold,Entry-Point Category
3699,25,Female,Skirt,Clothing,54,California,XL,Maroon,Spring,4.0,False,2-Day Shipping,False,False,4,Venmo,Annually,365,1.0,54.0,4,False,270,0,False,False,4.0,False,17.5,Bronze,Entry-Point Category
3700,51,Female,Backpack,Accessories,55,Oklahoma,M,Olive,Fall,2.6,False,Store Pickup,False,False,24,Bank Transfer,Weekly,7,52.142857142857146,2867.86,24,False,1375,0,False,False,2.6,False,61.2,Gold,Retention Category
3701,28,Female,Handbag,Accessories,84,North Dakota,XL,Charcoal,Summer,3.4,False,Store Pickup,False,False,2,Bank Transfer,Every 3 Months,90,4.055555555555555,340.67,2,False,252,0,False,True,3.4,False,27.7,Bronze,Retention Category
3702,46,Female,Sandals,Footwear,66,New Mexico,M,Charcoal,Spring,4.5,False,Store Pickup,False,False,36,Cash,Annually,365,1.0,66.0,36,False,2442,0,False,True,4.5,False,41.8,Silver,Entry-Point Category
3703,58,Female,Shoes,Footwear,65,South Carolina,M,Indigo,Spring,2.7,False,Store Pickup,False,False,36,Venmo,Weekly,7,52.142857142857146,3389.29,36,False,2405,0,False,True,2.7,False,70.2,Gold,Entry-Point Category
3704,30,Female,Sandals,Footwear,83,Michigan,S,Teal,Fall,2.9,False,Standard,False,False,23,PayPal,Every 3 Months,90,4.055555555555555,336.61,23,False,1992,0,False,True,2.9,False,36.1,Silver,Entry-Point Category
3705,68,Female,Sunglasses,Accessories,61,Missouri,L,Black,Winter,4.0,False,Store Pickup,False,False,36,Credit Card,Quarterly,90,4.055555555555555,247.39,36,False,2257,0,False,True,4.0,False,48.4,Silver,Retention Category
3706,28,Female,Skirt,Clothing,65,Colorado,L,Teal,Summer,3.2,False,Free Shipping,False,False,2,Debit Card,Annually,365,1.0,65.0,2,False,195,0,False,True,3.2,False,10.6,Bronze,Entry-Point Category
3707,26,Female,Sandals,Footwear,55,Kansas,M,Green,Spring,4.0,False,Store Pickup,False,False,17,Cash,Bi-Weekly,14,26.071428571428573,1433.93,17,False,990,0,False,False,4.0,False,57.8,Gold,Entry-Point Category
3708,35,Female,Gloves,Accessories,79,Illinois,M,Gold,Fall,3.4,False,2-Day Shipping,False,False,19,Venmo,Weekly,7,52.142857142857146,4119.29,19,False,1580,0,False,True,3.4,False,66.3,Gold,Retention Category
3709,40,Female,Hoodie,Clothing,96,South Carolina,M,Red,Fall,4.9,False,Express,False,False,41,PayPal,Monthly,30,12.166666666666666,1168.0,41,True,4032,0,False,True,4.9,False,77.1,Gold,Entry-Point Category
3710,31,Female,Socks,Clothing,43,Utah,M,Silver,Fall,3.6,False,Free Shipping,False,False,27,PayPal,Quarterly,90,4.055555555555555,174.39,27,False,1204,0,False,False,3.6,False,36.7,Silver,Entry-Point Category
3711,60,Female,Jewelry,Accessories,40,Hawaii,M,Yellow,Summer,3.6,False,2-Day Shipping,False,False,32,Bank Transfer,Fortnightly,14,26.071428571428573,1042.86,32,False,1320,0,False,False,3.6,False,59.6,Gold,Retention Category
3712,69,Female,Hat,Accessories,62,Texas,XL,Peach,Fall,3.2,False,Free Shipping,False,False,33,Cash,Annually,365,1.0,62.0,33,False,2108,0,False,True,3.2,False,29.2,Bronze,Retention Category
3713,51,Female,Blouse,Clothing,72,Oregon,M,Turquoise,Spring,3.7,False,2-Day Shipping,False,False,24,PayPal,Quarterly,90,4.055555555555555,292.0,24,False,1800,0,False,True,3.7,False,40.7,Silver,Entry-Point Category
3714,49,Female,Shoes,Footwear,87,Arizona,M,Peach,Spring,2.6,False,Express,False,False,31,Debit Card,Every 3 Months,90,4.055555555555555,352.83,31,False,2784,0,False,True,2.6,False,39.4,Silver,Entry-Point Category
3715,18,Female,Hat,Accessories,31,New York,S,Peach,Winter,3.9,False,Express,False,False,35,Credit Card,Weekly,7,52.142857142857146,1616.43,35,False,1116,0,False,False,3.9,False,69.4,Gold,Retention Category
3716,63,Female,Sunglasses,Accessories,34,Nebraska,S,Orange,Fall,3.4,False,Free Shipping,False,False,2,Bank Transfer,Monthly,30,12.166666666666666,413.67,2,False,102,0,False,False,3.4,False,31.4,Silver,Retention Category
3717,57,Female,Shirt,Clothing,53,Vermont,M,Charcoal,Fall,3.4,False,Next Day Air,False,False,42,Debit Card,Every 3 Months,90,4.055555555555555,214.94,42,True,2279,0,False,False,3.4,False,45.5,Silver,Entry-Point Category
3718,45,Female,T-shirt,Clothing,85,Maryland,XL,White,Summer,4.2,False,Express,False,False,47,Bank Transfer,Every 3 Months,90,4.055555555555555,344.72,47,True,4080,0,False,True,4.2,False,61.6,Gold,Entry-Point Category
3719,36,Female,Pants,Clothing,50,Tennessee,L,Turquoise,Fall,2.9,False,Standard,False,False,44,Bank Transfer,Bi-Weekly,14,26.071428571428573,1303.57,44,True,2250,0,False,False,2.9,False,63.9,Gold,Entry-Point Category
3720,20,Female,Pants,Clothing,91,Pennsylvania,M,Red,Summer,4.1,False,Free Shipping,False,False,8,Bank Transfer,Every 3 Months,90,4.055555555555555,369.06,8,False,819,0,False,True,4.1,False,38.7,Silver,Entry-Point Category
3721,21,Female,Hat,Accessories,56,South Carolina,M,Peach,Fall,3.6,False,Free Shipping,False,False,13,Credit Card,Quarterly,90,4.055555555555555,227.11,13,False,784,0,False,False,3.6,False,30.1,Silver,Retention Category
3722,62,Female,Coat,Outerwear,60,Connecticut,L,Pink,Fall,4.0,False,Next Day Air,False,False,10,Cash,Annually,365,1.0,60.0,10,False,660,0,False,True,4.0,False,21.6,Bronze,Entry-Point Category
3723,23,Female,Jacket,Outerwear,34,Kentucky,XL,Yellow,Fall,4.0,False,Standard,False,False,1,Credit Card,Fortnightly,14,26.071428571428573,886.43,1,False,68,0,False,False,4.0,False,41.9,Silver,Entry-Point Category
3724,26,Female,Sandals,Footwear,30,Rhode Island,M,Beige,Spring,3.6,False,Free Shipping,False,False,1,Debit Card,Monthly,30,12.166666666666666,365.0,1,False,60,0,False,False,3.6,False,29.9,Bronze,Entry-Point Category
3725,30,Female,Gloves,Accessories,71,Colorado,L,Green,Winter,3.1,False,Express,False,False,18,Bank Transfer,Annually,365,1.0,71.0,18,False,1349,0,False,True,3.1,False,19.8,Bronze,Retention Category
3726,18,Female,Dress,Clothing,100,Oklahoma,S,Turquoise,Winter,4.4,False,Next Day Air,False,False,2,PayPal,Annually,365,1.0,100.0,2,False,300,0,False,True,4.4,False,24.5,Bronze,Entry-Point Category
3727,47,Female,Belt,Accessories,85,Idaho,XL,Orange,Fall,4.3,False,Next Day Air,False,False,36,Debit Card,Every 3 Months,90,4.055555555555555,344.72,36,False,3145,0,False,True,4.3,False,55.9,Gold,Retention Category
3728,41,Female,Socks,Clothing,83,Maine,M,Gold,Summer,3.5,False,Next Day Air,False,False,17,Debit Card,Bi-Weekly,14,26.071428571428573,2163.93,17,False,1494,0,False,True,3.5,False,59.7,Gold,Entry-Point Category
3729,62,Female,Jacket,Outerwear,31,Vermont,L,Red,Winter,3.0,False,Standard,False,False,1,Debit Card,Annually,365,1.0,31.0,1,False,62,0,False,False,3.0,False,5.3,Bronze,Entry-Point Category
3730,28,Female,Boots,Footwear,82,Rhode Island,M,Teal,Spring,4.7,False,2-Day Shipping,False,False,50,Cash,Quarterly,90,4.055555555555555,332.56,50,True,4182,0,False,True,4.7,False,66.7,Gold,Entry-Point Category
3731,46,Female,Shirt,Clothing,79,Florida,M,Teal,Summer,2.5,False,2-Day Shipping,False,False,3,Credit Card,Bi-Weekly,14,26.071428571428573,2059.64,3,False,316,0,False,True,2.5,True,42.7,Silver,Entry-Point Category
3732,54,Female,Hat,Accessories,62,West Virginia,M,Lavender,Spring,3.1,False,2-Day Shipping,False,False,45,PayPal,Quarterly,90,4.055555555555555,251.44,45,True,2852,0,False,True,3.1,False,46.3,Silver,Retention Category
3733,36,Female,Shoes,Footwear,92,Indiana,L,Pink,Spring,3.3,False,Free Shipping,False,False,28,PayPal,Annually,365,1.0,92.0,28,False,2668,0,False,True,3.3,False,29.8,Bronze,Entry-Point Category
3734,25,Female,Socks,Clothing,58,Illinois,M,Maroon,Fall,4.7,False,Next Day Air,False,False,6,Debit Card,Every 3 Months,90,4.055555555555555,235.22,6,False,406,0,False,False,4.7,False,35.5,Silver,Entry-Point Category
3735,38,Female,Hoodie,Clothing,88,California,M,Beige,Spring,3.4,False,Next Day Air,False,False,33,Debit Card,Every 3 Months,90,4.055555555555555,356.89,33,False,2992,0,False,True,3.4,False,47.3,Silver,Entry-Point Category
3736,38,Female,Sandals,Footwear,44,Massachusetts,L,Orange,Spring,3.1,False,2-Day Shipping,False,False,29,PayPal,Annually,365,1.0,44.0,29,False,1320,0,False,False,3.1,False,24.2,Bronze,Entry-Point Category
3737,42,Female,Jeans,Clothing,56,Idaho,M,Red,Spring,4.6,False,Store Pickup,False,False,2,PayPal,Every 3 Months,90,4.055555555555555,227.11,2,False,168,0,False,False,4.6,False,31.6,Silver,Entry-Point Category
3738,19,Female,Jewelry,Accessories,23,Kentucky,S,Maroon,Winter,4.9,False,Free Shipping,False,False,43,PayPal,Bi-Weekly,14,26.071428571428573,599.64,43,True,1012,0,False,False,4.9,False,70.2,Gold,Retention Category
3739,34,Female,Shorts,Clothing,45,Delaware,M,Brown,Spring,2.7,False,Free Shipping,False,False,48,Cash,Fortnightly,14,26.071428571428573,1173.21,48,True,2205,0,False,False,2.7,False,63.8,Gold,Entry-Point Category
3740,38,Female,Sunglasses,Accessories,31,Idaho,M,Olive,Fall,4.2,False,Free Shipping,False,False,43,Credit Card,Weekly,7,52.142857142857146,1616.43,43,True,1364,0,False,False,4.2,False,76.6,Gold,Retention Category
3741,42,Female,Pants,Clothing,96,Virginia,M,Silver,Summer,2.6,False,Store Pickup,False,False,26,Debit Card,Bi-Weekly,14,26.071428571428573,2502.86,26,False,2592,0,False,True,2.6,False,61.1,Gold,Entry-Point Category
3742,58,Female,Shirt,Clothing,96,Arizona,M,Purple,Spring,3.2,False,2-Day Shipping,False,False,26,Debit Card,Bi-Weekly,14,26.071428571428573,2502.86,26,False,2592,0,False,True,3.2,False,65.9,Gold,Entry-Point Category
3743,56,Female,Shirt,Clothing,80,Maryland,M,Gray,Fall,4.4,False,Standard,False,False,50,Credit Card,Bi-Weekly,14,26.071428571428573,2085.71,50,True,4080,0,False,True,4.4,False,86.3,Platinum,Entry-Point Category
3744,62,Female,Pants,Clothing,28,Idaho,L,Cyan,Fall,3.6,False,Free Shipping,False,False,36,Debit Card,Quarterly,90,4.055555555555555,113.56,36,False,1036,0,False,False,3.6,False,39.2,Silver,Entry-Point Category
3745,24,Female,Hoodie,Clothing,51,New Jersey,M,Gray,Summer,2.7,False,Next Day Air,False,False,26,Bank Transfer,Fortnightly,14,26.071428571428573,1329.64,26,False,1377,0,False,False,2.7,False,52.0,Silver,Entry-Point Category
3746,60,Female,Socks,Clothing,41,Washington,L,Gold,Spring,4.3,False,Express,False,False,2,Debit Card,Monthly,30,12.166666666666666,498.83,2,False,123,0,False,False,4.3,False,39.4,Silver,Entry-Point Category
3747,53,Female,Coat,Outerwear,99,Idaho,XL,Cyan,Summer,2.6,False,Next Day Air,False,False,49,PayPal,Monthly,30,12.166666666666666,1204.5,49,True,4950,0,False,True,2.6,False,63.9,Gold,Entry-Point Category
3748,26,Female,Sweater,Clothing,53,Rhode Island,L,Olive,Spring,4.3,False,Store Pickup,False,False,32,Bank Transfer,Bi-Weekly,14,26.071428571428573,1381.79,32,False,1749,0,False,False,4.3,False,69.2,Gold,Entry-Point Category
3749,34,Female,Backpack,Accessories,25,Delaware,M,Violet,Fall,3.9,False,2-Day Shipping,False,False,3,Venmo,Annually,365,1.0,25.0,3,False,100,0,False,False,3.9,False,13.2,Bronze,Retention Category
3750,24,Female,Blouse,Clothing,95,Alaska,L,Yellow,Winter,2.9,False,2-Day Shipping,False,False,38,Venmo,Every 3 Months,90,4.055555555555555,385.28,38,True,3705,0,False,True,2.9,False,47.6,Silver,Entry-Point Category
3751,42,Female,Hoodie,Clothing,88,Arizona,M,Gold,Fall,3.1,False,Free Shipping,False,False,5,PayPal,Monthly,30,12.166666666666666,1070.67,5,False,528,0,False,True,3.1,False,39.8,Silver,Entry-Point Category
3752,36,Female,Jewelry,Accessories,97,Alabama,S,Silver,Fall,4.2,False,Free Shipping,False,False,8,Credit Card,Every 3 Months,90,4.055555555555555,393.39,8,False,873,0,False,True,4.2,False,40.9,Silver,Retention Category
3753,24,Female,Coat,Outerwear,81,Washington,L,Pink,Winter,4.1,False,2-Day Shipping,False,False,43,Venmo,Weekly,7,52.142857142857146,4223.57,43,True,3564,0,False,True,4.1,False,86.9,Platinum,Entry-Point Category
3754,39,Female,Sunglasses,Accessories,26,Louisiana,S,Turquoise,Winter,4.2,False,Next Day Air,False,False,22,Bank Transfer,Fortnightly,14,26.071428571428573,677.86,22,False,598,0,False,False,4.2,False,53.4,Silver,Retention Category
3755,46,Female,Shoes,Footwear,41,Nebraska,M,Turquoise,Summer,4.4,False,Express,False,False,10,Cash,Every 3 Months,90,4.055555555555555,166.28,10,False,451,0,False,False,4.4,False,32.6,Silver,Entry-Point Category
3756,64,Female,Skirt,Clothing,93,Pennsylvania,M,Peach,Fall,3.4,False,Free Shipping,False,False,26,Credit Card,Monthly,30,12.166666666666666,1131.5,26,False,2511,0,False,True,3.4,False,55.4,Gold,Entry-Point Category
3757,64,Female,Skirt,Clothing,69,South Carolina,L,Teal,Spring,4.8,False,Express,False,False,42,Debit Card,Bi-Weekly,14,26.071428571428573,1798.93,42,True,2967,0,False,True,4.8,False,82.5,Platinum,Entry-Point Category
3758,61,Female,Skirt,Clothing,44,California,L,Red,Fall,4.5,False,2-Day Shipping,False,False,33,Cash,Weekly,7,52.142857142857146,2294.29,33,False,1496,0,False,False,4.5,False,78.9,Gold,Entry-Point Category
3759,61,Female,Sandals,Footwear,54,Indiana,S,Black,Spring,2.7,False,Store Pickup,False,False,23,Bank Transfer,Quarterly,90,4.055555555555555,219.0,23,False,1296,0,False,False,2.7,False,28.6,Bronze,Entry-Point Category
3760,44,Female,Sneakers,Footwear,61,Missouri,M,Pink,Spring,3.5,False,Store Pickup,False,False,30,Venmo,Quarterly,90,4.055555555555555,247.39,30,False,1891,0,False,True,3.5,False,40.6,Silver,Entry-Point Category
3761,65,Female,Socks,Clothing,80,Connecticut,M,Peach,Fall,3.1,False,Next Day Air,False,False,36,PayPal,Weekly,7,52.142857142857146,4171.43,36,False,2960,0,False,True,3.1,False,74.4,Gold,Entry-Point Category
3762,60,Female,Backpack,Accessories,30,Nevada,M,Green,Summer,2.8,False,Next Day Air,False,False,3,Venmo,Every 3 Months,90,4.055555555555555,121.67,3,False,120,0,False,False,2.8,False,13.2,Bronze,Retention Category
3763,65,Female,Shorts,Clothing,94,New York,L,Green,Fall,2.9,False,Store Pickup,False,False,13,PayPal,Annually,365,1.0,94.0,13,False,1316,0,False,True,2.9,False,18.0,Bronze,Entry-Point Category
3764,27,Female,Shirt,Clothing,24,Oklahoma,XL,Red,Winter,4.5,False,Standard,False,False,38,Cash,Every 3 Months,90,4.055555555555555,97.33,38,True,936,0,False,False,4.5,False,46.6,Silver,Entry-Point Category
3765,36,Female,Socks,Clothing,21,South Dakota,M,Maroon,Fall,3.5,False,Next Day Air,False,False,19,Venmo,Monthly,30,12.166666666666666,255.5,19,False,420,0,False,False,3.5,False,34.2,Silver,Entry-Point Category
3766,22,Female,Jewelry,Accessories,52,Missouri,M,Green,Summer,4.3,False,Standard,False,False,14,Bank Transfer,Bi-Weekly,14,26.071428571428573,1355.71,14,False,780,0,False,False,4.3,False,58.0,Gold,Retention Category
3767,62,Female,Handbag,Accessories,59,Texas,M,Black,Fall,4.9,False,Next Day Air,False,False,43,Debit Card,Annually,365,1.0,59.0,43,True,2596,0,False,False,4.9,False,48.4,Silver,Retention Category
3768,59,Female,Shorts,Clothing,51,New York,XL,Black,Summer,3.1,False,Free Shipping,False,False,10,Bank Transfer,Fortnightly,14,26.071428571428573,1329.64,10,False,561,0,False,False,3.1,False,45.5,Silver,Entry-Point Category
3769,50,Female,Sweater,Clothing,35,Vermont,M,Yellow,Winter,4.0,False,Free Shipping,False,False,34,Bank Transfer,Quarterly,90,4.055555555555555,141.94,34,False,1225,0,False,False,4.0,False,42.8,Silver,Entry-Point Category
3770,51,Female,Gloves,Accessories,87,Arizona,L,Green,Summer,3.6,False,Standard,False,False,31,Venmo,Annually,365,1.0,87.0,31,False,2784,0,False,True,3.6,False,33.6,Silver,Retention Category
3771,23,Female,Pants,Clothing,42,Montana,L,Black,Summer,4.0,False,Store Pickup,False,False,34,Bank Transfer,Weekly,7,52.142857142857146,2190.0,34,False,1470,0,False,False,4.0,False,74.6,Gold,Entry-Point Category
3772,21,Female,T-shirt,Clothing,86,Oklahoma,M,Red,Winter,2.6,False,Express,False,False,28,Venmo,Bi-Weekly,14,26.071428571428573,2242.14,28,False,2494,0,False,True,2.6,False,60.0,Gold,Entry-Point Category
3773,44,Female,Pants,Clothing,26,New Hampshire,L,Yellow,Fall,3.1,False,Next Day Air,False,False,35,Cash,Annually,365,1.0,26.0,35,False,936,0,False,False,3.1,False,26.2,Bronze,Entry-Point Category
3774,25,Female,Sweater,Clothing,60,Wisconsin,M,Violet,Summer,3.5,False,Store Pickup,False,False,41,Cash,Quarterly,90,4.055555555555555,243.33,41,True,2520,0,False,True,3.5,False,47.0,Silver,Entry-Point Category
3775,57,Female,Gloves,Accessories,83,Alaska,S,Cyan,Winter,3.9,False,Standard,False,False,48,PayPal,Fortnightly,14,26.071428571428573,2163.93,48,True,4067,0,False,True,3.9,False,81.7,Platinum,Retention Category
3776,41,Female,Belt,Accessories,63,South Dakota,S,Pink,Spring,2.7,False,2-Day Shipping,False,False,45,Cash,Quarterly,90,4.055555555555555,255.5,45,True,2898,0,False,True,2.7,False,43.4,Silver,Retention Category
3777,19,Female,Sneakers,Footwear,25,Alaska,L,Olive,Spring,4.1,False,Standard,False,False,10,Credit Card,Fortnightly,14,26.071428571428573,651.79,10,False,275,0,False,False,4.1,False,45.0,Silver,Entry-Point Category
3778,43,Female,Shorts,Clothing,65,Utah,M,Maroon,Fall,4.3,False,Express,False,False,9,Cash,Weekly,7,52.142857142857146,3389.29,9,False,650,0,False,True,4.3,False,66.9,Gold,Entry-Point Category
3779,25,Female,Sneakers,Footwear,60,South Dakota,M,Cyan,Fall,2.9,False,Free Shipping,False,False,30,Debit Card,Annually,365,1.0,60.0,30,False,1860,0,False,True,2.9,False,24.6,Bronze,Entry-Point Category
3780,60,Female,Jeans,Clothing,75,California,XL,Lavender,Spring,4.0,False,Express,False,False,45,PayPal,Annually,365,1.0,75.0,45,True,3450,0,False,True,4.0,False,43.7,Silver,Entry-Point Category
3781,54,Female,Sneakers,Footwear,57,Mississippi,L,Yellow,Fall,4.1,False,Free Shipping,False,False,41,Venmo,Quarterly,90,4.055555555555555,231.17,41,True,2394,0,False,False,4.1,False,51.3,Silver,Entry-Point Category
3782,52,Female,Boots,Footwear,99,Tennessee,M,Pink,Winter,3.7,False,Standard,False,False,40,PayPal,Fortnightly,14,26.071428571428573,2581.07,40,True,4059,0,False,True,3.7,False,78.9,Gold,Entry-Point Category
3783,40,Female,Jacket,Outerwear,45,Alabama,L,Orange,Spring,2.8,False,Free Shipping,False,False,42,PayPal,Fortnightly,14,26.071428571428573,1173.21,42,True,1935,0,False,False,2.8,False,60.9,Gold,Entry-Point Category
3784,39,Female,Gloves,Accessories,66,Maine,XL,Orange,Summer,3.2,False,Free Shipping,False,False,17,Debit Card,Fortnightly,14,26.071428571428573,1720.71,17,False,1188,0,False,True,3.2,False,53.6,Silver,Retention Category
3785,54,Female,Socks,Clothing,53,Virginia,M,Violet,Winter,4.5,False,Next Day Air,False,False,4,Venmo,Annually,365,1.0,53.0,4,False,265,0,False,False,4.5,False,21.4,Bronze,Entry-Point Category
3786,64,Female,Jeans,Clothing,94,New Hampshire,L,Lavender,Winter,3.8,False,Standard,False,False,6,Cash,Monthly,30,12.166666666666666,1143.67,6,False,658,0,False,True,3.8,False,46.9,Silver,Entry-Point Category
3787,31,Female,Boots,Footwear,47,Tennessee,L,Yellow,Fall,3.6,False,2-Day Shipping,False,False,22,Venmo,Weekly,7,52.142857142857146,2450.71,22,False,1081,0,False,False,3.6,False,66.3,Gold,Entry-Point Category
3788,37,Female,Blouse,Clothing,80,New York,M,Pink,Fall,3.6,False,2-Day Shipping,False,False,46,PayPal,Every 3 Months,90,4.055555555555555,324.44,46,True,3760,0,False,True,3.6,False,54.8,Silver,Entry-Point Category
3789,43,Female,Hat,Accessories,65,Kansas,XL,Teal,Spring,3.2,False,Next Day Air,False,False,27,Debit Card,Monthly,30,12.166666666666666,790.83,27,False,1820,0,False,True,3.2,False,49.8,Silver,Retention Category
3790,56,Female,Shirt,Clothing,75,North Dakota,M,Magenta,Summer,3.8,False,Express,False,False,18,Bank Transfer,Every 3 Months,90,4.055555555555555,304.17,18,False,1425,0,False,True,3.8,False,38.5,Silver,Entry-Point Category
3791,27,Female,Handbag,Accessories,45,Alaska,XL,Beige,Summer,4.4,False,Standard,False,False,31,Credit Card,Weekly,7,52.142857142857146,2346.43,31,False,1440,0,False,False,4.4,False,77.3,Gold,Retention Category
3792,40,Female,Sunglasses,Accessories,51,Texas,M,Gray,Spring,3.7,False,Store Pickup,False,False,1,Venmo,Weekly,7,52.142857142857146,2659.29,1,False,102,0,False,False,3.7,False,55.8,Gold,Retention Category
3793,43,Female,Scarf,Accessories,58,Massachusetts,S,Turquoise,Summer,2.6,False,Express,False,False,2,PayPal,Fortnightly,14,26.071428571428573,1512.14,2,False,174,0,False,False,2.6,False,38.2,Silver,Retention Category
3794,62,Female,Sunglasses,Accessories,20,Delaware,M,Pink,Fall,4.0,False,Standard,False,False,46,Bank Transfer,Annually,365,1.0,20.0,46,True,940,0,False,False,4.0,False,39.4,Silver,Retention Category
3795,44,Female,Scarf,Accessories,82,South Dakota,M,Violet,Summer,3.6,False,2-Day Shipping,False,False,27,Venmo,Weekly,7,52.142857142857146,4275.71,27,False,2296,0,False,True,3.6,False,73.2,Gold,Retention Category
3796,45,Female,Gloves,Accessories,92,Arkansas,M,Charcoal,Spring,2.5,False,Express,False,False,3,Cash,Weekly,7,52.142857142857146,4797.14,3,False,368,0,False,True,2.5,True,51.1,Silver,Retention Category
3797,40,Female,Shorts,Clothing,81,Utah,M,Lavender,Fall,3.2,False,Free Shipping,False,False,47,Bank Transfer,Quarterly,90,4.055555555555555,328.5,47,True,3888,0,False,True,3.2,False,52.5,Silver,Entry-Point Category
3798,68,Female,Sunglasses,Accessories,44,California,M,Gray,Summer,2.5,False,Next Day Air,False,False,20,Cash,Quarterly,90,4.055555555555555,178.44,20,False,924,0,False,False,2.5,True,24.0,Bronze,Retention Category
3799,63,Female,Jewelry,Accessories,72,Rhode Island,S,Brown,Winter,3.2,False,Next Day Air,False,False,23,Credit Card,Annually,365,1.0,72.0,23,False,1728,0,False,True,3.2,False,23.8,Bronze,Retention Category
3800,60,Female,Jacket,Outerwear,26,Oklahoma,L,Violet,Winter,2.6,False,Store Pickup,False,False,13,Credit Card,Monthly,30,12.166666666666666,316.33,13,False,364,0,False,False,2.6,False,26.8,Bronze,Entry-Point Category
3801,19,Female,Sweater,Clothing,26,Vermont,M,Turquoise,Fall,4.8,False,Next Day Air,False,False,12,Venmo,Bi-Weekly,14,26.071428571428573,677.86,12,False,338,0,False,False,4.8,False,52.1,Silver,Entry-Point Category
3802,26,Female,Blouse,Clothing,84,Kentucky,M,Peach,Spring,5.0,False,Store Pickup,False,False,36,PayPal,Fortnightly,14,26.071428571428573,2190.0,36,False,3108,0,False,True,5.0,False,83.4,Platinum,Entry-Point Category
3803,70,Female,Scarf,Accessories,72,Illinois,S,Turquoise,Spring,3.2,False,2-Day Shipping,False,False,1,Bank Transfer,Monthly,30,12.166666666666666,876.0,1,False,144,0,False,True,3.2,False,35.2,Silver,Retention Category
3804,48,Female,Handbag,Accessories,55,Connecticut,M,Violet,Spring,3.6,False,Standard,False,False,14,Debit Card,Weekly,7,52.142857142857146,2867.86,14,False,825,0,False,False,3.6,False,63.2,Gold,Retention Category
3805,37,Female,Hat,Accessories,77,Florida,M,Olive,Fall,2.7,False,2-Day Shipping,False,False,45,Cash,Annually,365,1.0,77.0,45,True,3542,0,False,True,2.7,False,33.3,Silver,Retention Category
3806,48,Female,Scarf,Accessories,57,New Jersey,M,Green,Fall,3.1,False,Standard,False,False,31,Credit Card,Quarterly,90,4.055555555555555,231.17,31,False,1824,0,False,False,3.1,False,37.2,Silver,Retention Category
3807,18,Female,Boots,Footwear,71,Missouri,M,Teal,Spring,3.0,False,Standard,False,False,41,PayPal,Weekly,7,52.142857142857146,3702.14,41,True,2982,0,False,True,3.0,False,75.9,Gold,Entry-Point Category
3808,38,Female,Blouse,Clothing,39,Michigan,L,Peach,Spring,2.9,False,Next Day Air,False,False,36,PayPal,Annually,365,1.0,39.0,36,False,1443,0,False,False,2.9,False,26.4,Bronze,Entry-Point Category
3809,33,Female,Socks,Clothing,28,Washington,M,Pink,Winter,4.7,False,Express,False,False,6,Debit Card,Bi-Weekly,14,26.071428571428573,730.0,6,False,196,0,False,False,4.7,False,48.7,Silver,Entry-Point Category
3810,57,Female,Shoes,Footwear,33,New York,S,Maroon,Winter,3.7,False,Standard,False,False,28,Credit Card,Annually,365,1.0,33.0,28,False,957,0,False,False,3.7,False,27.4,Bronze,Entry-Point Category
3811,46,Female,Skirt,Clothing,79,Wisconsin,L,Peach,Fall,3.9,False,Free Shipping,False,False,29,Venmo,Monthly,30,12.166666666666666,961.17,29,False,2370,0,False,True,3.9,False,59.0,Gold,Entry-Point Category
3812,46,Female,Belt,Accessories,30,Idaho,M,Maroon,Winter,4.0,False,Standard,False,False,14,Cash,Monthly,30,12.166666666666666,365.0,14,False,450,0,False,False,4.0,False,41.1,Silver,Retention Category
3813,50,Female,Skirt,Clothing,75,Michigan,M,Pink,Spring,2.8,False,Next Day Air,False,False,7,Bank Transfer,Every 3 Months,90,4.055555555555555,304.17,7,False,600,0,False,True,2.8,False,24.2,Bronze,Entry-Point Category
3814,61,Female,Pants,Clothing,89,Georgia,M,Orange,Summer,4.1,False,Express,False,False,31,Venmo,Bi-Weekly,14,26.071428571428573,2320.36,31,False,2848,0,False,True,4.1,False,74.7,Gold,Entry-Point Category
3815,45,Female,Dress,Clothing,95,Michigan,M,Orange,Winter,4.2,False,Free Shipping,False,False,26,Bank Transfer,Every 3 Months,90,4.055555555555555,385.28,26,False,2565,0,False,True,4.2,False,51.1,Silver,Entry-Point Category
3816,32,Female,Hat,Accessories,44,Maine,M,Brown,Fall,4.3,False,Express,False,False,12,Venmo,Fortnightly,14,26.071428571428573,1147.14,12,False,572,0,False,False,4.3,False,54.7,Silver,Retention Category
3817,29,Female,Coat,Outerwear,86,Maryland,S,Silver,Summer,4.3,False,Store Pickup,False,False,45,Credit Card,Fortnightly,14,26.071428571428573,2242.14,45,True,3956,0,False,True,4.3,False,83.8,Platinum,Entry-Point Category
3818,66,Female,Scarf,Accessories,91,Missouri,M,Magenta,Fall,2.6,False,Express,False,False,40,PayPal,Annually,365,1.0,91.0,40,True,3731,0,False,True,2.6,False,31.4,Silver,Retention Category
3819,70,Female,Sneakers,Footwear,41,Oregon,XL,Indigo,Winter,3.8,False,Free Shipping,False,False,42,Cash,Monthly,30,12.166666666666666,498.83,42,True,1763,0,False,False,3.8,False,59.3,Gold,Entry-Point Category
3820,36,Female,Pants,Clothing,99,Arkansas,S,Gold,Spring,2.9,False,Express,False,False,45,Cash,Quarterly,90,4.055555555555555,401.5,45,True,4554,0,False,True,2.9,False,52.7,Silver,Entry-Point Category
3821,34,Female,Belt,Accessories,65,New Hampshire,M,Purple,Winter,5.0,False,Standard,False,False,34,Debit Card,Quarterly,90,4.055555555555555,263.61,34,False,2275,0,False,True,5.0,False,55.9,Gold,Retention Category
3822,20,Female,Sneakers,Footwear,48,Oregon,M,Gold,Summer,4.6,False,Free Shipping,False,False,34,Credit Card,Every 3 Months,90,4.055555555555555,194.67,34,False,1680,0,False,False,4.6,False,50.0,Silver,Entry-Point Category
3823,70,Female,Hat,Accessories,41,Kansas,S,Gold,Spring,3.2,False,Free Shipping,False,False,17,PayPal,Every 3 Months,90,4.055555555555555,166.28,17,False,738,0,False,False,3.2,False,26.9,Bronze,Retention Category
3824,50,Female,Shirt,Clothing,42,California,M,Gold,Summer,3.0,False,Standard,False,False,27,Bank Transfer,Weekly,7,52.142857142857146,2190.0,27,False,1176,0,False,False,3.0,False,62.1,Gold,Entry-Point Category
3825,54,Female,Shorts,Clothing,26,Georgia,M,Olive,Summer,4.0,False,Free Shipping,False,False,31,Credit Card,Quarterly,90,4.055555555555555,105.44,31,False,832,0,False,False,4.0,False,39.2,Silver,Entry-Point Category
3826,49,Female,Shorts,Clothing,35,Hawaii,L,Green,Fall,4.1,False,Express,False,False,47,Debit Card,Fortnightly,14,26.071428571428573,912.5,47,True,1680,0,False,False,4.1,False,70.7,Gold,Entry-Point Category
3827,50,Female,Jacket,Outerwear,31,Montana,M,Gray,Summer,4.0,False,Express,False,False,25,Bank Transfer,Annually,365,1.0,31.0,25,False,806,0,False,False,4.0,False,27.9,Bronze,Entry-Point Category
3828,62,Female,Jewelry,Accessories,73,Montana,M,Red,Summer,4.1,False,Standard,False,False,47,Cash,Fortnightly,14,26.071428571428573,1903.21,47,True,3504,0,False,True,4.1,False,80.8,Platinum,Retention Category
3829,42,Female,Blouse,Clothing,82,Mississippi,M,Charcoal,Spring,3.4,False,Free Shipping,False,False,8,Cash,Weekly,7,52.142857142857146,4275.71,8,False,738,0,False,True,3.4,False,60.3,Gold,Entry-Point Category
3830,69,Female,Pants,Clothing,32,Washington,M,Indigo,Spring,2.9,False,Free Shipping,False,False,32,Debit Card,Fortnightly,14,26.071428571428573,834.29,32,False,1056,0,False,False,2.9,False,51.1,Silver,Entry-Point Category
3831,22,Female,Hat,Accessories,27,Pennsylvania,M,Indigo,Summer,3.0,False,2-Day Shipping,False,False,33,Bank Transfer,Every 3 Months,90,4.055555555555555,109.5,33,False,918,0,False,False,3.0,False,32.5,Silver,Retention Category
3832,36,Female,Backpack,Accessories,86,Nevada,L,Silver,Spring,4.0,False,Next Day Air,False,False,16,Debit Card,Every 3 Months,90,4.055555555555555,348.78,16,False,1462,0,False,True,4.0,False,41.4,Silver,Retention Category
3833,64,Female,Boots,Footwear,38,Kansas,XL,Purple,Winter,4.8,False,2-Day Shipping,False,False,27,Cash,Weekly,7,52.142857142857146,1981.43,27,False,1064,0,False,False,4.8,False,74.9,Gold,Entry-Point Category
3834,44,Female,Jacket,Outerwear,93,Arizona,L,Gray,Summer,4.6,False,Free Shipping,False,False,17,PayPal,Every 3 Months,90,4.055555555555555,377.17,17,False,1674,0,False,True,4.6,False,48.2,Silver,Entry-Point Category
3835,43,Female,Hoodie,Clothing,59,Tennessee,M,Magenta,Winter,4.1,False,2-Day Shipping,False,False,17,Cash,Quarterly,90,4.055555555555555,239.28,17,False,1062,0,False,False,4.1,False,37.2,Silver,Entry-Point Category
3836,58,Female,Sandals,Footwear,58,Pennsylvania,L,Silver,Winter,2.6,False,Express,False,False,28,PayPal,Bi-Weekly,14,26.071428571428573,1512.14,28,False,1682,0,False,False,2.6,False,53.9,Silver,Entry-Point Category
3837,62,Female,Skirt,Clothing,84,Alaska,M,Violet,Spring,2.5,False,Free Shipping,False,False,38,PayPal,Fortnightly,14,26.071428571428573,2190.0,38,True,3276,0,False,True,2.5,True,64.9,Gold,Entry-Point Category
3838,45,Female,Hoodie,Clothing,100,New Mexico,M,Green,Spring,4.8,False,Free Shipping,False,False,33,Bank Transfer,Fortnightly,14,26.071428571428573,2607.14,33,False,3400,0,False,True,4.8,False,84.1,Platinum,Entry-Point Category
3839,47,Female,Dress,Clothing,25,Rhode Island,L,Green,Summer,4.2,False,Express,False,False,24,Venmo,Every 3 Months,90,4.055555555555555,101.39,24,False,625,0,False,False,4.2,False,36.3,Silver,Entry-Point Category
3840,66,Female,Sandals,Footwear,29,Connecticut,M,Peach,Spring,3.9,False,Free Shipping,False,False,14,Venmo,Quarterly,90,4.055555555555555,117.61,14,False,435,0,False,False,3.9,False,28.5,Bronze,Entry-Point Category
3841,30,Female,Jeans,Clothing,42,Idaho,M,Turquoise,Spring,3.7,False,Express,False,False,5,Venmo,Fortnightly,14,26.071428571428573,1095.0,5,False,252,0,False,False,3.7,False,44.8,Silver,Entry-Point Category
3842,68,Female,Jeans,Clothing,57,Mississippi,L,Pink,Fall,4.2,False,2-Day Shipping,False,False,8,Bank Transfer,Monthly,30,12.166666666666666,693.5,8,False,513,0,False,False,4.2,False,45.4,Silver,Entry-Point Category
3843,35,Female,Jacket,Outerwear,84,Colorado,L,Lavender,Winter,4.2,False,Next Day Air,False,False,42,Debit Card,Monthly,30,12.166666666666666,1022.0,42,True,3612,0,False,True,4.2,False,70.2,Gold,Entry-Point Category
3844,64,Female,Hat,Accessories,71,Georgia,L,Silver,Winter,4.0,False,Free Shipping,False,False,48,Venmo,Every 3 Months,90,4.055555555555555,287.94,48,True,3479,0,False,True,4.0,False,57.5,Gold,Retention Category
3845,30,Female,Shorts,Clothing,87,Montana,S,Cyan,Fall,5.0,False,Next Day Air,False,False,40,Venmo,Quarterly,90,4.055555555555555,352.83,40,True,3567,0,False,True,5.0,False,63.8,Gold,Entry-Point Category
3846,58,Female,Sweater,Clothing,52,California,M,Green,Winter,4.9,False,Standard,False,False,46,Venmo,Annually,365,1.0,52.0,46,True,2444,0,False,False,4.9,False,49.5,Silver,Entry-Point Category
3847,57,Female,Blouse,Clothing,58,Pennsylvania,L,Orange,Summer,4.0,False,Express,False,False,40,PayPal,Every 3 Months,90,4.055555555555555,235.22,40,True,2378,0,False,False,4.0,False,50.1,Silver,Entry-Point Category
3848,60,Female,Sweater,Clothing,34,Delaware,S,Blue,Fall,3.2,False,2-Day Shipping,False,False,31,PayPal,Fortnightly,14,26.071428571428573,886.43,31,False,1088,0,False,False,3.2,False,53.5,Silver,Entry-Point Category
3849,22,Female,Jewelry,Accessories,60,New Hampshire,M,Magenta,Winter,3.0,False,Next Day Air,False,False,39,Cash,Every 3 Months,90,4.055555555555555,243.33,39,True,2400,0,False,True,3.0,False,41.7,Silver,Retention Category
3850,46,Female,Hoodie,Clothing,68,Florida,S,Cyan,Winter,2.6,False,Express,False,False,36,PayPal,Fortnightly,14,26.071428571428573,1772.86,36,False,2516,0,False,True,2.6,False,61.0,Gold,Entry-Point Category
3851,27,Female,Jewelry,Accessories,74,Mississippi,L,Indigo,Summer,4.4,False,2-Day Shipping,False,False,25,Debit Card,Every 3 Months,90,4.055555555555555,300.11,25,False,1924,0,False,True,4.4,False,47.7,Silver,Retention Category
3852,50,Female,Scarf,Accessories,83,Montana,M,Pink,Summer,3.9,False,Free Shipping,False,False,24,Debit Card,Annually,365,1.0,83.0,24,False,2075,0,False,True,3.9,False,31.2,Silver,Retention Category
3853,65,Female,Hat,Accessories,79,Mississippi,M,Peach,Fall,4.0,False,2-Day Shipping,False,False,19,PayPal,Weekly,7,52.142857142857146,4119.29,19,False,1580,0,False,True,4.0,False,71.3,Gold,Retention Category
3854,61,Female,Sunglasses,Accessories,76,Tennessee,M,Lavender,Fall,4.0,False,Store Pickup,False,False,49,Debit Card,Bi-Weekly,14,26.071428571428573,1981.43,49,True,3800,0,False,True,4.0,False,81.7,Platinum,Retention Category
3855,57,Female,T-shirt,Clothing,20,Florida,M,Black,Spring,4.2,False,Free Shipping,False,False,4,Venmo,Annually,365,1.0,20.0,4,False,100,0,False,False,4.2,False,16.0,Bronze,Entry-Point Category
3856,40,Female,Shirt,Clothing,61,Illinois,XL,Lavender,Summer,4.4,False,Next Day Air,False,False,36,Cash,Quarterly,90,4.055555555555555,247.39,36,False,2257,0,False,True,4.4,False,51.6,Silver,Entry-Point Category
3857,39,Female,Sandals,Footwear,78,Virginia,S,Brown,Summer,2.5,False,Free Shipping,False,False,8,Debit Card,Quarterly,90,4.055555555555555,316.33,8,False,702,0,False,True,2.5,True,23.3,Bronze,Entry-Point Category
3858,42,Female,Hat,Accessories,21,Texas,S,Yellow,Summer,3.1,False,Store Pickup,False,False,29,Credit Card,Every 3 Months,90,4.055555555555555,85.17,29,False,630,0,False,False,3.1,False,28.0,Bronze,Retention Category
3859,30,Female,T-shirt,Clothing,77,Missouri,M,Olive,Winter,3.5,False,Store Pickup,False,False,26,Credit Card,Quarterly,90,4.055555555555555,312.28,26,False,2079,0,False,True,3.5,False,41.6,Silver,Entry-Point Category
3860,65,Female,Shorts,Clothing,88,Mississippi,S,Blue,Fall,3.0,False,2-Day Shipping,False,False,47,Bank Transfer,Bi-Weekly,14,26.071428571428573,2294.29,47,True,4224,0,False,True,3.0,False,74.8,Gold,Entry-Point Category
3861,57,Female,Sunglasses,Accessories,64,Pennsylvania,M,Turquoise,Summer,4.4,False,Next Day Air,False,False,44,Cash,Annually,365,1.0,64.0,44,True,2880,0,False,True,4.4,False,45.5,Silver,Retention Category
3862,64,Female,Jacket,Outerwear,57,Wyoming,M,Yellow,Spring,4.9,False,Standard,False,False,49,Credit Card,Monthly,30,12.166666666666666,693.5,49,True,2850,0,False,False,4.9,False,75.3,Gold,Entry-Point Category
3863,56,Female,Shirt,Clothing,49,Idaho,L,Turquoise,Winter,2.8,False,Next Day Air,False,False,9,Venmo,Monthly,30,12.166666666666666,596.17,9,False,490,0,False,False,2.8,False,32.7,Silver,Entry-Point Category
3864,40,Female,Scarf,Accessories,35,New Hampshire,M,Orange,Summer,3.3,False,Free Shipping,False,False,28,Cash,Fortnightly,14,26.071428571428573,912.5,28,False,1015,0,False,False,3.3,False,52.7,Silver,Retention Category
3865,55,Female,T-shirt,Clothing,99,Wyoming,S,Blue,Winter,4.9,False,Express,False,False,1,Debit Card,Fortnightly,14,26.071428571428573,2581.07,1,False,198,0,False,True,4.9,False,65.2,Gold,Entry-Point Category
3866,25,Female,Shorts,Clothing,42,Nebraska,M,Olive,Spring,4.2,False,Store Pickup,False,False,28,Cash,Every 3 Months,90,4.055555555555555,170.33,28,False,1218,0,False,False,4.2,False,42.1,Silver,Entry-Point Category
3867,58,Female,Hat,Accessories,32,Alaska,M,Beige,Winter,3.3,False,2-Day Shipping,False,False,33,Credit Card,Fortnightly,14,26.071428571428573,834.29,33,False,1088,0,False,False,3.3,False,54.9,Silver,Retention Category
3868,46,Female,Jacket,Outerwear,21,Maryland,L,Lavender,Summer,2.7,False,Standard,False,False,28,Credit Card,Monthly,30,12.166666666666666,255.5,28,False,609,0,False,False,2.7,False,33.4,Silver,Entry-Point Category
3869,18,Female,Dress,Clothing,29,Maryland,XL,Magenta,Winter,3.3,False,2-Day Shipping,False,False,9,Cash,Annually,365,1.0,29.0,9,False,290,0,False,False,3.3,False,12.3,Bronze,Entry-Point Category
3870,26,Female,Coat,Outerwear,64,Arizona,L,Cyan,Spring,3.8,False,Free Shipping,False,False,28,Bank Transfer,Annually,365,1.0,64.0,28,False,1856,0,False,True,3.8,False,31.0,Silver,Entry-Point Category
3871,61,Female,Sandals,Footwear,46,Ohio,L,Lavender,Fall,3.2,False,Next Day Air,False,False,19,Cash,Every 3 Months,90,4.055555555555555,186.56,19,False,920,0,False,False,3.2,False,29.0,Bronze,Entry-Point Category
3872,55,Female,T-shirt,Clothing,97,Minnesota,M,Black,Fall,4.1,False,2-Day Shipping,False,False,20,Bank Transfer,Every 3 Months,90,4.055555555555555,393.39,20,False,2037,0,False,True,4.1,False,47.0,Silver,Entry-Point Category
3873,41,Female,Jacket,Outerwear,94,New Hampshire,M,Green,Spring,4.3,False,Standard,False,False,3,Cash,Monthly,30,12.166666666666666,1143.67,3,False,376,0,False,True,4.3,False,49.1,Silver,Entry-Point Category
3874,42,Female,Sandals,Footwear,43,Louisiana,L,Silver,Summer,4.0,False,Standard,False,False,22,Credit Card,Weekly,7,52.142857142857146,2242.14,22,False,989,0,False,False,4.0,False,67.7,Gold,Entry-Point Category
3875,70,Female,Sweater,Clothing,54,Nevada,XL,Beige,Summer,3.9,False,2-Day Shipping,False,False,33,Credit Card,Bi-Weekly,14,26.071428571428573,1407.86,33,False,1836,0,False,False,3.9,False,66.7,Gold,Entry-Point Category
3876,63,Female,Hat,Accessories,51,New Hampshire,M,Pink,Winter,3.3,False,2-Day Shipping,False,False,21,Credit Card,Annually,365,1.0,51.0,21,False,1122,0,False,False,3.3,False,21.6,Bronze,Retention Category
3877,60,Female,Shoes,Footwear,85,Wisconsin,S,Cyan,Fall,2.6,False,2-Day Shipping,False,False,7,Cash,Annually,365,1.0,85.0,7,False,680,0,False,True,2.6,False,10.9,Bronze,Entry-Point Category
3878,28,Female,Hoodie,Clothing,96,Nevada,M,Olive,Spring,4.2,False,Next Day Air,False,False,46,Debit Card,Monthly,30,12.166666666666666,1168.0,46,True,4512,0,False,True,4.2,False,74.5,Gold,Entry-Point Category
3879,60,Female,Hat,Accessories,42,South Carolina,M,Pink,Summer,3.4,False,2-Day Shipping,False,False,24,Credit Card,Annually,365,1.0,42.0,24,False,1050,0,False,False,3.4,False,23.4,Bronze,Retention Category
3880,26,Female,Skirt,Clothing,63,Florida,L,Maroon,Winter,4.1,False,Free Shipping,False,False,6,Debit Card,Quarterly,90,4.055555555555555,255.5,6,False,441,0,False,True,4.1,False,31.7,Silver,Entry-Point Category
3881,42,Female,Shirt,Clothing,20,Massachusetts,M,Red,Winter,3.9,False,Free Shipping,False,False,40,PayPal,Monthly,30,12.166666666666666,243.33,40,True,820,0,False,False,3.9,False,49.6,Silver,Entry-Point Category
3882,56,Female,Scarf,Accessories,25,Georgia,L,Silver,Spring,2.8,False,2-Day Shipping,False,False,17,Debit Card,Weekly,7,52.142857142857146,1303.57,17,False,450,0,False,False,2.8,False,46.9,Silver,Retention Category
3883,35,Female,Pants,Clothing,95,North Dakota,L,Blue,Fall,2.6,False,Free Shipping,False,False,24,Cash,Fortnightly,14,26.071428571428573,2476.79,24,False,2375,0,False,True,2.6,False,59.7,Gold,Entry-Point Category
3884,34,Female,Hat,Accessories,38,North Dakota,XL,Purple,Fall,4.0,False,Next Day Air,False,False,22,Cash,Fortnightly,14,26.071428571428573,990.71,22,False,874,0,False,False,4.0,False,56.2,Gold,Retention Category
3885,47,Female,Sandals,Footwear,29,Maryland,M,Brown,Fall,4.9,False,Express,False,False,3,PayPal,Weekly,7,52.142857142857146,1512.14,3,False,116,0,False,False,4.9,False,57.3,Gold,Entry-Point Category
3886,49,Female,Socks,Clothing,64,New Mexico,L,Purple,Winter,3.2,False,Free Shipping,False,False,39,Cash,Quarterly,90,4.055555555555555,259.56,39,True,2560,0,False,True,3.2,False,44.2,Silver,Entry-Point Category
3887,37,Female,Jewelry,Accessories,92,Iowa,S,Brown,Summer,3.9,False,Express,False,False,40,Debit Card,Quarterly,90,4.055555555555555,373.11,40,True,3772,0,False,True,3.9,False,56.3,Gold,Retention Category
3888,40,Female,Shirt,Clothing,34,Kansas,M,Charcoal,Spring,2.7,False,Express,False,False,1,Credit Card,Quarterly,90,4.055555555555555,137.89,1,False,68,0,False,False,2.7,False,12.0,Bronze,Entry-Point Category
3889,45,Female,Sneakers,Footwear,69,Virginia,M,Violet,Spring,3.4,False,Standard,False,False,14,Venmo,Bi-Weekly,14,26.071428571428573,1798.93,14,False,1035,0,False,True,3.4,False,54.4,Silver,Entry-Point Category
3890,57,Female,Dress,Clothing,65,Alaska,S,Yellow,Spring,3.5,False,Express,False,False,49,Bank Transfer,Annually,365,1.0,65.0,49,True,3250,0,False,True,3.5,False,41.3,Silver,Entry-Point Category
3891,35,Female,Shirt,Clothing,81,Nebraska,XL,Green,Winter,2.6,False,Standard,False,False,33,Debit Card,Annually,365,1.0,81.0,33,False,2754,0,False,True,2.6,False,25.9,Bronze,Entry-Point Category
3892,36,Female,Dress,Clothing,30,Colorado,L,Peach,Winter,4.7,False,Free Shipping,False,False,6,Bank Transfer,Quarterly,90,4.055555555555555,121.67,6,False,210,0,False,False,4.7,False,30.7,Silver,Entry-Point Category
3893,35,Female,Jewelry,Accessories,86,Michigan,L,Indigo,Summer,3.5,False,Standard,False,False,5,PayPal,Fortnightly,14,26.071428571428573,2242.14,5,False,516,0,False,True,3.5,False,53.5,Silver,Retention Category
3894,21,Female,Hat,Accessories,64,Massachusetts,L,White,Fall,3.3,False,Store Pickup,False,False,29,Bank Transfer,Bi-Weekly,14,26.071428571428573,1668.57,29,False,1920,0,False,True,3.3,False,61.2,Gold,Retention Category
3895,66,Female,Skirt,Clothing,78,Connecticut,L,White,Spring,3.9,False,2-Day Shipping,False,False,44,Credit Card,Every 3 Months,90,4.055555555555555,316.33,44,True,3510,0,False,True,3.9,False,55.7,Gold,Entry-Point Category
3896,40,Female,Hoodie,Clothing,28,Virginia,L,Turquoise,Summer,4.2,False,2-Day Shipping,False,False,32,Venmo,Weekly,7,52.142857142857146,1460.0,32,False,924,0,False,False,4.2,False,69.0,Gold,Entry-Point Category
3897,52,Female,Backpack,Accessories,49,Iowa,L,White,Spring,4.5,False,Store Pickup,False,False,41,Bank Transfer,Bi-Weekly,14,26.071428571428573,1277.5,41,True,2058,0,False,False,4.5,False,75.1,Gold,Retention Category
3898,46,Female,Belt,Accessories,33,New Jersey,L,Green,Spring,2.9,False,Standard,False,False,24,Venmo,Quarterly,90,4.055555555555555,133.83,24,False,825,0,False,False,2.9,False,27.2,Bronze,Retention Category
3899,44,Female,Shoes,Footwear,77,Minnesota,S,Brown,Summer,3.8,False,Express,False,False,24,Venmo,Weekly,7,52.142857142857146,4015.0,24,False,1925,0,False,True,3.8,False,72.5,Gold,Entry-Point Category
3900,52,Female,Handbag,Accessories,81,California,M,Beige,Spring,3.1,False,Store Pickup,False,False,33,Venmo,Quarterly,90,4.055555555555555,328.5,33,False,2754,0,False,True,3.1,False,43.5,Silver,Retention Category
